{
  "timestamp": "2025-07-14T06:59:59.954204",
  "privacy_tests": {
    "0.1": {
      "mse": 192.02669467273574,
      "std_noise": 13.845396500037008,
      "privacy_budget": 0.1
    },
    "0.5": {
      "mse": 7.486484451285307,
      "std_noise": 2.736008147485808,
      "privacy_budget": 0.5
    },
    "1.0": {
      "mse": 1.9259091521600529,
      "std_noise": 1.3877681583666788,
      "privacy_budget": 1.0
    },
    "2.0": {
      "mse": 0.49199568426029644,
      "std_noise": 0.7013299260934486,
      "privacy_budget": 2.0
    },
    "5.0": {
      "mse": 0.0779792849682285,
      "std_noise": 0.27924757272186584,
      "privacy_budget": 5.0
    }
  },
  "byzantine_tests": {
    "detected_byzantine": [],
    "expected_byzantine": [
      3,
      4
    ],
    "aggregated_weights": {
      "feature_importances": [
        -0.10493269699289727,
        0.1177110323396769,
        0.15856966244755163,
        0.23915911133241752,
        0.036626292547053185,
        -0.09740053810327425,
        -0.051168234787683876,
        -0.28719891019693156,
        0.06298370721158153,
        0.010344767579498537
      ]
    }
  },
  "algorithm_benchmarks": {
    "random_forest": {
      "accuracy": 1.0,
      "training_time": 0.6387741565704346,
      "weights_generated": true,
      "prediction_count": 5000
    },
    "neural_network": {
      "accuracy": 1.0,
      "training_time": 7.818858861923218,
      "weights_generated": true,
      "prediction_count": 5000
    },
    "svm": {
      "accuracy": 1.0,
      "training_time": 1.2356934547424316,
      "weights_generated": true,
      "prediction_count": 5000
    },
    "isolation_forest": {
      "accuracy": 0.9,
      "training_time": 0.32050085067749023,
      "weights_generated": true,
      "prediction_count": 5000
    }
  }
}