{
  "timestamp": "2025-07-14T07:17:25.505685",
  "privacy_tests": {
    "0.1": {
      "mse": 182.33399469011144,
      "std_noise": 13.503106001714874,
      "privacy_budget": 0.1
    },
    "0.5": {
      "mse": 8.625249090520036,
      "std_noise": 2.9362367077152243,
      "privacy_budget": 0.5
    },
    "1.0": {
      "mse": 2.0421630273604805,
      "std_noise": 1.429025337221214,
      "privacy_budget": 1.0
    },
    "2.0": {
      "mse": 0.47370832709597455,
      "std_noise": 0.6880403749093951,
      "privacy_budget": 2.0
    },
    "5.0": {
      "mse": 0.08390818382480711,
      "std_noise": 0.28964878718737647,
      "privacy_budget": 5.0
    }
  },
  "byzantine_tests": {
    "detected_byzantine": [],
    "expected_byzantine": [
      3,
      4
    ],
    "aggregated_weights": {
      "feature_importances": [
        -0.07961204994354192,
        -0.0269995075048242,
        0.010287615846082213,
        0.21259223279681413,
        -0.22982417800746505,
        -0.18477650444678137,
        -0.10442550791524334,
        -0.08934258427815789,
        -0.013279721208180773,
        -0.290990055143749
      ]
    }
  },
  "algorithm_benchmarks": {
    "random_forest": {
      "accuracy": 1.0,
      "training_time": 0.35635924339294434,
      "weights_generated": true,
      "prediction_count": 5000
    },
    "neural_network": {
      "accuracy": 1.0,
      "training_time": 5.275954246520996,
      "weights_generated": true,
      "prediction_count": 5000
    },
    "svm": {
      "accuracy": 1.0,
      "training_time": 0.5305352210998535,
      "weights_generated": true,
      "prediction_count": 5000
    },
    "isolation_forest": {
      "accuracy": 0.9,
      "training_time": 0.13844752311706543,
      "weights_generated": true,
      "prediction_count": 5000
    }
  }
}