flow_duration,total_fwd_packets,total_backward_packets,total_length_fwd_packets,total_length_bwd_packets,fwd_packet_length_max,fwd_packet_length_min,fwd_packet_length_mean,bwd_packet_length_max,bwd_packet_length_min,flow_bytes_s,flow_packets_s,label
204.90691711102053,54,17,1696.7247987191415,912.5589826569992,135.1319296551051,24.01935153100192,227.7757229512966,531.9413697605006,27.847419373194423,2608.525523768801,27.64378788383474,BENIGN
414.3655919220013,63,27,630.9435758318157,1878.9864951924428,329.2072236611794,60.483882991781215,338.73783211213737,360.1481512255367,35.89100185055733,9483.920152011986,42.32056200795508,BENIGN
1068.305038915304,54,30,969.4110783307152,51.41236481424618,283.0172235392475,46.0498129379136,304.3892515338944,37.52876026988266,37.0394558329588,22686.932720506116,54.91580418260803,BENIGN
1991.7788752652125,47,30,2336.042517442942,1220.470955357179,309.25624316181285,27.424747249687474,167.36003615537533,502.0916956009533,13.51836228249946,1822.5755826439624,2.052870383128319,BENIGN
2069.0841132375435,48,34,1033.0752495014897,317.8509076222372,299.4776602647978,116.3722722896628,307.1400788685162,270.5624596570148,3.6861565366665623,3418.7165546545552,24.82415314879703,BENIGN
719.2339863118927,52,26,66.3087965632579,1472.147418126193,89.35596652812882,56.729277839956495,290.68021870791017,493.3005407201463,26.933318578321828,3251.513377088029,122.2814532270336,BENIGN
489.91661196656366,44,28,634.8263305863456,301.54560551371225,553.3641524954222,10.746758216735302,225.9531634330635,161.97368728792748,18.73284949037925,1400.1444150170687,54.71396096419126,BENIGN
222.16312570607096,45,23,2035.9181215831777,223.524146290558,101.93219714565724,11.340523303516983,206.79356925793664,107.23001851111108,31.42720807636323,11586.88577706185,84.97041622700317,BENIGN
128.27389897000617,56,34,1121.4219198996673,503.5187919991422,413.55940939314274,63.42694619533299,216.89774828998105,86.15870922792837,20.17464382741937,12300.45886123993,28.38805509374149,BENIGN
733.4983454295815,50,37,592.252096833754,199.20316220107065,1060.2623109854655,74.04054375067696,327.07576509810826,257.07641262742555,12.486117923787544,9295.307742461771,137.51144273868394,BENIGN
184.95517777572175,51,37,146.0121199299874,386.6389698411932,77.81884587660535,39.87414230064682,239.18183625060144,588.9772319075987,2.2125999391453,1134.4518648769963,33.471357244749896,BENIGN
144.5360273752324,52,29,2156.566245694818,120.82773363745603,318.33992179601245,97.61781592062376,259.198279142777,115.7946060521439,9.15824772688889,21952.5552949436,71.86604122007655,BENIGN
1718.673486256617,36,20,91.69878534719643,631.2580312986718,197.48009837730615,66.83888048656948,335.9629249624327,746.6489630746258,36.22535424050216,9311.4581493283,335.1181599075382,BENIGN
1350.03424835367,43,29,42.97920776585445,534.2088803402371,305.9663219781923,42.761329471165936,320.237728716745,358.4439544347816,31.371106939176094,1832.6976957690372,119.07476442619144,BENIGN
113.36133854066338,57,28,1290.2410116385686,1206.8151868776,567.0916457482074,85.65986164909212,334.5055482967246,196.58244763882144,47.6634105324377,2786.5128932669945,43.7763642743798,BENIGN
150.95449812302087,39,23,366.06662438721605,1587.9155131416042,119.747307575825,4.823512166188858,168.02508887689336,1087.9362463865896,24.08178050763837,6460.243514274001,25.31145088356553,BENIGN
97.60250898985603,37,31,1954.4180614861923,473.2320294319041,392.4007022721942,6.876335977719116,333.5118789459667,195.6117322133242,52.87121566918317,4892.165298126784,325.358474086931,BENIGN
400.7986104717142,55,39,481.5777203779844,2346.045570048904,536.8453131104806,31.301092881864445,225.503556600672,269.34779736809014,11.29076379829058,24743.7690289766,66.91631856107945,BENIGN
3307.554979468367,42,33,705.1208377996652,649.4457622679298,30.826796892091863,31.73523790301499,299.7438462186653,135.69785189888174,38.99932170689087,1698.9889548389228,25.44987003852983,BENIGN
87.8782932996094,40,32,848.4216638707933,112.24405377218888,256.403895917104,25.514261860957603,405.1391559723367,383.0597673495139,38.1361847406251,135.9787638734221,37.64261683752554,BENIGN
2399.6764970437134,54,22,842.1091905326685,464.2542150594353,327.1377917581136,77.25391243184713,238.8262930301296,310.0290962153778,76.86206056181425,2621.7381039993325,22.118640592113163,BENIGN
1134.7576366812573,55,29,2469.507526610245,25.555400661445887,107.77215026161922,61.9656117294224,242.13741628361825,390.2888484988014,29.25394825809727,334.00168256605014,5.415881616759855,BENIGN
1626.995805993978,42,29,4016.9049176712415,1338.8576896273617,186.60348868651465,129.9694367210749,405.9468795980112,124.23618097527132,13.551838614114086,398.2288636214304,39.44905454580094,BENIGN
549.4428230199096,45,36,303.53723597199,835.7578683987299,606.4029985839834,212.8509649055636,290.314218174748,418.0306869143497,18.423568614931185,32131.197450821903,58.49747620378438,BENIGN
1140.1477952753687,66,33,2604.34362578294,552.9478199966629,141.61837334755774,38.12874341066764,274.7622708733349,169.59339671810946,23.03097930608365,7798.04482632038,2.468764208361795,BENIGN
491.3006922239073,55,32,4.407555882468025,788.0605821297926,682.3359075030206,22.96394175231661,406.1573591739237,510.93664687414895,14.690432195472138,3034.9634125207613,63.69940169027677,BENIGN
313.56287101083274,37,29,410.4846424807788,674.7422133667139,871.4525996189047,29.60611498428877,208.7801487552726,249.85122179194803,10.114871297351918,27836.70006111948,56.32340049451141,BENIGN
458.41630720702005,51,29,1259.1317039644816,803.8189739512875,271.16913141754566,3.134435123676361,286.0812156053827,448.70560184436255,60.60716494645168,7234.446080296298,89.28564751571434,BENIGN
1431.408480736483,49,26,3051.799446861074,777.0911066922289,1053.1851125528462,126.63954943585873,353.34702921360287,235.3634468617011,9.325217283893922,10813.69767538243,247.8791095963144,BENIGN
2122.8900002467967,43,27,1148.1151703772205,362.3084928280372,567.8301678089093,7.416873732695219,402.3124354257874,92.51025795209196,4.181484007784784,268.05364532546565,126.89846005533464,BENIGN
64.29653002712655,47,35,375.6430273915855,429.7605754537246,133.8235633667565,75.17656520033478,409.9360036641668,25.37361678903084,25.5332294108466,1511.4615591281947,34.82866268115484,BENIGN
1273.528194464486,57,30,1563.802717101339,152.05218121163776,680.7076113820291,7.889863275355309,317.8386872491143,326.131806698465,10.290939317683945,227.8531102005694,34.395043832947366,BENIGN
192.82202863855213,34,27,5007.27154535347,757.9369169670878,592.6516694116525,28.62421827476569,346.760907846946,298.02252581161446,108.24435851410132,484.8475268845295,164.9788900709018,BENIGN
1191.677949688237,51,24,200.4234267075065,841.7026673783034,183.49906811141156,118.15095709357036,210.91849682225444,401.6138366323571,145.52878751545833,348.4178074195321,29.159111927311574,BENIGN
291.5001764766147,57,31,818.2692239846763,32.94577979327003,308.00554950321515,100.75126286556078,125.34382626753772,443.0396490594405,41.80581907249629,3171.568066865907,74.4640045617979,BENIGN
231.20252750453585,52,32,470.6623122426024,232.44652310284067,626.3715597976978,30.16260462788386,308.42683930748734,269.4687626203568,12.245890326697213,3605.6525756741694,131.74418772287166,BENIGN
920.1829951622436,58,27,1338.2088941486638,282.7119480477291,258.70140956668337,22.64439125123541,248.19912269584069,626.8322024276364,23.139423850052896,2403.785109515736,2.818469545341284,BENIGN
80.10379885994509,41,26,6890.24988912647,287.014110801431,604.952551636692,38.53775514596048,415.9215667366952,300.1692258841881,28.985094965965832,12447.68190025444,92.37641597664026,BENIGN
568.8854841195724,52,34,254.55201954687536,11.34331423785715,137.38295417869435,112.89780218096335,125.94319778620402,184.1851435263353,49.806035286353165,10869.67285514181,80.24626091705693,BENIGN
19.3788394664463,64,35,266.9272616780034,1385.2529403555504,1060.086870578721,60.41102256056313,177.24993152213014,337.1839292832141,104.3352423305948,532.8299378496372,98.29318240092094,BENIGN
2320.4846234997667,47,31,950.50853941345,1171.6872483598222,114.76643417088286,25.286633889054016,265.8984703511878,151.5943304081111,68.28560364025824,4094.472509973778,42.18153112697599,BENIGN
1003.8378271376382,49,27,3322.567359961869,1848.121119564002,317.7463902969628,0.0311332190203948,314.520657150052,531.5461452189472,7.043513936299408,2677.5689685629254,109.57948969239604,BENIGN
320.42659245002613,52,30,385.6659577487559,385.4813259991046,420.06341983661633,30.688669314006283,347.2395509516646,265.197826231965,76.15906403547825,8339.50126663806,27.42226784336408,BENIGN
2243.303330536445,49,39,4488.682926268068,1880.4977651088248,221.1845029497922,41.82496910166586,278.7722188676411,299.33920926060927,44.39960662225195,7709.069338970837,80.75414978057397,BENIGN
2740.8499836509827,54,26,168.23170978841156,418.989361413174,556.8736638972036,86.55721621884051,390.4542152978761,229.7603790535277,32.274695571180715,2970.681639125583,12.400682047526228,BENIGN
2557.4693578456263,44,23,457.8024370071042,1108.2321561379968,99.42018906884344,40.95291408364119,270.7430298688302,317.1931436924292,27.499238814226484,24581.5924280858,140.7318418824139,BENIGN
121.9065063412979,48,37,99.29232919999384,60.89008651695963,540.8990005203685,100.38334110747287,317.28049490159026,73.90694012471118,63.21404072165076,401.94848327894897,17.610254334211003,BENIGN
1877.113811032593,48,28,519.9875687976674,117.66675963276592,429.310810543396,33.524082812536534,515.7383806045007,37.44018026892998,9.049412663121574,1330.105040573916,74.56696933160674,BENIGN
954.5307155177176,51,31,1063.5405485340038,71.81926878689029,89.79849124943217,60.24230106497252,279.56382291573846,283.13980489255937,4.896525810676008,8239.273702725626,46.29823573631874,BENIGN
3112.798725004205,50,35,877.9076157203122,1316.7929565819895,564.9759391359912,4.741198862595102,345.9107916495123,27.55227548908317,188.72249335192515,3481.809985921673,102.37563046172042,BENIGN
1764.391319966088,47,33,540.3847730348818,405.8177294351516,153.75252931167776,141.05411372903075,288.97616923314484,451.9842588855569,15.201263905039385,4221.393290279582,8.170590560265484,BENIGN
290.9366218823972,59,25,1126.3301402494033,451.28784629728926,275.8396231807484,15.034570576424128,251.0493317901581,183.77775552184605,12.680375699533746,12612.67531468517,63.599105013008206,BENIGN
3554.1770388615114,59,41,3276.2427867715346,1399.0121717214397,400.1301253264502,4.257359893478414,308.6192291415177,137.61177033922854,33.25214995600123,16282.91615991268,1.0712215357968065,BENIGN
872.2054323249506,52,29,427.0707955487739,710.2099483277383,243.03394060421007,31.17289070041319,241.18954245908213,54.92228902175252,21.23158383811489,12660.447084652127,48.922194002166016,BENIGN
1391.8098878273497,46,43,329.4667661486812,136.22874860834966,229.29918346013056,30.75393881726618,280.3306629536035,487.2545839543236,84.13567837686642,14917.182528593708,5.8012778717681,BENIGN
18.29029331656515,64,23,3488.265193888489,1223.115020958728,619.128244704816,72.11625113626668,261.18900907930924,336.1512513337334,114.91473240345418,629.7011542890218,0.7307839984320839,BENIGN
256.8575680361513,65,36,1056.0067707171163,820.6451827911753,566.590629451914,19.4817383467122,383.73208184586207,71.40009280595496,67.42375532150294,3305.243125220067,207.55343789124984,BENIGN
264.2425309970652,53,28,3433.5522902877115,704.8283099665241,239.5738256208609,67.86518310590058,276.78573666970806,284.0786291006495,75.58032671888213,9698.207933989208,185.7709236535484,BENIGN
2384.867238951257,39,37,5228.677288912775,5595.1612606557765,180.9205174771443,24.076693931805966,340.3707971552927,304.80184348981226,74.47051409315047,305.4711465270781,86.64217407491456,BENIGN
1072.492318465857,42,30,77.853933406293,869.6790349896854,533.6888263661158,97.1951166424742,239.7397037036816,168.2644747226447,11.93222772473283,1770.8812331027923,40.3545227708741,BENIGN
16.333058503340645,44,24,1141.204845733511,895.4122923543343,280.84388753203564,13.632366441819975,242.362345492304,188.68859888839424,12.166566174606425,2877.728459730155,72.92320157843163,BENIGN
3296.6212777676656,65,29,1913.8665649780803,658.3019310923576,72.5212820935445,14.0618507757494,293.63276688187545,407.4596374166797,45.70482612492172,44539.42900332083,171.43540668872126,BENIGN
360.0137248289467,42,22,2499.353242761202,207.41568448999732,256.78509869986334,22.35599303760448,313.0600666348587,192.8175169826866,79.90760508764069,2280.155460443625,208.4720942878137,BENIGN
806.9930187631816,45,20,267.19688354407054,271.3428185031083,547.5579510861745,56.49258786634663,432.5283748248431,466.0015497592812,24.85764217439919,3319.2014602781887,181.51663775867385,BENIGN
1427.7871213455,38,27,569.1639229997866,431.3260030929579,389.6229416875141,36.24280259610701,260.23309523341743,765.6575700399409,10.30181234681093,4706.798162261789,24.486765949478027,BENIGN
1015.250241353168,62,29,918.6323959022594,211.103486788268,525.0763956425977,41.963092391311655,495.5464444615493,216.92028811536508,9.419028985505454,4681.157022689009,214.26592963818192,BENIGN
3862.333967976322,48,32,273.2695598968036,323.5962127332932,407.6769992015636,2.4702517434955924,374.8054624294658,127.42440537287716,61.074521471996746,7704.009492087187,90.02567787735428,BENIGN
246.22525594093327,56,32,2596.406836558694,791.3977493534522,331.7002597788338,54.80751134109772,347.3031775321582,211.222394026148,7.318709302278239,5560.373676891742,27.118110236776506,BENIGN
1580.837488110796,51,29,1699.479112318396,165.43128453887093,175.69408737481163,53.346556677052426,198.15791589578896,693.2883136229874,67.06971718137687,4266.420418270295,227.1106074393652,BENIGN
2179.703081100552,54,31,199.221492581252,210.7222636287875,191.1678590793025,13.198445508198322,210.9968512470857,148.95787410034666,5.376427331542955,7313.458120605606,66.10988777762053,BENIGN
321.17517658509286,46,28,2601.295355463664,188.9736509998425,213.7320144405742,17.99800408860891,316.0104330079035,261.9567881188666,12.015382164066638,26483.93228219212,48.06266155952454,BENIGN
899.3309136890182,66,28,1644.2556894847478,492.3345635632119,599.6319689871758,69.00286921181366,332.7458570916357,228.45004591510255,11.45600316899479,762.4052304160666,239.88862156170015,BENIGN
1935.833743835769,59,33,8.458131310088733,519.687043330355,287.6813862821143,1.185693123360943,331.23910834563594,206.5730969027747,45.41834457006082,1940.629681885995,187.76343195225968,BENIGN
123.38039223997605,45,35,4280.642761946766,272.29085807516765,554.2689480598345,0.555628963384452,309.8180034617677,895.7871238751486,5.275372366818775,7033.475064016772,131.5222229114296,BENIGN
1638.1983211693514,48,35,1099.6607356090171,705.9617914442981,486.6810695598262,68.0197772882007,170.16893028216188,358.066623586605,22.091038724168893,1855.8704396300116,12.835440991971216,BENIGN
2826.572293283546,41,26,2571.421163178061,532.7688956818389,248.62592738335528,2.8815852576449057,285.0977307457703,148.33138827552804,9.782001246223349,14252.466441846103,79.38972457450247,BENIGN
276.98176589151046,34,23,1837.1157710263944,1546.991658815602,628.2721861571096,28.400776114449236,413.6793719428836,206.41324739215776,5.389683272764928,6829.458948338287,91.36944536684511,BENIGN
0.0116348230504323,62,28,870.2120380614929,772.7046920608449,806.0536528788205,59.72013889688396,230.541869392268,412.6897748185204,58.07127785413008,309.066247017167,32.24890432756982,BENIGN
527.0753607973251,45,28,359.95786406931404,614.5848494696987,447.2288235833449,195.95952497075584,264.09242587797246,87.91244883373538,11.236436695587454,5396.60148922162,50.38882841401209,BENIGN
177.5725437985096,46,28,592.3691603185425,38.430585315536966,472.17993019162685,21.971283378744424,264.053753963576,14.329776764396623,8.846096543532072,5960.671324472872,176.78062720020253,BENIGN
32.25852154060481,55,29,4730.841792777817,279.445853937349,211.04436707776972,76.41782424239008,339.931823006462,164.4380443996895,150.88172363977438,23507.284556567178,84.55864772087591,BENIGN
110.85355080954614,51,27,3543.0660491412623,45.8142804095849,794.9744465801929,1.2403978168637186,303.6540171363726,48.19953852533328,11.568503096733435,21342.946465455203,90.97406032068562,BENIGN
291.72535674715715,43,35,7942.827465340834,332.0884272378236,196.0927054235196,15.045220885783788,333.84377653757474,185.1905151755103,21.35726804807405,4272.692987293845,30.339973843890068,BENIGN
31.679678824257845,58,37,2188.7399836250115,353.3116405095718,363.8447128751062,92.53390773085326,493.5923921839318,147.58160783671278,7.607269620331448,9940.809069933866,319.50577545452063,BENIGN
389.13002251942027,53,22,7190.196860613443,1182.7700559272248,182.04582215919865,7.326560490437299,389.8688659510283,187.6692916315096,51.43492237526003,12265.39466825953,68.26188174178249,BENIGN
167.81789011229847,43,27,746.1169146420932,200.43611467851764,271.5447142688196,4.5809288524453216,194.3947373217207,384.8966381635596,11.98172775612173,5591.80347028883,19.71321901574549,BENIGN
272.00120069694395,65,34,821.9146894445273,1449.7355426142435,152.5967491879862,5.511915287503367,229.1138709766327,213.42441151975729,44.07058189731421,13045.917521381092,4.6852938408181455,BENIGN
800.4147815698988,55,29,610.1634438192591,713.5493423676949,106.11542603602676,58.028368189356605,405.3875350723034,353.7049479678944,86.44863457619631,11452.166194754029,77.94725379610385,BENIGN
4739.38680786437,52,32,32.71483866009208,1215.367982508477,148.70062893905933,22.146389571171238,182.5603673560333,243.78400934867187,2.620895076091432,1147.6134375421966,16.026554710929748,BENIGN
845.3890920690058,51,24,4734.396937638268,251.3628116381412,218.03436596283623,100.00933720936185,352.0453148690346,352.57633053557527,22.991969090696987,29273.97130688041,300.2124248363645,BENIGN
1823.1995731582888,34,21,1914.2179881151571,449.8409732324852,115.60228704830284,20.024328427443574,173.83107015096,517.0626874552887,35.29808834742168,8856.095312721842,79.01925797729176,BENIGN
621.1532794591166,54,23,3411.512999015817,564.4126904619573,1333.079484006787,83.89779599310693,328.5606270587758,80.8227928632691,52.215801448498965,2555.2073623144524,128.8684676323839,BENIGN
3976.9657357820215,60,36,66.343062195736,895.076079960664,420.5474296809443,17.880132531464334,350.96784628559107,263.70956823621674,19.562400098738877,12445.095518824168,116.28143180483517,BENIGN
2942.823736997211,46,33,2185.608941832201,1665.3316104143394,466.8013919572729,28.261832151881997,450.95837713865393,18.75305451526337,32.02973314713892,11883.101856634536,31.76395685547569,BENIGN
34.19152493794983,44,24,732.3295768606088,799.7326660223638,194.11815462766887,83.9985760700593,336.76247288291086,86.26594848556489,4.768975218700875,19136.762601911065,211.76696407323328,BENIGN
1115.912609817942,36,32,973.1076515750158,583.550728033868,223.33304075444312,31.64188232252656,430.1112928092968,42.20613828441689,52.31724191261415,3658.4528039970064,30.77219914981227,BENIGN
1093.5796839216732,50,40,1451.286856701464,329.4676434879876,947.8428689119002,3.0008317434380887,260.439934562578,183.31766806418315,24.680331974415967,31719.143655227035,32.80399008073617,BENIGN
2789.2025055890326,44,30,858.0901163357865,416.918296532132,188.91041492857104,136.86467556047975,156.63981146004747,359.62070994101674,91.47455405882104,24553.496800394914,100.00211364464852,BENIGN
57.21132054820683,45,34,3849.929533944715,1605.7807754373016,410.47324026617787,83.18153447776385,149.5555329859091,353.1887048025834,25.16438398880077,3330.9702352875124,190.8750648412413,BENIGN
34.107539857837935,50,25,654.339959971149,1058.052816389077,867.2641869670182,68.22444806157448,323.550389306796,72.1095222160585,69.39578710775727,7786.175743341622,136.8812896777297,BENIGN
60.335026075057606,41,32,326.5173417223684,1889.4365505156045,1130.5832386049017,44.55514171471141,262.0013495556025,314.684886567239,13.96837719157002,44712.15868812638,20.41170004037888,BENIGN
4556.888092228617,49,18,278.1960333330501,1335.3386030503093,216.25255346920943,59.069075017167314,213.21082246382517,400.8206879449303,19.370923502597165,16625.716966714677,173.04984786233487,BENIGN
507.5066259951957,45,26,4396.324296441279,905.018461931456,463.9612797594923,25.63201210178841,418.89516118852,256.44021489508407,39.9990334009736,3370.4587384326883,6.508455506135615,BENIGN
759.9108441883163,57,32,1132.611832252826,629.9199259234368,422.8440119845344,4.23754078062263,195.02539443208337,235.1383443856445,73.49015517140417,6802.5220556236,13.788130338692294,BENIGN
5792.422694036066,47,27,979.8743732418048,82.1039253602086,281.4824826066593,65.74226634811701,325.20228282191016,178.9742144655806,28.615850180327136,12981.783873329772,96.5268551283185,BENIGN
1612.3757191107593,54,29,1071.787116287651,314.01630686473305,381.5113169678358,22.768264083116456,331.57445899885613,521.3570581573957,50.56644552756363,29461.10033775309,8.895768983131994,BENIGN
282.1606005297094,59,28,426.451966798765,826.0691186634693,636.3620937692841,71.00317631261487,194.67013058069352,459.1075641697177,54.19395145572054,67014.74550586494,22.04235006631491,BENIGN
128.07096265357146,57,29,1284.3932200423246,369.3591399957514,263.68595971030874,11.980039969251653,262.74393847514443,138.28126359751474,60.31504850739835,9070.38083607997,267.69203341423616,BENIGN
240.1770083500529,62,27,1860.5354973105448,213.96587473514916,521.0364106667153,152.68164024152185,390.2209901186693,119.90731861354888,23.3311580790415,21540.53544199584,26.26703702606533,BENIGN
690.940945159936,43,27,991.289198808814,1193.2545691984424,631.6261172495842,26.388945497495552,330.4605850529896,163.4898380185778,107.57967707291628,9322.107177924963,8.09992116250873,BENIGN
427.0537614854542,55,41,112.05449792531174,631.5863032738633,23.8187804879869,85.88345773106307,293.56778900383455,769.7193225917849,31.64765230428348,6185.248470187183,8.59193115106125,BENIGN
348.7760681721603,47,30,713.5904047051896,1506.9825374139043,822.7173500163301,61.43327064996733,332.405279143607,142.754068707226,93.84139409977904,6250.365667384468,116.08427389659066,BENIGN
315.47714322600217,45,31,130.54365339616638,135.05598028863315,317.1286932982055,63.82549333138752,235.81065806756607,149.19023917727947,3.2530356183339486,11742.934599553611,127.27234740500197,BENIGN
35.949877311554204,54,31,532.4186711402339,1205.4970752536983,175.71397581284452,17.77785530296929,228.378221752484,364.4892073108337,8.785295102691224,8767.480309768955,30.272257237133225,BENIGN
506.31463120986433,40,35,415.8468312686277,275.4734949787995,750.4951943162858,61.67076786576621,304.7406417779338,439.409549614393,17.444597977465442,31657.580784713453,3.4932245229279584,BENIGN
184.16764668961784,46,29,3247.443499173638,428.7849383137788,1164.524113835714,17.77558059811562,150.57209369038665,392.78456357390667,14.47536421673069,1023.6493237394031,79.68640827871799,BENIGN
365.6488330869852,44,29,298.3916429011667,951.494244203125,275.09282513836683,64.72404168770079,224.19163318673716,218.4254678512351,50.82127060933689,4956.691044366015,24.65957456023314,BENIGN
743.9278308608544,42,33,4146.191735617837,1243.57725785966,387.1069002852344,89.39050603524252,396.749806381742,55.41937810265627,42.69026222307652,13944.169767566344,303.7345536660843,BENIGN
339.161670569886,45,27,924.7933507684762,820.4145627987199,441.74700821233176,4.164693882175592,436.3947032700235,800.6462345952013,61.65649571080226,921.6495695497824,90.60838539281248,BENIGN
1090.062525147099,42,25,868.2973696763453,292.21274105668994,208.21028919387743,174.99648660393802,380.2838042225192,453.4114326651288,69.81307499433387,7722.4839252009615,6.851594220897779,BENIGN
1501.2425404546257,46,36,2461.212385362159,281.55311173490514,181.59250306214133,5.303532382759496,259.168653413373,388.0942911828475,24.961383972440625,3939.3969778217,19.997434465831518,BENIGN
1055.4414821352486,50,22,409.2225385854448,538.1747036086659,238.89536363323208,14.7618356421807,199.4159509063284,103.1402557317664,21.153403002061857,566.5524514795524,18.26536827763909,BENIGN
1156.5927870318258,56,33,1150.16682601545,516.6560063604121,60.9390173724731,18.409206452758127,233.3918908938377,171.72752260136107,27.71203096749737,42008.01101973352,3.814562264941884,BENIGN
2618.9929190405373,49,20,318.5465904001087,303.8044888409409,463.35684664839664,77.23724000971829,194.530408956079,211.71009077308665,74.98923797329161,17192.660783429998,18.34451252673957,BENIGN
428.98746343440166,42,21,138.97555518358203,4316.7862320743625,170.64585036311087,85.7879048168938,132.68012030453016,78.03656799831485,12.25347690845569,639.9662820250024,387.671311472205,BENIGN
2010.39238004692,39,28,4715.2615723787085,1073.0490844550145,168.6754664013125,25.841735387237343,248.3792595740697,40.1178377521156,14.189827846020473,12118.758097704427,101.59418147188002,BENIGN
1320.9300151268556,41,25,81.37651710566615,247.3999469368732,619.5195022510314,55.76988080738718,392.35668296835473,249.00662834347335,29.90852211025078,3169.773421437032,129.6208647250738,BENIGN
864.6635352040355,51,20,908.3067922184944,1105.614557185219,438.5622517933942,15.949455904979532,234.19533163525855,61.46007761463444,11.224293008730662,10688.25709480936,167.67829727543594,BENIGN
1255.617603584788,60,29,84.87729721937256,368.9651861066423,75.27285824147454,19.539292373039963,325.2556367716132,142.41882454807296,33.72040829332418,15638.544468992754,196.7529440026732,BENIGN
157.03597946105643,49,31,1301.80777622113,1339.2636709056897,997.9871784781188,287.0851055992164,83.05349406267118,696.8897835475419,4.460951390343324,12859.15467713737,156.34024916751616,BENIGN
725.0082520454396,53,27,92.21041366224526,107.1170603078275,437.7660651892103,5.463321401843071,210.94529215082684,190.98947666624588,35.746796430222695,3989.021027594237,7.079964180032322,BENIGN
463.80359075629445,58,31,677.6132443623545,38.01322319696451,243.99413267939053,8.161992069109452,348.4340759173216,243.5938260354125,21.932062575393523,12374.627386334205,213.00626243087115,BENIGN
1161.6136446599885,58,31,4623.310745438223,1285.3429429105115,2150.8674798352613,226.83306204168355,327.9049802867876,295.33504672302047,23.743430553788816,682.8010174165861,46.73393853372013,BENIGN
1652.375366366252,50,33,175.88962754750088,264.09304244502613,777.1018873514721,48.878150026747406,169.7734796821423,284.96651288980433,59.46297178637499,25343.11225618688,172.68955470968675,BENIGN
1620.4835957747312,53,21,449.05638690701966,281.51061119978704,75.09564628743989,140.58583833026051,472.6960901590603,97.46041848188764,48.57065806877334,15703.200547747285,89.3018150119483,BENIGN
100.4120172911258,48,22,577.238810756044,226.93909648942224,200.801820759489,18.6201874937836,193.47152054920716,863.1165158538367,19.349689102510908,2831.8769705723284,69.86531215089387,BENIGN
1877.7149986246916,57,30,1848.446055046233,2443.353616483522,1374.1898061014083,1.6848824034148284,159.40963757283563,855.1389660620102,45.88108222589169,6124.442555839341,97.7867988705702,BENIGN
1301.7301014514392,52,25,1186.5932870122326,579.0173357218181,254.6790139503398,20.753644404722746,293.55097890290307,40.730966276161226,17.055761673866858,1456.280491117409,78.96275169169638,BENIGN
602.0609719350464,59,40,709.785925231904,547.8951855743018,534.5449723181262,15.64831783283202,300.0764731781661,278.83636578698497,4.646835774912011,9953.44674020369,27.37602999811432,BENIGN
2121.57053930236,43,33,3380.874641828877,1090.019862164201,260.9661132154287,1.694127882584056,219.14335772304503,382.1956055409916,27.114772137657297,19039.338255214858,95.26166251905784,BENIGN
925.061825810096,52,32,498.5951232269201,140.5779298165638,804.3255524208126,36.32655861380187,246.51794339188663,309.66960680248707,72.23542448241179,11368.306126339112,5.610635875714444,BENIGN
245.76314922424828,47,29,1148.6971041302538,619.8061783173823,174.86667529355304,25.832826777317937,279.2459855017597,1050.233826160076,6.024806998661145,19796.252837892785,133.91169009829517,BENIGN
3448.082341200801,53,26,1018.163244624241,38.94539349381535,667.0120310796261,24.97116005076176,333.1820488213898,144.06390158086523,4.423512598440024,8644.070941712556,100.81281150252508,BENIGN
1573.8686344559244,50,33,8.217454166609958,549.7283392556537,876.0610204575306,102.04369704935026,285.2084288354533,597.7449236348083,23.14247504128211,2087.138262687663,18.516536437071775,BENIGN
42.81900463101456,55,27,246.8625517968296,2196.730621690216,187.76556470310425,174.30973933472538,236.49122769795545,140.62852196266235,69.48275130249652,1694.4741242795037,112.6155390331304,BENIGN
256.3453451831128,49,23,2978.7225778213187,141.30802354346844,261.5372545359803,7.940014988470123,195.72806779025865,66.87814082293161,16.352150081199152,1037.4207341472709,31.55950631109563,BENIGN
2365.9856460311667,52,38,24.15722707203556,580.3966768742807,215.14793339738665,42.133571451479845,541.6534478373392,177.9171669320149,13.103768745962624,579.2966257366805,15.887444243530508,BENIGN
145.55716962699086,41,38,388.71591214615546,197.69585996674368,384.1182068761763,54.21436098594371,268.26587915820966,374.65852401778966,8.830059204227384,10159.4347346624,12.07690436173961,BENIGN
1556.7090323777911,47,31,3412.0244973399517,1306.261678235217,379.57039935266135,18.82706946033685,447.2716030055096,676.9326344211842,12.389872320739483,4263.803440526962,167.2678798806526,BENIGN
2994.956253739776,58,37,302.8109425086817,79.01178989950137,424.0805016936421,17.24429931441572,-12.521545539956776,189.6286708866081,22.064489208647224,4739.19883358127,42.48646396988969,BENIGN
1431.4498577567406,45,38,1724.842175736548,1034.388772898828,919.471456448416,70.48290128404933,424.9101224557229,145.2471031514544,79.14142721225332,3542.263336142992,18.279673886807256,BENIGN
667.9968270904791,49,29,104.08853663293152,1282.2752251845125,447.40051343570855,65.79900259882197,255.47300177652363,320.6635480120792,11.071813006086634,3296.757957054313,6.850488554768476,BENIGN
615.1621609169232,41,37,363.36353542298815,509.6790645374204,887.5437664401321,142.07112466576348,221.13468305032768,418.7836918184177,56.307278333834766,6131.066383342551,286.73399482194657,BENIGN
243.11800342990333,60,29,1624.1495062785134,971.2395702985276,461.5915659082793,50.132176836342026,429.96241994247447,440.7475761786392,52.81367196374813,13018.48152455764,7.988762644624295,BENIGN
690.9259562090074,53,35,528.0596255409532,1249.283608609196,439.9441576272205,20.717688157500778,221.2070440224877,201.3063796015541,42.34907262537235,4516.564827774472,49.88904197104636,BENIGN
86.36086383903962,53,34,5156.040142607524,567.3338254990983,295.88763332771305,10.362184379800976,354.82558609047373,108.47470530679482,17.167991942360057,8356.667242849602,131.80499606631471,BENIGN
3538.401210161766,44,24,1688.8733420865342,254.3462756433429,322.3486462432653,121.3937693503898,439.7354129958212,107.454449213743,31.215193275732144,26165.74409968701,82.46760527671455,BENIGN
736.9925411967153,68,30,669.3463898198323,218.5857028018227,368.1205800374178,34.76997370713436,377.740622626907,115.99748548994664,60.05753844427742,18878.75578084535,46.20806602576136,BENIGN
382.11993255389655,45,34,1939.0841145304423,2305.293456146362,128.52596514586983,6.38134827144041,389.7886066560075,224.9415749271439,50.466426455785694,12421.806589962413,29.543291396541164,BENIGN
2013.0785624263488,50,32,3572.9787404567924,2607.11833546684,294.05990364402214,47.55625281795121,316.82633121817264,31.46724417069072,26.631823326815827,36620.61441521732,5.959971564680635,BENIGN
1194.470778209719,51,24,1114.8530687445489,42.21417660479616,391.98185405978137,51.80294324437935,265.2586456952163,160.81328854436546,15.19759442218037,7580.254769631267,14.408478489767518,BENIGN
977.483083988966,50,27,508.7681051905681,2495.6709711409944,75.29088518256316,12.10071643528394,477.0669381062148,496.31323188869015,62.86944989666671,3996.617447345596,158.55912805483436,BENIGN
3294.862971807926,58,34,2496.963826583546,282.4027427525743,209.11918398114588,18.525774103192443,203.27548257398692,180.04683052057288,16.468583979110978,2606.2359496507515,191.45453391381469,BENIGN
1339.0955323734006,56,24,3818.219420384818,312.3945066228413,989.7123170851344,89.86077695249996,369.6159202767002,245.39779842307067,45.72015183103901,8385.305537911587,40.64987178116373,BENIGN
613.2855799895035,38,24,2296.218159315138,512.6301937761389,216.3598385319336,2.0585810986636166,328.86932376089914,643.6450812231221,116.76099237408178,9187.354667491443,140.95393033790216,BENIGN
1606.4942438261196,51,32,1818.7888518093043,33.025335633628714,53.09254962868858,52.63874708241646,198.5048231728038,406.19917597313633,15.762624050005453,8991.184304339475,0.6051887171117298,BENIGN
99.7819661049211,43,36,65.87045434670159,273.67222011684987,135.35251492674564,119.69272827139856,303.4754163061998,400.27129220448165,81.64974484469619,6937.727060680329,31.72504511382823,BENIGN
71.88415530315702,51,29,608.800436377709,393.6655424908803,388.11581094648216,3.2997075159680573,187.56312789108148,130.0868235192573,16.923308023101768,5670.140599094367,20.41944830802648,BENIGN
296.4269475836514,54,23,1879.7897197453835,551.8756596436373,285.43616497164084,19.684888063769915,264.3911047706036,494.5475772193819,14.771152475007012,16765.932988612985,87.35785316759299,BENIGN
1360.6588031607416,42,31,1264.2736708731231,167.55490276006816,32.242153962677726,94.83622670689849,296.6534475441096,126.80310561446991,59.257957670138936,18988.867003739608,44.270182350342274,BENIGN
17.0929200584672,59,24,2524.0646028014703,1697.0928998547954,92.569359732097,167.05518435755891,498.0683156011034,727.9042683266199,31.31523336700352,18306.985690890648,7.282702995593726,BENIGN
660.0622980074907,58,29,1288.1586878830456,222.9303941866521,259.36354084390825,25.565543776659496,263.77897628529223,17.383961310910763,10.646581572135512,8236.724880524378,45.18808473805853,BENIGN
583.9229883345893,71,31,4186.039807276386,1095.4610536974667,161.50590866599876,71.2777826383435,232.7991730517975,232.00541691999865,2.3885004080843024,9640.22988577968,51.98185054510377,BENIGN
2046.033461015753,65,25,232.124334143599,531.8787666410793,370.2661407126251,416.5743873306642,158.74698690034305,495.4714477716355,46.81097379086572,9299.983517589715,189.9295022924579,BENIGN
285.5194264836808,36,30,617.7933190384691,2600.592914666165,319.9403467434653,1.4946797296371548,276.3897051840366,220.8077854605753,26.84992791952445,12045.68861690132,25.06148967481481,BENIGN
961.9348555509416,56,32,2217.439555694675,64.5631647938997,696.0769625009983,14.082773867423729,314.7419006743592,312.4133196394463,0.0565836768665138,17046.525853690135,7.846061372135857,BENIGN
3025.054512438548,49,35,922.8038797990506,210.443678155238,214.73354071380436,25.169588926868485,421.9342599618882,260.3979867751028,5.025024092221567,1395.2370377759355,53.94099149655446,BENIGN
1490.1161997316503,55,34,953.956735322294,1692.1080853845378,370.9398312201126,119.64520314569856,353.97107043131376,494.0725392739004,0.9156059751554664,2108.1529172725545,31.29154441331165,BENIGN
315.24963848875603,46,31,4602.33321451306,2449.149305806491,427.0237107922327,30.58228146632649,330.03618569284754,111.14418225992578,57.105817367308745,7451.407064021966,116.64414149998888,BENIGN
1554.0739964735976,40,26,3977.0226192299406,337.59460810048427,38.37740967861125,7.139091452091866,347.1179548242668,133.95436902799017,29.70696770440333,3250.9240074103777,168.0782105344052,BENIGN
340.9210323270345,47,27,5000.442228976734,662.4028305805672,364.5491681130392,6.691695844863918,194.28590952347025,343.5675182051726,18.06848020580804,44521.88083910105,74.34193225742146,BENIGN
190.30653614210877,49,32,836.0163094687894,100.46878761451404,45.97011703258677,5.502147108742472,429.3659418610837,79.22435980552378,16.362026813272188,2914.905684752029,39.34891067176645,BENIGN
498.3127496974449,54,22,1453.7569184241534,102.11596848884425,416.33857058808405,176.69139268506632,136.87507752132234,214.2044681068352,45.10872854139552,748.6510337397883,94.08756978360964,BENIGN
693.0651678526561,41,28,515.4046505560789,212.9839598746308,1970.3419900394788,2.5531689872426924,266.84140591848075,284.6495790645928,127.15404741045012,6898.964032877465,258.31587450636874,BENIGN
725.3850879884061,49,26,291.53263998110305,1330.0538703947411,446.6617380243263,75.79879312195715,176.82352802145465,117.46132650734307,81.66451235401313,1143.2335274064542,174.10069012280053,BENIGN
131.5719185614339,57,40,3236.3936435103824,652.8185676812409,252.52236005584223,41.56041238112156,212.5016964805328,485.0149232484328,52.87975984973959,5096.62871879665,260.90303435434225,BENIGN
3930.632133279656,48,35,2017.186137757955,41.26106854111365,546.3920832649139,4.260701592403157,275.9111174177557,800.2933752817731,29.638273596743822,9389.743119403784,0.9797255631282829,BENIGN
75.51582955861086,60,35,574.466648461521,1462.118992866917,467.3244472058951,71.8230092501126,253.4255010224172,27.84830531468189,33.95888112367192,12313.948534663255,95.38554466405424,BENIGN
759.5295023530689,44,34,1312.6780379944046,130.13022502320794,487.48490833472175,9.743220466677665,315.2785371352756,207.49556224144857,8.133278190003256,10121.843145723018,23.28676366084156,BENIGN
731.716932622681,57,31,2619.300258143015,1454.629750193741,341.96035100651454,14.277163346546368,285.97186636337585,129.6664850127506,16.40104386175151,2041.8841856187164,54.532414547545926,BENIGN
1192.870740525958,45,49,138.5567029392135,235.17861095524844,173.82539370217046,75.18870243910727,311.2122668700288,191.7903119902686,25.035150661340637,640.4879054980095,140.1676924682552,BENIGN
678.3282861896274,47,29,2784.111509119228,211.9544571859273,1156.4701917844989,2.196297193800931,261.6255636897365,433.04583812419486,45.96148482687739,23653.18581357189,21.25089977566423,BENIGN
721.5250280723211,49,33,781.2754697885103,317.1364678998327,363.4498810279872,40.89028961418813,173.64080135438718,180.55539728014452,10.988141603053638,11084.123195402277,40.28494527315519,BENIGN
618.9259348392796,51,34,4749.885086054571,1327.089690877896,244.64689544277732,183.80169586053395,578.3723908104791,80.39858611736013,7.080804811945431,6.780597446993659,170.63581300409123,BENIGN
892.3177501433053,50,31,95.71864602585504,158.7473989008887,301.2391968159824,33.95302610195943,258.1351238795485,483.3418986361769,56.998220001797925,3513.923685727492,49.44350753556154,BENIGN
53.227584046222745,53,32,38.86662917489238,87.32977997740112,271.0424912981509,19.22006533843653,502.877904058049,441.3702002448941,37.71386571398183,7834.235800728351,14.197965912638516,BENIGN
1024.3551145361243,45,35,1963.046465854208,693.797132147177,223.3621987636321,17.96104838989959,344.8595515336351,47.41625599695339,95.38079170587064,14738.608941853288,264.9508283352356,BENIGN
144.37295559530932,58,30,1057.9044758850137,235.38546892123583,214.80535351305736,46.15307012394085,108.33089919326534,210.9555429138839,138.21222599507837,7053.668905969477,30.41116595373164,BENIGN
788.9886328531671,53,29,146.500468743526,443.36450561965154,273.2126245732685,6.034342275330575,455.9308929997975,62.95955393719744,31.55259263389442,755.0195194933154,83.22026547369693,BENIGN
4334.14633958732,46,30,1801.6125900849104,1819.0959270560552,200.77216963906417,138.36136360959142,73.16234109189764,492.9152805145782,64.72870577105768,43739.24320608999,238.3735144119034,BENIGN
439.1863374698838,55,32,1681.699171897991,286.34134004968274,241.7210652991319,121.48766027318224,216.3273332943026,424.3579769980403,125.545986040296,2296.4359188518006,265.110926586907,BENIGN
373.6992283307041,53,37,943.0232945312152,789.2217093713357,144.53062628840738,9.955556454627752,131.478782346365,195.26771792575963,27.9090198867765,1705.1781560045583,57.33512748708449,BENIGN
181.86170504927236,50,43,1741.9539348885514,431.8059003952816,343.9669101103226,36.6009564241877,246.81881563793,195.1162571855965,44.45590834147028,16287.748055142238,15.752325511194757,BENIGN
68.7541617901371,66,28,1433.988711369756,401.0735412327381,97.57493962068602,34.821702769999284,264.3321053246862,525.4469005823338,88.19004552867523,3606.594772103781,40.5455500658944,BENIGN
120.25252515554251,51,35,3804.138135632907,354.6458968959316,295.60345612067505,27.817896974524427,395.1085267326976,253.85928531756915,71.8130192820193,24420.91749868444,166.32065210409343,BENIGN
4369.00447855589,57,34,2490.883285104887,721.6088368423739,268.9491998494482,47.00962045627249,268.8433109022573,200.1633682364304,22.46198901792062,1305.3685979177458,74.34341435363085,BENIGN
617.5455820133717,43,30,1676.6964851160112,104.74979307517064,127.62824896271634,37.11118486718571,150.71650834484257,376.1391082944161,37.15162275406712,13582.541857250146,6.49550410215938,BENIGN
949.174480552232,53,31,970.1231521385496,33.3185754838559,505.6763941285513,28.51733243321814,142.7952093378676,94.21029395700464,17.260614347233265,10141.748435573343,26.27709082154012,BENIGN
1534.355826228695,42,41,710.0342749503508,23.761789998166787,104.46715654943904,48.15011784542123,255.38825755296105,381.28817659426255,15.99978261526894,7452.622240372203,84.79967127037739,BENIGN
469.3840046550615,60,33,793.4767504295763,28.732379917868705,497.51563865615697,78.91393419532578,327.1616821264025,68.5788559084543,40.84911077326145,95.77605111618982,197.92418388320704,BENIGN
124.66102880534774,45,34,1738.0020682368895,441.4143460175669,418.6718278567679,4.089772228595223,347.37501144213275,200.16831172538076,7.2101892604733795,3089.836606634956,33.78470413281861,BENIGN
708.195305309597,60,18,158.81860730096707,557.256074402153,380.2515111921157,82.83728046297398,358.9877616051029,268.3737744610841,17.07598538391611,4274.930549468812,84.25174350022968,BENIGN
437.37587460109376,55,30,1194.5722067632498,20.944709656361653,419.50309357934526,18.53889838017848,458.84592156152826,165.32206467311084,6.290080990549266,12459.53978677786,68.07147454434094,BENIGN
313.1414485858638,48,30,785.1149432548315,341.14569310671243,578.838574620503,164.1138227366748,129.2465569907068,804.1543202212521,1.1204969145132102,15775.108541718611,58.59919234992464,BENIGN
1184.6623684296387,52,30,4147.630859072867,896.8821450585223,342.4200698289808,12.696390259905014,395.58316519030654,357.47319573024305,21.59797940165424,9522.63305480035,75.0634178798687,BENIGN
1008.9937945340156,46,22,2658.191186548788,308.34060684251983,199.46705344935188,9.72525666331495,178.55056090451848,139.9650835983229,1.8352919166077315,7686.282162495768,15.25578663743988,BENIGN
1845.370992061972,43,36,737.221492331686,439.376865581728,214.261354367192,5.58233050039713,309.38189211405813,431.26044033310944,33.359647430757136,516.5448932190884,226.80461855682185,BENIGN
150.80821161179952,50,31,1782.5883330100185,4100.189013228297,548.6903101443038,24.431079384627,266.4167129950595,1155.8560977349118,45.70363277427485,10062.230451035712,164.73727520325195,BENIGN
2029.6855047299105,64,35,703.7483790722371,29.487720665488503,543.5680886800349,101.3296702441302,372.6586151884369,256.25921388025426,21.77492860118948,4579.199342036692,201.4380378061448,BENIGN
2107.96910095834,49,36,1841.0260750072005,1512.3382104089494,563.943811708907,16.14623131466047,-22.125607875242338,136.18806424851294,6.851191873632127,669.7985106917084,313.7140301288855,BENIGN
704.117369470702,61,35,2534.68112846315,222.16197729734537,472.6678013331504,10.568204127220367,266.51192479403943,278.0656647676717,21.78298218088842,8227.654123732425,47.33257906796049,BENIGN
1568.095425831929,44,29,1367.197094031826,992.8863162682457,423.33399124783534,13.869186353182434,280.9702213652788,91.2148371640614,5.420912234918062,8535.43644164258,23.796573881596316,BENIGN
4.642784066342885,57,29,211.6638471753395,150.18673942163534,267.56573883638987,11.41886068849088,404.3691783547174,175.6263835308027,19.701021389502767,9346.55110185617,140.68872374286752,BENIGN
392.31959053585945,45,43,1294.7327677330975,1931.7931374240989,885.4672695750178,39.15427285001265,424.5075619105897,448.2513717740672,6.475287723909106,516.0716779915383,40.32916807126431,BENIGN
659.6521975537926,46,33,1508.091521255094,2163.404769756305,207.89427830295227,4.035910333660996,132.08888741056498,244.6261973632965,69.47072107593526,18472.76968312868,206.72989198860736,BENIGN
924.9495953184562,49,29,2648.733553108115,424.8684402586584,592.9701827749101,73.09876820513239,246.4261537269737,156.54757859568,109.36796896616788,620.2763329072407,117.6515207516414,BENIGN
718.7824812885494,44,23,837.8773756778091,36.02719019734014,248.8897423103293,6.6296073480614,331.7561277856674,278.70819643795994,25.955948171454835,1672.2655505476405,110.93461124303307,BENIGN
1437.413715859779,43,29,305.68595711934483,1412.9758016880962,196.96138573751912,54.08280497019872,492.4919142915934,349.8015696050553,43.67664616807022,1171.0994253481922,111.99985816125135,BENIGN
1084.2201100590398,53,24,257.0878046311332,1045.6245647238084,106.71403046209127,23.58527848085975,316.0896839591305,416.3594829095787,22.256303730191817,9110.509328746726,93.80897030889628,BENIGN
334.3325413990217,46,32,363.8209690260561,1859.0949081990225,170.26781030967683,98.53948380634904,284.75907746384183,215.57728028343016,56.848737669320506,9082.047466509446,132.0040941200472,BENIGN
1293.6040041961344,42,35,158.81365366664622,1609.6868604329472,181.58001145527868,114.43813817751948,212.775870262559,89.37498524278735,18.275106608611114,25311.71328071632,24.32395839632826,BENIGN
147.46771733388928,41,28,2102.845903326081,265.536449303975,261.3458364322584,65.7961438188145,416.9439807967166,420.610522396218,11.100470176442323,1386.702687991543,509.647393053631,BENIGN
290.0836992594099,48,26,457.3458648217429,1709.668674313433,325.2938962141807,67.05581252191925,451.0175697119116,826.2465041187738,2.562303308025862,2935.414966336204,80.67543830847147,BENIGN
335.294992591662,48,28,148.18166035681364,2474.3286127889824,919.7181461827432,25.99883343951262,277.0875203695493,202.7242907074753,9.949981615077878,866.9167335657585,46.006917588620446,BENIGN
1189.4722687558444,51,32,2240.266466536357,12.366514604117992,281.4678804601837,148.40915612977923,289.3708294285811,151.11250425690352,9.725718869196744,5262.675728522277,21.95587330785569,BENIGN
323.1981099097797,45,31,93.53497975198844,544.6900304797654,259.4571439560886,29.529854897290797,379.2180978037477,276.99192326446865,23.99335101564277,4483.701057544011,23.149158940419063,BENIGN
484.2371702849132,50,33,401.9357017539759,1193.2822623200584,541.5397406425744,10.923349224993927,183.29178688888723,226.568130240189,26.687660738411804,17969.49901492345,52.75977426237879,BENIGN
2026.0316221935163,50,28,2222.14391793552,585.4760679541989,314.57201562974734,0.6430244679962422,328.0085991986884,359.4240209155625,33.24249514627908,22165.96582501244,312.8879419561399,BENIGN
813.9111519309452,42,30,7678.673962212802,71.24372832659623,54.5087163791455,2.1479892265242126,333.87249442317994,187.25800787151405,55.44625398172271,4268.673422431189,41.147380083133775,BENIGN
253.981030444211,60,30,2125.4111017711875,1177.930188076941,586.6381073487926,33.85078199031128,289.09438045345547,107.27152901915905,10.49197839437429,14430.733555943483,20.880509853082124,BENIGN
762.4138580490281,44,29,165.86129836876017,560.8230938077942,493.6387899306915,44.68941695784616,245.12941502209785,771.5882592377384,5.500381217528771,249.02405815560635,11.94619338235779,BENIGN
71.91938444906127,60,27,1143.3899301856388,1203.9204706444507,417.45828450310427,11.415428110810677,410.3345085391272,92.25386184633064,60.6030711775772,11486.00719130334,118.44638356060008,BENIGN
380.9115447957103,40,34,27.666862350067536,581.3199345502188,802.152709763254,126.74585367262983,206.44546056922832,25.94827765113957,112.52175067630606,26211.438864223608,203.97055154309217,BENIGN
349.0177585049206,49,29,809.3007425455612,2420.7465585158825,234.61466449395752,70.06477421735704,206.44512060253223,185.75859136752345,0.5968079683355578,16443.961604789238,10.686479464994088,BENIGN
971.0918138763648,55,29,713.6258739186395,133.77979589520436,640.0948618941951,41.18411897106492,429.7741376200991,358.9121998717935,3.566554012587646,13297.084255227544,15.987711366428842,BENIGN
228.46029313106268,54,36,367.2976558100839,981.3781140352236,309.70658241884803,15.316037427920104,424.8326436190279,176.5415543441748,19.84740802614399,412.6478429494043,7.921349755483716,BENIGN
437.9875843983029,53,28,1590.746205662625,2044.6056065336768,211.5081431588572,76.4659445867745,301.9706155454776,319.8181011033906,13.337147155980745,20334.64667431584,54.92087028657349,BENIGN
1139.7839863491777,63,27,145.81814444575593,1618.5331395844528,124.6196380357239,26.85567983607196,498.0982441126157,293.7644026040343,68.11003818121554,4978.616082235647,224.5943772925133,BENIGN
1955.501178144582,42,31,2997.418521582293,1907.885332601524,42.43583873747866,163.2089180233317,182.21659229403332,321.9267049428197,21.463268695714348,10994.127533378592,194.4024274469309,BENIGN
1445.42199633491,45,36,198.02333447883495,2142.5851353328653,1411.6322945187674,38.51844143375666,360.7382584781083,342.7891426065103,50.75680716348787,4917.746530671434,274.6620221638664,BENIGN
999.2300803905248,49,24,63.4709825603066,1072.0080859202374,615.8520787152117,35.090635199253335,289.8622780964594,442.6999736979313,13.361521107507375,25276.5724004714,242.58001733960924,BENIGN
70.91477358703708,53,30,1419.966964999022,836.5685036990154,226.28579437484336,48.37425187499,416.73243914686174,292.16348198343485,32.29826260998822,2669.7585395485708,46.288276429764295,BENIGN
75.69582405825248,51,34,867.1173388717172,302.8822680771105,153.69698958114387,53.4307046623741,231.07495537002316,664.7592761435168,37.19970380029088,8917.716005558988,208.50639427732293,BENIGN
623.798669966619,47,34,3899.848911782072,301.740147623805,120.8819548247039,61.53679821663942,290.0621343171173,681.1547225500404,14.689070022542383,11757.868385123367,35.15927984156386,BENIGN
828.7271860742521,42,29,584.9836847885146,1447.1252280848253,326.34048226207494,124.06643288264044,264.25943956104084,183.1934152722234,56.27638113476905,5924.723180002681,32.39560550479148,BENIGN
820.1824240381106,49,38,435.5114666140974,95.2484879159424,276.1178309798521,47.0819324480769,430.8478663758439,249.28360936060136,43.148392713349295,21002.74167530995,36.67686300897653,BENIGN
52.79527809977469,49,30,2226.2487693911617,283.39284438252747,256.8974836939308,103.79085181844076,268.0628289559583,383.0963348408615,7.492273152108668,11797.739803365486,29.277511638944556,BENIGN
1216.9131426351244,58,36,424.8325248609643,123.33558607084952,200.9079879945596,77.5934657623126,116.48300388186068,299.53656426589964,6.762491232024445,11470.568589262924,165.6376171645135,BENIGN
345.8524481461356,40,26,142.00040623476622,89.45371394420921,213.50904926877385,29.95489435871395,246.90444031359607,155.14909860196744,43.556347919771525,2194.6450820015502,99.406696837599,BENIGN
12.228944358969308,57,25,1299.0491959368412,110.50222923584496,363.3967241503085,210.05320735918392,320.96328672673707,735.0070465092854,43.22051891059809,20447.55804216113,49.28459807031455,BENIGN
916.3421034919132,56,44,944.1208740321416,11.93834281394446,84.4940011495052,65.85214679658672,218.07029375858275,261.5434166916999,65.54161519748098,16481.592379373127,152.45004475074407,BENIGN
58.78110672996271,55,42,1046.326034124788,1153.6642813021265,172.4419369957829,63.96784643317307,205.5538203080129,334.6398921790628,8.934956490635136,7344.423099841071,2.81062264432541,BENIGN
374.0595335387715,56,31,198.34168939079493,4738.01292786803,973.9111215873868,158.3519219080445,206.89783678338887,9.682553807813123,25.65988120592453,13740.898269932995,7.344511835695237,BENIGN
276.4133081343457,60,39,368.3497142868106,764.7952668008454,93.47595523796576,120.57635842273638,372.4230814358703,143.8543436733085,32.57795296055881,7264.336896580781,37.1864875165938,BENIGN
134.67722353981307,42,32,1573.9707889645067,199.76406740362088,378.9202027316594,27.033648213167105,268.43077410000456,67.60421310218679,8.622967683440004,14934.47506392677,19.676545905394317,BENIGN
835.6435307057022,55,39,1624.2873704244255,662.0235146410326,419.8856291840176,16.29276066295932,307.76586564098494,38.96047592073754,12.11366568819934,30054.303721753862,178.8810117384895,BENIGN
206.58138899841825,56,29,838.1922413787129,1211.107238954182,235.77209814685847,79.14165959758957,178.8214019979793,45.129214305014855,12.955195631890334,9278.056754929165,43.38496791217367,BENIGN
1112.5210442012356,51,24,1839.2294877268,1004.2010370637204,371.5947288938268,6.752868431503504,183.3133349818908,77.73992872806609,103.74436338925616,6947.903561037503,178.5131738908083,BENIGN
249.08489862050675,48,34,2102.4733144722704,1828.25520953054,373.6390511471539,62.4454632157847,262.583535602,165.16160921276403,22.195569609214644,38423.41764030901,2.407723476980433,BENIGN
87.19399369795725,42,31,277.857833164091,99.46873634487618,545.1416913213959,93.5224531839819,362.888283086159,307.3364552368346,92.65544395660658,12969.969598702475,1.763060423202378,BENIGN
836.1063240224008,44,27,932.1485598932962,858.7948475615223,546.2292269773125,55.03193082359898,50.3060479549776,65.25943544461106,19.608928555876336,5029.702397160973,62.00454460032522,BENIGN
2806.2462599678925,43,31,1411.2735685270152,718.5794206426549,547.9519550885735,23.752365104398933,274.4674394644253,217.29950365832505,10.787122692873568,30655.02153548273,53.87785070872485,BENIGN
4771.552548634512,40,35,167.0592771314785,688.9006039725108,331.6608297334638,23.18779552773783,389.84686446455305,105.0688991368636,50.52710660437978,5612.888707551387,65.03083705974375,BENIGN
622.6776150169474,51,32,3639.7642710059313,473.4866006956815,191.05559475206056,12.353417120363805,303.19245172489275,255.08100370323768,70.05712176947746,19502.582533695047,69.87827998138636,BENIGN
540.2454786595356,51,32,787.2429232007847,777.3776958600454,372.16876758562233,10.683616178058385,181.427559174782,272.9620407337359,21.23526074672165,11553.921137481278,82.60316009128478,BENIGN
2402.9411851621444,45,25,1052.9506930661646,2.719535760205737,522.6361100573052,101.50596000752434,431.9618186796008,469.15712112058776,9.997157450348492,7060.155346561325,25.64497240093008,BENIGN
934.1736287652888,66,25,4355.890145340769,125.95844295887102,430.738230806422,5.660271452867566,361.8928282985786,475.4599652222212,70.0938747062399,7735.382027142201,27.342484024020365,BENIGN
620.4462396688857,40,34,6077.78190517677,1300.3975697301746,226.33632955437432,75.61364564806036,433.80887832243775,440.1406978286109,13.77468617984762,9058.804728518508,220.48424533409948,BENIGN
3291.724972436397,53,25,1694.9941540851444,1437.0565067022658,230.4294993102993,1.1044123696250752,360.8485677273127,264.14787706198126,116.40443614124366,9482.101193335518,29.72957838070881,BENIGN
1631.8737627865214,52,32,5455.706088511528,138.08745560599286,580.9239332493859,249.8604089570867,232.4153394571597,268.095277012924,31.910894163738597,1857.920720517801,92.125337177721,BENIGN
334.8315232754807,50,25,1587.9310907124843,2780.061451881236,449.6723774951717,0.4702527551300585,431.0387496645275,85.12852983619437,6.846829308706653,20542.06580560604,10.490857800556032,BENIGN
347.41625703664744,73,32,1780.2692246218653,1077.233743265945,382.51049344193774,62.66082178975368,413.2905913137387,469.9642455996197,20.3656351407814,3627.2334416750746,81.79211712627745,BENIGN
20.275360750314515,43,24,3680.3822083735176,122.21845942324116,422.5672023983492,24.769565253641343,243.7186347229413,387.0136236265066,52.92557866029102,18134.73718407249,21.84658072731948,BENIGN
698.6028156955961,40,26,963.7068270045652,30.54062190800862,139.0819825964971,126.00397494723984,350.0475899370509,172.37601676791763,8.938249627792217,12315.350372010776,193.45790829721716,BENIGN
1183.132238036574,43,26,499.47032801428907,453.9777319557876,501.7750316225361,7.1535735973739385,404.9066021011249,101.19641277201434,3.374226357999136,4425.606612001412,50.17250337684608,BENIGN
3337.565162052098,60,31,1498.2075845939223,578.0737744915616,880.0720489206817,32.71180415785045,278.20176819187816,114.99163332561702,244.4341131218982,19036.995630986443,225.6660078619681,BENIGN
208.4041614360645,43,19,668.3006705825281,54.820945864506186,234.0584134517519,56.816641081481,416.5065364299767,261.8575727351245,28.517857221967624,3628.2611759959927,163.07034131275452,BENIGN
1287.4601752812196,46,42,1011.1080281712262,305.9472413670512,907.8993040347688,39.49993621754362,372.58801431532,111.86847594268706,31.13963905432273,77.91710831502752,7.784716229829154,BENIGN
365.9513629547137,43,30,600.0516545820847,584.6033042243539,825.701998946203,65.99790688325604,86.05654986078088,184.17553125138332,5.774797828077192,2984.7674611495067,203.41643967574376,BENIGN
898.7945241869189,50,39,1277.6715172271504,783.9150784171486,241.60057784891825,6.601419294200821,232.5711765586854,377.2791988176765,14.470200983016326,9284.507258424228,134.90342733369192,BENIGN
2054.5033221429358,52,30,287.1076922508465,1136.1526039059145,176.20929742088785,15.677549950069972,307.6886722468314,249.16444300559436,9.153693923127191,4908.603720969479,102.23673694040404,BENIGN
743.4123501127027,59,29,75.23808839446039,462.786550032016,208.53537556656624,113.021134314642,283.75275564638764,585.0020714194177,11.214496500051444,1394.4973578192346,73.91460589948228,BENIGN
1492.6978155562588,59,33,4345.047224383593,836.254734827674,285.4228138773964,30.29215893492549,300.0790537998039,451.6557956959005,3.6051258944170335,5221.081577673132,243.01158915233543,BENIGN
867.7058455294674,53,28,4896.54304506479,1542.4582659009584,237.67482106102227,55.44680437486698,354.63303308965044,252.14346802867504,10.99970847702642,26272.40908194316,14.55059097030268,BENIGN
577.9834312733013,53,26,499.4292676227752,86.35363373332865,584.9149515483506,59.35432073476765,332.2091512864987,321.3772993958773,3.202718767579732,17510.265389064003,116.02469141743012,BENIGN
1493.903165481272,45,28,1215.9951774806225,477.0213473822121,80.8147816563677,30.617006449452944,507.0923620623959,282.60274146611346,6.662727043856562,244.05652777319148,104.9059039384578,BENIGN
2877.089035892496,45,37,366.2294441836872,398.02055127194393,589.7144862830429,9.378725244605386,454.0041544675204,69.83827322728808,5.058119302761934,14585.527009640962,100.02647782953792,BENIGN
195.32019762394583,45,35,1413.3487719366642,787.0395798230916,105.81680994503544,0.5585598533662894,278.70646849766763,160.01308341840397,13.548604931567738,2136.9898050017136,121.13483922889992,BENIGN
317.6536149880321,50,24,1076.6759358791296,464.2602041072096,421.6037289428515,31.9576150324015,162.7253013879716,587.3773397916209,6.515075943696308,20597.48845705629,33.06839388647192,BENIGN
1768.4023716049078,53,28,1061.4082829906645,162.53086591607354,253.07707393951063,58.06743027913149,60.10021267996484,228.9939629664499,25.053376965551507,2441.3056695261453,225.54013143895816,BENIGN
285.5292031963382,54,23,797.3069409778512,57.80830330029526,439.7543675216908,35.43873969708956,229.46051107358855,274.4917495754558,44.00712605084425,31098.83905144957,17.11957470197706,BENIGN
1801.4898907711345,47,37,548.3313189349386,871.7517771964812,74.35595343770356,35.87481500770524,409.3007501319161,655.3128839217152,3.4546280486169145,6310.830766613408,199.2711277531351,BENIGN
304.1693020055879,56,35,968.1327693241728,2900.5319344500044,223.72335402583167,15.854745657812089,164.23472788916257,318.8487609515915,34.02866336569292,7229.931605945131,205.45719495712171,BENIGN
566.5107910082498,55,33,641.4063779032168,449.0965529553061,514.5489137798513,9.59265415404262,379.6543264736112,378.1952345384847,0.6874628112799308,4135.939475181171,56.27773154895631,BENIGN
197.6658936465737,44,33,1877.8422592153288,448.0849797274552,928.4883752138472,41.60956479020667,248.08250153322743,332.60118953436904,7.237804595361523,13498.628848905517,72.4270887456563,BENIGN
224.31134374225795,41,24,6316.587024095633,342.4593393201588,671.3893939398416,48.47773531050492,303.2693227447823,221.3888236323212,152.39060172678745,7238.428649256614,91.74433233416556,BENIGN
1071.8132881697625,51,32,1024.6279453986322,16.262279749441138,126.49015430393467,41.734646081505225,402.387815939674,182.0415394199409,28.335134222162495,8388.004160737095,64.9024090028895,BENIGN
461.7390844520374,48,39,339.07702126891195,1247.7074866256476,485.5552695904463,133.54644490250664,285.4819712532737,575.203915688675,38.042318954800194,275.5521755706334,95.21998375931987,BENIGN
777.1798856802494,52,35,2527.548436250183,3620.3777791406415,134.22127595028897,26.749498535922054,195.5170831952198,288.8059459514557,47.30494093450498,4166.759176059725,12.168274914392104,BENIGN
419.6617940023343,50,22,198.5461016514827,2027.643997805417,696.6566771505003,32.44898498784132,179.98850570598876,415.2538329476649,48.76982405767207,32252.32455334379,21.26659158040099,BENIGN
963.936419022188,50,26,3060.8940339125825,65.25982964738567,59.1163427189688,101.32727584773676,224.86853022290884,377.50965400828346,54.975767921194574,2832.577735314482,42.04679266177136,BENIGN
529.3774323335773,44,36,1640.206838956234,246.6219157846619,749.3597281472763,26.046497039837725,473.86898648733927,304.11664715052893,17.630784619769884,20258.064400977502,15.089693764466473,BENIGN
527.4715511697289,55,35,139.0848091160253,846.2723831719826,525.7215164469562,79.34619944146631,199.1851333998689,602.5855898784522,5.359090520795268,9299.932433290634,39.98851752100267,BENIGN
1582.3848901976178,59,32,1645.8046568343398,91.3433573669398,414.27806040426793,141.55061161606187,241.7653057162105,287.1168751918276,22.86679211988482,3022.050363115064,29.49073558234108,BENIGN
1393.306860907043,49,37,505.8484300347173,1373.8388269254383,515.4180325209227,2.933040871210556,420.572082096829,134.35173886234764,6.999265959508351,22527.18818864469,0.9904549951846372,BENIGN
601.056137962785,50,36,319.41462852952503,1.418818466957628,681.2741392079542,60.14973546593192,433.0185425305726,362.258138841968,33.48239403757609,8655.21038114759,65.28917395833591,BENIGN
1355.7775216283962,49,31,45.122659170893066,289.2797517279436,429.4436090966776,20.950799083386304,231.30192777362657,141.01020478135047,54.45965491762875,7166.8861822422,27.499290897978284,BENIGN
81.70455545483111,46,30,7623.308917110416,70.46849555455303,526.1081335347944,36.16524046187183,397.49883051053496,725.2450064395708,1.1976406990986692,125.03417991149662,190.65531344997805,BENIGN
833.1687421479584,45,30,1284.6090691624768,987.6424986853004,258.9785708114518,23.473234183088152,307.1726485727891,54.73599349961584,17.50454637589147,33735.86440802016,94.19308377900488,BENIGN
927.1317394188784,59,33,2000.8563689264904,141.45531235774703,778.9845679974629,113.47025214171003,116.34244305552424,72.97590310839269,1.7879094613645512,12008.244009776248,407.24356450962506,BENIGN
897.5047213097606,63,24,1995.1734668119936,549.1823471580256,48.08560497810464,37.7744270358678,200.93592603169455,381.0122539850935,45.3336657248424,10364.67684172018,45.88129626895466,BENIGN
1814.257412112832,44,33,229.35008646815123,1728.8929818027143,170.16284455998095,41.66106190048208,306.0661269234058,86.29374939367169,3.779201038297777,22910.253354749584,88.07013949929393,BENIGN
644.5282174574712,49,24,22.38151101498757,1137.8061061510914,349.16580451739185,101.31045478966958,402.04551733602335,148.55862559588164,50.39644493153713,21830.927821167792,43.60067487918635,BENIGN
5271.931976736665,49,23,4169.454806121776,2740.0836119027977,143.91319007189193,8.624411593629318,320.70681091862554,129.62844799175082,88.91440647723137,4288.500507351461,48.035418380237225,BENIGN
85.74490745693609,44,22,20.80732892437257,799.0791900324726,1006.6297839474382,7.294050729034783,335.8607005753173,85.50680289846387,11.210741079965953,2623.6140277079858,41.62287512928576,BENIGN
298.3273700614889,49,25,1279.702891403222,638.1639353330131,436.70657308520464,48.12508966663195,361.354195649616,340.6417787446133,36.98025745353938,6741.023883524375,294.2227476957773,BENIGN
662.6916835373415,38,38,1794.1669768963416,209.9656527958698,499.47559823530855,18.588139136495315,300.0503320964622,562.5080749497429,24.892145878697683,3002.118187294804,206.7126455483696,BENIGN
1862.932610814589,52,29,3721.596426416517,66.36694547059082,424.8797807170096,77.49836700637569,221.6083597536956,200.1650815286272,0.6002064078333899,21295.79685528318,392.76608606034233,BENIGN
1037.3363318871632,55,43,203.11912854465464,473.8070908976152,869.5871510407967,68.14414898713913,289.6415411512316,209.14270394066807,23.34767997527916,14416.450976069726,55.38746167523784,BENIGN
516.8453767797388,47,34,1826.2407174040547,470.9515841759322,317.6429402946946,17.443131851970097,264.7978818105766,73.33393676789714,42.05888499028824,1518.439682803731,61.85484478457004,BENIGN
317.45231505151145,50,43,1924.7919344205116,88.48626935303841,275.3017812740843,89.34187839078128,323.0241578680527,1212.9585288603705,55.16896705651968,24120.981693884703,93.58066961484026,BENIGN
34.25651522757978,49,28,487.0234023652853,562.6414596540915,358.5851095168735,56.17637109346354,354.2016829723021,615.0721398555305,1.458629884431527,6734.229812573649,148.0651511169132,BENIGN
1128.1267916175996,58,30,331.0916093104415,709.9625633571945,722.6000188672054,33.933013896897656,180.04132751371213,211.72661337600152,71.35154877177273,31508.482100164125,83.4535991651594,BENIGN
712.1712524346368,44,39,229.6048550677722,1022.7601142181752,230.36122895295267,22.053964466821725,254.40727881248,134.74783576580387,21.45044996370417,27127.63845946524,498.8594332461026,BENIGN
2327.0113322475054,58,27,220.62724906514092,495.8666041029399,296.6203796938493,5.886527457421898,553.2939708888838,375.6355210143871,23.262818706746877,7847.292636112439,1.2736184950115834,BENIGN
477.63511174466777,47,27,1398.0512426018292,151.06330032175757,190.71392840228864,5.488161544837231,388.5996000853776,62.67074859939158,11.253059783906366,9036.934329622462,141.2179650411383,BENIGN
1147.64672952438,30,29,229.4742134762217,439.65992834877466,604.9005613682866,192.65013808371896,397.03309320312553,102.1969695772962,55.51249072813636,3219.965009680121,25.377365503795,BENIGN
1980.8107067353585,45,41,1235.5804260046675,54.086696092270046,239.95636833520223,28.916730533987334,276.3976601142497,110.53688234426548,9.402196628188303,24342.611704209958,69.24043456634169,BENIGN
992.6282903811874,50,31,1645.0267102870305,1981.616717266884,304.0024072177927,53.27143164922388,489.3785940236891,142.9561788000014,1.815192687137419,5775.22842749114,13.045273181072384,BENIGN
233.5921861859597,41,24,786.6566552905947,48.9691307974332,107.8367903915918,118.27497394728312,156.17723535566645,228.2188860224363,70.43802924496549,20666.60137294172,13.11553493931868,BENIGN
316.5604432088257,39,30,1467.0266805168385,1359.4745762794194,285.62655881893534,2.832169245645811,105.2204976044321,78.0034862195371,14.530489661042084,12806.6226892746,154.06781825276863,BENIGN
167.11761040988898,37,29,1036.0336608140367,34.27973575923858,347.8728531276579,49.84998229433543,197.72748542212116,164.99599870837426,38.87819121654783,899.4097328949696,56.65227457073904,BENIGN
1263.9528090364834,49,24,48.78249212923141,1544.364675789728,442.6940144710462,3.546097585875718,295.68883647377896,490.582368415787,11.32226836331668,13941.743394407164,88.67316732759652,BENIGN
1814.0868506209324,61,39,846.1803320753653,1958.576346297344,329.66623589944186,5.488366514233566,326.2937062160156,64.18335736723257,30.893919481192047,16862.204285045915,206.74068878650377,BENIGN
61.46838586392217,57,19,790.3244099812038,747.5431581467692,28.91490563943197,11.65927987704294,237.61057034836205,357.7489992631928,12.577580914455858,3356.443572884792,437.2487892112201,BENIGN
1422.0303685493482,41,26,749.0710806020961,397.7704578725931,46.69197668521207,119.32871831758256,262.07238892807845,658.6432834244132,28.69432733706092,8310.069226756368,144.20142301350486,BENIGN
316.9504858103928,52,28,121.98622130268264,434.2853039694032,411.6907878589528,17.849612955876175,150.06577782840012,514.6644424684088,47.5641143425012,16155.997602452988,26.994183131319044,BENIGN
1599.0627194510662,41,26,655.8518328428962,2478.394399163216,365.1360217845743,21.94210487693121,162.39613836306373,105.01341670717896,48.08670190144475,8940.207933284775,32.602784440459224,BENIGN
1698.1265530907294,51,28,1993.7184342059263,692.7151207106042,508.9541424614703,15.473212105130957,294.49048680740594,384.5652015812913,45.48961326111932,5786.426905114277,166.9157008288677,BENIGN
563.8488706998093,53,33,55.63676976249693,1659.7270018586985,599.7795833932653,2.781658405548029,313.49900066954393,448.37735771746094,101.0426658638454,6455.29396682477,188.28453767517053,BENIGN
266.197307684206,46,30,1796.2210967624562,2.5724431670016643,144.48229305350543,37.17031175627948,286.94471970961763,110.77135663855172,48.3568469505064,8485.951372724316,6.199481947514827,BENIGN
1101.2890836523804,60,28,91.57435738586904,1261.0288969193357,125.59325675106834,30.53009946384977,286.37355975192827,318.42437649238855,66.08066659396245,6558.165771538686,186.77820221133945,BENIGN
64.70195151063191,51,23,4888.736836794683,823.0629454537891,245.7178683837828,78.58085448666287,228.3013440365688,194.36303112886665,0.564941101841962,5446.104274851691,23.137085951687784,BENIGN
865.869676098229,54,29,1686.5064830930892,1241.1633339454515,534.4916390515849,21.32116666534274,225.9476063669394,592.6260708424564,13.55613422521219,5498.701466072977,28.05788511411517,BENIGN
778.0483709672553,50,32,567.2642132566191,1544.6561035275313,498.50951237148894,59.3572462473851,293.47781298189017,103.22002467443156,20.457088506227254,14466.599705265353,28.86265879685857,BENIGN
1964.6473223044425,48,33,280.68466715855084,189.4739163763132,271.4109114618095,214.4606176706444,280.6327739674805,161.5227174017312,19.22762227542944,916.6225798728236,71.06785140623492,BENIGN
232.61442908307976,46,33,2649.492042009773,188.79095236428668,169.6649261363333,61.811395716227615,167.55899985895198,472.2490761350247,7.355191055162267,27749.04524237677,81.21058157823312,BENIGN
987.9717054620768,55,22,2671.011800594844,760.5284692619405,218.25794898927927,87.37177429828746,142.1778824013425,408.9643576557815,40.36535953455173,9299.204140338425,83.90865073577774,BENIGN
1337.5360430156609,48,31,0.1012498869646338,1052.169971285309,106.70751793753004,95.50193961230208,288.2806443994815,171.42057530675058,8.772314157634925,35795.86872529426,166.30806774868262,BENIGN
2217.721229160009,47,30,1974.627124244886,430.4707166566243,360.2954569786476,69.52296028991285,298.5985995241302,169.79301940547506,22.3234063043183,27281.729430386724,323.93724861263064,BENIGN
40.0567162210924,43,30,3123.7289920201883,275.33134904590946,340.7293196257701,74.86323786083736,267.9101002194517,481.99424656683664,11.888550365066092,3491.57640787261,52.92795227630869,BENIGN
200.42113164163985,57,30,1191.9957960478491,721.7491555895749,590.3972230659285,5.463893260361986,481.9611801923662,521.9976554131274,16.830931386496765,1556.458278730308,181.0352467726309,BENIGN
2190.966347920705,45,34,1452.709953991866,1525.210891568556,580.7788158560207,2.447913565174643,377.7001788699996,501.63068060679177,34.983683365901264,1765.6754576829014,100.86414730891008,BENIGN
52.50477068702344,54,27,4050.725881743036,344.4371466597119,401.3527278608431,10.016199655543874,396.7998215012016,288.74820490511,11.833662528418794,13526.775009985347,71.73720977426254,BENIGN
260.8430311100646,48,33,254.3457381758265,179.19767528367768,480.179122596647,7.493033964342759,254.23326051717495,118.39784727261777,1.053868268958748,3165.671253326044,94.7960110204542,BENIGN
4038.64216601592,39,25,2468.242228020556,938.5252534939658,393.4223927200371,21.647725151315413,300.7750192407151,116.2215646447706,10.25416418522825,10001.928564364523,214.9778752484416,BENIGN
758.3731970333133,43,37,630.9540174034031,213.90333461046012,264.8133585055276,46.9747193510294,268.26520216405686,670.6361287313299,8.423894758839086,1071.3580164561522,48.27455465416724,BENIGN
1512.2407575727966,43,27,1111.9262476553718,332.94655305183977,475.3064683178433,55.04621744146505,269.98075160401646,605.5320128267446,20.691922510659936,5398.550258912368,67.52199188067766,BENIGN
704.6060711557683,45,26,2069.2892888310694,345.6421326081468,252.23594128997323,22.26698819402469,153.7756808684416,120.96709628438856,17.404492998055613,1683.3649468808792,2.8292938124989,BENIGN
1999.9571820367423,59,21,329.90350579079626,1668.524677680888,313.6110145551187,58.63649793205308,349.9160207164724,224.34823795346213,8.95543810041959,3854.7672631427367,62.82793418833306,BENIGN
25.67760954147438,42,27,92.07296725260548,56.75410062798776,142.9840717357007,191.3437823758709,425.3057618180662,454.13495370378376,24.87174853080773,1833.6607959736184,9.19832856559728,BENIGN
962.7424349612866,54,34,674.9901458692957,106.0649776730508,285.94121611215144,70.08701923638534,363.51798604694767,376.62738744284366,6.476218921317807,5484.355726284807,26.738949050548367,BENIGN
297.87682322247565,55,31,2621.8731481645987,171.59612179884894,764.723072487301,44.03480947711875,142.722542030941,474.8652864941842,20.734652128590813,25086.5900714705,52.65271129596375,BENIGN
104.44770971109276,57,34,2574.918402774003,899.8027160466768,312.4903291761558,61.17234389339694,388.1966673484294,488.5796184030981,30.951916436384447,11124.100877760618,2.937687215256043,BENIGN
1274.3380405978253,54,34,4075.271149389015,209.11086578378695,236.04449658388828,94.54853754945248,310.9988913140575,175.58955147834936,27.17333863287878,4986.656348129552,30.503683814990666,BENIGN
1298.9029788178889,48,37,1760.067740537213,26.12198836452324,104.0264813298599,3.6278093913489498,139.65255296271832,542.0883481522147,5.420616354711666,4268.579709864353,35.42143982475599,BENIGN
287.24077349213206,47,33,745.6137059029861,838.842392200776,72.89644547443305,40.77456187574488,214.40204505502948,665.8927007943215,63.60621633639526,38033.03009750595,23.318274492475048,BENIGN
1490.0285583409177,55,28,2029.0542055179965,333.75003500041123,211.71723428418017,123.71763116650118,227.1301536713309,528.8505456225245,20.28700754532959,8167.275656135214,66.6062114111688,BENIGN
395.2098359978601,57,33,1542.0830795242823,188.54506616635956,241.1283359844093,47.54082014197816,429.6321837075541,308.8262235288404,5.148307696690973,23613.18781694353,37.40340890943877,BENIGN
466.0258416288361,44,32,3194.566993365765,360.0973863651351,1651.015659322557,30.98120705447745,404.0206082346232,484.13036941492135,17.486795870507493,1134.783681970775,31.355382073799333,BENIGN
3066.216529074919,49,26,51.793737957670295,427.9335691819919,767.3405460658446,49.3421876911489,301.7253543633645,461.32506729319226,9.812106354366705,7425.812982060471,203.20035060755995,BENIGN
1422.9802649098478,54,29,839.8358425211119,245.76932739448503,361.7748781572636,6.211063529195108,365.584096330099,74.18175933092601,6.737628089988423,308.35672137101454,24.126874456660737,BENIGN
2260.3875099891225,67,30,1417.721958476366,1525.61275798954,315.3498802345009,84.23064184629214,267.30788019532,229.7545676940404,14.083010849860663,37572.073195625,39.1127308619079,BENIGN
341.0385814119751,54,36,456.7193831803521,600.5264092286554,755.9211018321798,79.49214117055237,263.2382815667843,413.7757998398645,7.473709595487444,2423.9727483775723,18.881993978525127,BENIGN
1627.6198844536082,42,36,507.6854797343969,190.73239041803367,98.75239778482964,12.405632480616369,240.2369920893445,265.12873884989494,2.556805897382225,8171.954780934173,67.08640731895919,BENIGN
1436.2184340838892,46,30,157.86321486533993,2132.133496816381,524.2555703078131,76.85514074191175,198.2702203604773,312.8483779282976,51.97594228228783,4066.631391209007,68.95742018197178,BENIGN
2066.906341267767,50,37,132.77823207205873,402.80192444792266,454.5838248546569,142.02362991359132,402.95510487889135,121.67738818894426,13.70535427711333,11004.674681840974,187.66224558894064,BENIGN
286.3612599209348,66,21,646.413395276553,671.6613012218479,154.2981096424622,5.0626581313943175,375.8083009425723,94.67692024547242,41.61347794893212,6549.226511394878,17.00478530070152,BENIGN
1152.7507630986618,58,24,598.9734695635193,143.6278926905254,180.90980778891677,31.205372761489908,276.295369926225,419.93503429565527,16.522591979827634,11918.56708092956,5.318293080715112,BENIGN
1617.153157961547,60,32,627.9929854411508,55.69284595840976,136.53106542239627,17.064817719171756,402.4291682718649,237.13172808767536,38.02712608646432,2795.57264093802,77.2979782077998,BENIGN
607.2851152877793,46,36,1580.1179227907417,111.06948727455664,250.0523830654529,58.43140988578054,359.1984799362389,105.32000294673166,0.886582378197244,6951.111245406039,129.93736294727904,BENIGN
627.9396760045075,39,36,2829.8418756864726,655.7056031311187,250.03792983046696,65.95631890703079,440.8207420136728,487.1377024484902,10.522557549771165,3395.1567026274874,261.12751813617456,BENIGN
467.2104005506762,49,36,1543.2320557412104,154.91389761133516,525.9538318783983,45.65063523255816,59.80403103091635,62.474394678924426,16.193429022835463,5218.054358284996,60.42041401975076,BENIGN
1155.609111636457,53,33,464.724600786932,1585.6113013702577,555.8137199287759,23.624472678649223,319.79757801958635,902.2939816504272,18.58226229697531,3154.394998950878,21.980403857190144,BENIGN
3382.7929410405413,39,31,388.2907898325812,694.9144893498304,138.55614848482645,26.64588899312458,237.3563747314745,228.76405080387053,26.25921050020252,2670.2658704246824,122.52072840742174,BENIGN
1049.2167271152298,48,34,6732.046384909646,456.8711482603546,193.5692316219415,7.424964851068398,203.37887834311488,150.09690191692525,34.90003687864993,14933.101789534672,17.937068865786284,BENIGN
660.5007924873811,44,34,1238.1737306354044,556.2027180395569,154.1924025090373,42.11122745676742,303.35046063987875,381.00839498263633,8.28225611062666,1512.3306687537954,63.54313904083065,BENIGN
1905.1986230442049,52,21,92.50751227056284,125.10553631319436,305.7583330357461,40.29711644838184,140.91796321761623,129.4148687667054,21.654008419946702,1127.5129379339749,379.55613307842697,BENIGN
197.2707055238353,48,30,751.8853710462263,581.9932832220053,375.8579626367084,231.3872252299425,403.479151386846,668.7370188332279,16.702320257935938,924.2732805657836,3.97899953870071,BENIGN
1316.7456935454493,59,21,1724.9173103275186,721.5792159454027,361.6599618469972,95.60332664102276,109.65149676521476,178.24771570933905,12.01826181920748,955.5125497876904,28.84156927938954,BENIGN
977.8891428190236,29,19,2143.836762594312,608.0162080641207,487.1414167871288,16.448417857764642,317.7032822760353,96.91852432195908,4.551288210604419,363.7120070201897,165.23871541785368,BENIGN
3779.8631125622287,54,30,1174.221992147397,632.9049579035196,285.30044385736096,23.356137046171195,450.4656978802352,696.0934863513007,24.57881093713661,17202.719505873996,3.021299827841272,BENIGN
831.4686304896669,39,39,883.0391390931231,927.873625512132,408.79454902608,13.913352451396625,267.32449138377046,288.26087323124443,37.26845447830509,9260.91298039685,223.46795834316745,BENIGN
2917.376724309139,50,37,23.99324390936265,787.6055447369267,1143.2229997524137,30.96259694934465,361.2924867925059,436.13371376889046,24.315374139587583,1887.1767302215244,34.23817747273024,BENIGN
1074.974764054998,59,33,4800.003998627461,66.28392349816568,255.4727311161692,38.45886362437562,208.6541832648482,328.98633786442275,6.026718453445278,2064.363788497039,8.44293220926105,BENIGN
2986.190415374668,55,36,726.0742638796931,92.23307141344912,46.887659168596,18.312215292125217,262.37666639904273,462.7577178147976,13.105984160729884,26444.09032503922,365.5847821593528,BENIGN
11.483669104263557,68,31,436.9875793880329,89.43924384354612,429.77056268493214,91.12837933600512,246.25303775138948,51.431743089796605,150.5157664306329,7735.443394365249,6.408065364376207,BENIGN
509.7138756523765,61,36,508.81567739542817,2109.4485533864126,13.513329720619751,16.71961342289095,233.7186083818453,98.44647684822344,43.34122155603277,37550.07423171065,71.00289764513364,BENIGN
2090.053110892787,53,36,1794.8856616283997,720.1511322884768,511.67610242887,59.50596071509068,450.36536036694736,574.6103684021402,6.850183543883701,6552.745759247084,152.06177031566764,BENIGN
2006.2440619681547,50,34,1197.2253773321866,72.82579330569673,578.9124343243918,47.91668377332864,318.2100371512802,333.029620487124,58.08400330622309,71749.55873801048,12.318593102768652,BENIGN
566.2234725034117,51,22,167.78973920551928,205.35034390262808,443.5363658555474,60.493489825356015,357.0646387313398,300.76682063630307,32.303320458665084,1636.8510702358085,301.34855591211925,BENIGN
1403.501450995342,54,21,1292.390084221571,4.685627778716181,328.48784194466,96.84270632945548,301.54619534174697,72.53323198620733,0.4150954951305326,295.3783407533662,41.81578011780695,BENIGN
532.079354152605,54,28,870.1857355636465,718.6143966335055,174.71571746591005,239.5785833767412,331.1594592928168,234.02267282214245,14.472312555858592,14833.22874613538,200.9588114048736,BENIGN
818.8448455577072,48,37,2086.5117403371714,1475.2485195259485,344.3399899494924,9.765845542253963,201.27373303341744,657.6104977751869,49.83799681547561,1155.414942526964,97.21914239032992,BENIGN
26.02538633000231,47,29,4987.538559405801,1200.5170786709616,84.44022676263995,2.9188848489405164,195.2365793860241,10.063308037593954,7.582040449034501,9138.882547798585,72.94314890236231,BENIGN
290.7731597904565,52,49,612.656600812328,853.9598589129231,86.6007385907829,7.104633220890312,382.3237685271359,134.2964067579417,5.1183324252739055,15738.36260383972,163.87560254862484,BENIGN
1227.502425593323,53,23,189.94658537061156,651.4853571721983,202.48894270996672,26.10682836597718,266.5772023830159,207.35192439998312,18.78568114723445,1633.8707657885118,4.126809957687303,BENIGN
1186.4488197091214,46,35,129.9785762087944,975.3230130585324,702.1895393624151,12.64311483703715,375.4306208633287,290.8470952784972,17.885884410266684,12207.539268460332,39.8734435885064,BENIGN
243.3863619780416,37,27,1059.2611272547376,473.1226890170523,276.34382029017456,13.025831462204293,260.54078841312173,357.13777907740865,87.90498104098484,28046.671515395785,177.35493286307008,BENIGN
3376.177831884106,62,35,60.25732377258859,928.3446609055558,784.9248807088106,28.900304309313903,368.6947294087625,566.6516903115916,22.59120416911125,15260.778054162716,32.814688632475765,BENIGN
3910.5405727172174,50,27,1018.883886577454,235.52713317310472,371.5263093592488,5.1399740765288495,204.86943183446996,542.5786782178941,9.06749801269915,7518.581061987216,25.030207029718557,BENIGN
2010.6294174939903,54,26,2963.7036640800807,355.5732110182853,65.30930745097395,41.70371575694341,423.0179449266733,404.3448586310395,138.22111376685177,1329.9921829141178,175.41714585968228,BENIGN
353.3238189046705,48,16,2900.1805896849105,278.5225305147744,219.4558663462021,37.577038328448566,270.00867534304695,380.2799900773371,10.669196412302766,2006.318749895187,5.771087619566582,BENIGN
829.9285727291361,51,29,711.8563674701456,2095.953152571718,193.68333847551585,78.68280114006546,372.21910221359866,249.2208517292664,4.723269533699814,66002.46717885828,52.46154826698599,BENIGN
109.1834971264241,50,32,281.5227663077849,329.33643648705987,111.9489100502352,95.33159979947666,164.6220269608617,173.26279030991043,61.5862889453665,1239.7279737670142,95.82829795588133,BENIGN
2722.718975962064,51,26,3081.6242648972184,470.95474942806953,445.17514734978806,16.965321094829807,138.1590309880666,64.53897914663506,34.33951214881316,16060.998996318043,29.76090591031473,BENIGN
140.26677961013675,57,25,2272.5985636311525,721.0907282465508,527.9192913169678,135.0691687305823,290.67120734184164,321.39318166803383,41.45590362855178,8383.38501522145,16.637858926512834,BENIGN
812.3602967116906,54,28,5343.16932064731,203.4510707322011,191.15764538222805,23.443714237901016,292.35269285720625,618.4095078680054,5.231992733223004,10540.726792915068,34.39819919205436,BENIGN
2512.399543274232,53,36,3638.124013677465,1588.7029276547526,434.1831390585303,25.11116457929778,303.6113423416277,363.55955064502456,13.503580603960968,15806.195509349474,70.83789713873327,BENIGN
127.56310328478126,41,29,452.67646777862456,1482.5104242427549,221.20206242316667,23.513639241132147,232.42617241354924,343.644870447365,78.31963390257697,3457.094225655312,80.59894981766192,BENIGN
914.691324214182,55,31,5963.910659750777,229.98926498790925,96.4631468930332,87.19011471140627,532.9374669206253,30.617405977528684,4.283232986502933,3116.056252278504,47.00004628333868,BENIGN
1630.4856960335478,62,32,958.9443681414592,520.5218596641414,536.0940092726366,11.164925695116224,256.14489701382274,743.5474906241017,1.6984790990903411,1564.3350999814304,148.57162529950932,BENIGN
561.5460355367736,39,27,808.1212364617409,181.44559538055051,1099.261048371783,17.680196950606135,276.7460671225414,90.8374742415798,18.083392898057884,9624.860478142553,57.61237032128356,BENIGN
123.15010460444964,49,32,133.621720561661,450.25017175565046,225.16659364021612,159.25387606220255,465.6901779478617,350.4353569205509,27.04579405522841,6995.769784447629,9.806535831331743,BENIGN
71.53567694042991,53,33,60.69799181845817,416.8745399827516,269.4946269581908,39.720428597283146,341.8850600132641,45.67019693144107,3.125471760403614,2860.3182881474886,74.8344003105895,BENIGN
797.461315695393,48,28,2560.9250103402464,197.28234799729032,21.3872061514873,1.1353917889779417,323.10270415254325,252.2793953940593,45.76154500581856,324.4686964314019,68.1942915118213,BENIGN
948.8031683082928,43,31,978.8920347920748,464.3197858076593,807.0448211529783,2.430628775388985,219.43407896912208,136.63108419011675,11.786176590144324,2270.9108044523264,16.5094779699799,BENIGN
1069.2573845171028,52,26,3624.650390621547,443.2104300331859,35.72122231422664,68.02706647642506,411.5255049747192,689.1653795420456,8.729991759022006,29263.76740416514,61.57910252186956,BENIGN
1019.2096135685008,44,32,274.4695084735527,857.5037430988766,384.258010729332,78.34165391360773,346.07516747224633,24.323693718107958,27.946661925348145,11026.364126800572,157.25926156875963,BENIGN
2320.362093040372,44,29,1591.4429921948968,714.3580547910414,318.9195089804484,106.7442807552152,456.9935022847197,149.39100973682426,7.20332469887953,3973.5412483964265,72.93372878351816,BENIGN
2051.15760370031,66,31,1073.4106185130895,117.104257762784,88.80707034790709,12.434110654654615,236.09192861490223,294.26845047501945,42.68764261218597,26702.5383421961,10.441568062836254,BENIGN
809.8719123476156,42,27,2358.768552354387,679.783445752276,364.4385998815799,49.91634948997429,368.0250145134156,103.98643659765102,5.139242498660774,1326.6339163914015,28.801821723253017,BENIGN
2173.275679463014,53,37,397.8074031995424,1529.394934426878,156.96996479644437,10.36338360493884,135.23386767518886,182.21189922184973,6.588080662080649,520.0241745083006,0.7826817573967317,BENIGN
744.544354543604,49,22,543.2919718617533,2349.302242329173,394.78714310160655,54.942031167201954,350.3151678892346,107.3750865171388,6.003789595831356,1796.0039533271631,170.9506346883053,BENIGN
4177.926595016946,57,24,1203.0291238355162,359.6322494889732,274.706029869163,46.31740680234335,254.17176905772044,357.3073451523159,8.28326799792825,5930.2650345488055,187.90652604183,BENIGN
79.30213477005081,35,19,580.0188618049967,34.76590625443567,687.3607720406886,43.28481979712539,323.4080654471944,284.641493037559,74.93510281609883,12177.471444291665,46.27942459563239,BENIGN
234.89903118153325,52,28,3813.506802173105,49.28639866312839,265.01828566452843,50.39162996898915,492.1457414498799,91.19544212427644,48.83184474406944,5472.155217244061,20.65601979679792,BENIGN
1655.605629756399,46,22,146.20473338279606,834.046224492798,939.526841738844,125.2175842584966,244.1070677700567,324.92184627782626,28.4999899894938,1916.1544476318643,109.7003401145612,BENIGN
772.2395349174068,40,29,2562.73187362946,922.7815013431645,204.49810340673375,81.61369480916049,362.9050726210408,655.4226602120137,66.06468487218693,9119.904052425398,50.02035766751482,BENIGN
3024.2005201247325,44,36,988.398188057024,76.35053350379751,300.00581969250135,89.11738510632757,371.7962097852427,623.9378517585019,125.13794955360854,6232.104968962101,12.212241736336605,BENIGN
3324.7199885121486,43,28,1216.8340954099249,244.6516158312341,793.1289771786353,9.0643943634113,304.3911446810536,265.0355291900518,42.34186143383511,8845.366175003419,149.60808779683214,BENIGN
2276.891209370531,58,35,3681.2311915230366,878.1190266103462,202.77307979217449,33.125448999211415,427.49079447504033,637.0960993682231,2.852540288827294,3973.8247488452535,15.562431406082284,BENIGN
1652.3315728128766,52,30,496.6817145298882,897.0885516310892,203.04478309933356,65.16096522851875,370.6170508717096,38.701810773376735,52.06977229571308,3200.721140370048,273.4135257958245,BENIGN
1337.251919142745,65,23,156.46765017578963,65.95989185102435,34.857440357978966,18.96653772992466,253.9667286130177,86.5889434853094,159.95184975866678,6790.052731243113,71.22154263575675,BENIGN
70.06669271951631,38,20,5805.685574630164,285.571686256724,58.97879393456732,29.862217543102688,355.21838286664365,320.8320862573217,17.38069193524493,22085.850913596994,46.74489660135316,BENIGN
1102.876778404595,61,25,3570.52820092139,858.7175520034378,372.58767296343785,58.97711433010608,398.8529144849769,9.683223499434824,11.979939258709024,1609.9832781565656,50.44111668664897,BENIGN
1571.136827786808,49,28,2277.0944919694484,675.3692750837987,329.0178732786003,91.04751194878344,128.6032575346185,163.17535064352987,6.445313333144809,4094.4869674185934,12.717423039705722,BENIGN
319.3888921500612,52,24,1332.641142524118,220.11483683898243,160.130204189867,57.45592574032358,382.8177631499202,33.51615837154488,4.942683216859328,2833.62675644146,519.7895693683679,BENIGN
628.6582623108428,38,25,3205.0679663375136,17.318542978496446,665.5627320453704,44.008071828001306,190.68712482420452,209.0698307322141,2.2212306831532835,1019.5873688874286,190.2554632860596,BENIGN
962.905679748035,53,28,1188.218479602598,1690.1888203616777,411.62435351614334,28.88974523148377,516.501473777799,257.8386407178042,24.005132996728168,2867.1375217223103,0.4662979091966099,BENIGN
272.04862220899525,44,28,3245.6739697659277,1603.284261944875,570.3463802826186,437.4249033969985,277.8238844780307,89.69383478288745,14.891646547240226,2793.340768806105,232.5949907348841,BENIGN
1685.1032825640086,63,29,5124.90113331644,1849.3207631168484,673.6197574139186,73.9301843139728,205.93792892947656,231.8336906164312,41.50002390593595,16932.39338269423,228.9955562510309,BENIGN
408.387950571034,46,32,498.4553932207129,157.29641390032842,271.1303762878533,0.2289820090739824,292.8347243894545,214.5732864740204,1.6885856607541103,327.1349394539353,115.62335579742992,BENIGN
1245.2707658526183,42,28,1166.3604673192492,626.9143048865384,122.25593488443056,72.57152701462444,289.54140359202944,615.196905085562,55.13627423795485,28166.62255181136,44.22295289176021,BENIGN
3053.679593846005,45,40,80.78893523627276,2432.688392107438,734.5439276636596,33.70352446482472,254.7354521235256,243.2526076071593,14.207377127230078,12020.316588830345,156.20129929863316,BENIGN
1132.6237783834447,47,23,2236.92500124659,101.05956675034886,187.70025454555267,42.65361379314692,235.9682110040139,285.9879642836056,35.05650705781303,6513.306202873158,68.42205166699709,BENIGN
1624.6118643793573,49,27,98.62782021294537,537.3629527082454,257.3204297967041,146.765267739143,376.5599666264636,77.8561907102707,33.07164713096564,4614.303243652878,77.58462063652334,BENIGN
94.62915881162095,41,34,808.9153882938974,1063.5681013820276,233.9570699946337,0.9994302687578276,268.9506306875003,107.4373330427983,31.692782364924504,9909.43729505278,467.8184036207098,BENIGN
1312.562029535993,53,29,33.94344045316698,1119.6193680581866,418.71688869647465,11.264688979312016,292.9318421531764,144.00035343944614,1.1433654026615827,3108.448999244062,45.39009350465164,BENIGN
780.3643189371355,46,39,625.5378809899831,852.2576444269438,694.7594286877674,22.14554864536515,372.1533095034905,332.878440373073,1.9132851166693807,15669.555611672176,31.610250030805464,BENIGN
122.09192730281728,48,23,619.8527840985312,129.66005676750726,190.70752849130224,0.076045361161812,348.48743462205505,215.72956207996677,66.90145612485634,15852.003162712628,4.449664403265309,BENIGN
249.03332315328373,39,29,2610.840476517644,509.85344899636783,315.77489618530655,73.42861678704418,259.0946043502431,100.61349559939585,5.075952190771528,725.8323859421236,66.58910775689495,BENIGN
9.96013334727755,63,25,1166.2774800843968,352.36622645322603,533.858432807336,57.26565225128386,384.3846032410273,323.5203122514202,42.49773709902265,4353.330999100755,21.788745393389547,BENIGN
106.94046139193686,59,37,91.23839893300438,596.8074357000485,294.8976738419772,16.861402649330678,337.1052528829733,768.1071983117919,10.904719757240228,4084.212661996507,245.13639260530823,BENIGN
1388.756396005425,52,33,1308.1063333328696,516.9849135352817,529.2322883933053,100.4615094561346,207.1233839700101,238.4118264821556,7.851281235997376,30754.3380631996,77.78726645433544,BENIGN
235.85802995824005,57,33,496.7127982836373,2377.616516251141,339.8486810404038,39.71066612983335,480.6920077435704,112.82033961105827,14.608448847909225,15497.926470208367,79.327494546384,BENIGN
251.49326466168304,46,31,680.1066857019237,727.830692603178,295.1200659228528,10.69917791602661,290.34450053549426,336.3309685976462,13.15382504035682,11449.493701186157,136.41644861033592,BENIGN
921.00580446948,51,36,5048.331748724504,406.54551296042536,9.872183226270025,28.64332309804276,379.1608242114268,114.5939719157321,41.50767543617916,2230.663171379639,0.0842728527974959,BENIGN
186.9612519774164,49,24,1173.6998970294965,425.52386155480815,465.7035286897026,2.8008341833462245,629.4768788202572,150.7159585560846,30.7698661493782,2519.471168226399,201.20384638815972,BENIGN
117.88020797188024,47,29,995.4428823492314,2056.4625502246377,531.1568634542247,55.16709671928023,245.23120104364284,163.75597205567308,49.26787600187605,1083.3087817335834,66.70902362679028,BENIGN
418.32095439083207,55,28,610.7868498383009,203.9827222224238,444.4137233395621,129.79103483941492,195.69682890105224,156.09247743887832,54.62869180772226,2116.4855441429563,44.57256891691949,BENIGN
437.6138071241865,65,44,276.02211364358817,340.44800710843475,142.55699916358793,42.5746878102589,266.75605001900414,157.06847401719077,73.78406565078993,5645.661589600177,73.50876856634805,BENIGN
1525.2153933379457,49,39,567.1056397808006,1570.5790929389043,730.540566464894,76.7887863223755,75.25241035231824,103.52083163259262,12.179921686854904,27441.77689871752,32.11303217185428,BENIGN
542.8762162560071,48,47,527.5574399851434,1175.4218802403288,548.3275639138219,11.960766861953893,60.54445847558006,650.6607630063185,20.361060908400844,7503.403264312334,146.4893094348702,BENIGN
272.8541664069208,38,25,1744.9985965679043,76.4314542858084,384.2364078565385,56.282538927786376,175.122711303823,934.2117024006697,18.035524442145903,4002.794882940254,71.62953949986495,BENIGN
966.5039188925851,38,24,894.1258972312489,365.0158047522275,692.9064639631339,37.20109093507386,292.96504136096405,277.24070495470886,24.670612965762757,11120.110155299795,44.8055174061249,BENIGN
168.33026635169875,49,39,3295.7934522200603,281.23942935013605,351.2461682381555,25.93488353572911,245.9069786853371,582.1868580464171,46.9174211156215,26293.368480101777,180.4342905688376,BENIGN
460.6652777867604,56,27,162.33431031361405,2030.3671969807428,213.4782749192296,10.262853092852668,593.7917506535434,279.2141392110244,6.490577650938099,15179.606488860512,12.228285394721125,BENIGN
37.584477765522536,68,27,238.4919216739389,2163.586723017762,86.0609426259648,29.77882548212481,382.8312313823871,223.67770850031732,85.47332225004637,5320.95104605446,27.922271258361235,BENIGN
107.34300462488686,48,32,4174.796654098931,10.719333166812108,90.18440426694876,65.57867626482688,400.1868752119839,329.3960756745187,5.838755106040165,15067.500253249182,148.87957999928813,BENIGN
2542.207581901001,33,34,7539.221543863689,1400.8900376214565,302.7325838056288,70.14328576501896,385.96963258477945,73.34951558068958,3.602798312472729,12459.53181166262,58.33365760062323,BENIGN
124.31461585777976,58,31,2034.603995902736,148.37877893853826,162.68042499366894,90.12648062329107,198.22954871565815,146.44855984413158,23.47605079534946,2949.635004276427,183.26617372891135,BENIGN
2114.69751923952,42,30,313.1128630368035,4.794209203980524,571.3126719573083,88.23843401623552,286.26182736747046,186.20600367197292,74.43933188780504,32506.625739570147,12.24230039755569,BENIGN
476.4893930273885,44,30,2557.104248668679,33.813711417097814,555.2098094277702,56.02176523500471,327.73375624002387,281.1073735409495,10.754190065478738,6647.375396119964,187.4611731722364,BENIGN
542.6488522972961,43,29,1186.8544486780838,433.5785410994781,202.0469095172249,14.875957380011062,306.1133648775728,598.7918578993954,16.940696302092377,6395.521676634214,125.25757435842712,BENIGN
257.82509753304885,42,41,3148.633326776616,182.248098415094,451.0344241855893,103.70868212302952,207.3050280800663,366.8599556786081,12.177698826470706,3997.6924936839673,6.003873155255411,BENIGN
586.8421292278964,54,28,454.4592445063428,2535.98893358975,331.86241846276755,11.502919954407062,132.64282521711394,193.37836649492849,10.123914681601486,16222.085964535116,208.19315360627007,BENIGN
539.8999119392918,49,40,1317.3614359952646,20.040045353787036,882.442518015287,133.58877027802563,127.7133187024101,464.5141183745395,20.996604544010463,2841.534986908308,10.995796117420577,BENIGN
1846.2074817758744,64,30,2383.317753486962,3863.4747139725214,105.11653612861396,1.905735088796097,248.20534040531737,154.45518542230795,30.101127930144468,1903.4360868098463,56.19996457229786,BENIGN
647.8657891939863,49,19,98.49521959188314,2305.7967581318526,625.2124731255434,8.74332849354708,317.21051121802174,40.66582122469543,50.30299202172439,1845.2803004525724,34.91226700862996,BENIGN
677.5027809955307,51,36,494.1603205734075,432.3746691490181,263.10775784208136,20.22428728048793,381.90775947922623,294.65628004797475,31.958959515208218,19689.540392030376,22.1999904862082,BENIGN
2536.307940963276,46,27,397.3263127229383,346.96206127469696,48.29852810799679,40.55836635603413,421.75582967920656,279.50010068320034,5.549642263617741,5874.25367050072,63.813905957344986,BENIGN
76.33772255593708,37,27,2160.6760218754694,1549.9894017643742,334.724782412622,65.85229158323939,190.46054751364167,244.1796475799984,30.78081739785525,3477.512700951932,64.81603327100213,BENIGN
1036.124341547692,34,35,794.5433434077477,1267.9398600357663,1117.7326582413234,62.9821569795278,486.3869478683964,149.45330203234863,1.9837550586993369,34007.09115843481,98.67682616539727,BENIGN
571.9624967418865,39,28,275.4407336341889,241.7304070051534,250.46714580998463,15.766361026511188,254.27191435159523,192.04282012007545,16.896153946589955,5288.531301633537,23.894696097740376,BENIGN
117.06666958066148,51,32,749.0322070001093,209.4168162912225,64.62073778205739,2.244042409878426,349.30753746785444,46.11679374788769,21.81051814615956,3421.1240021126537,110.68877444942396,BENIGN
3949.690791335682,54,28,2999.3127941217726,181.3187295501516,402.74735836046654,46.12594802253555,353.85372208786976,203.35197054225625,17.97409748148162,11537.227886254032,195.8480424474656,BENIGN
968.3989670606796,44,24,2074.9968254320047,719.6256466546552,380.5086660234089,26.035857118515757,369.4288625499654,37.59314612184283,1.143681383407898,14178.635428944302,62.22993939547669,BENIGN
256.2208709727886,58,28,3775.074523805696,478.072107219165,287.7634942610805,3.2240170369443466,321.8513957240927,458.2059841559938,34.77784012673091,3880.437420868012,168.3509568084081,BENIGN
352.57153960555087,65,28,162.6242867897924,123.94811335001566,540.8852332174629,3.69642825707354,192.58794543934653,304.41877687997663,3.1182926144833965,813.8287648979167,62.19725155345619,BENIGN
1896.8488916563408,49,21,234.12624411605952,428.8272574104503,927.0189441794502,4.526552287247814,228.81885882847476,231.56233938816084,31.44091365135541,9133.757695940389,38.376104693546935,BENIGN
807.1096637333488,49,33,1213.041485481509,804.8289733990476,268.7255400023291,35.35022083103361,433.7646813944674,207.6557068666374,19.0916428666691,23130.06177276888,26.64158407961759,BENIGN
362.3286119012093,45,37,4208.671124463622,95.6497440759046,307.08952103551013,149.18609498505015,379.4868756778018,279.0219857192965,16.912138618179952,4902.237196198987,3.778507793650392,BENIGN
1537.4146022517225,49,32,6916.097097581572,938.739629551642,326.8314397830167,45.34310356823861,173.65626755089153,204.88118266546505,62.75224437277807,329.0170614695708,3.431339127395641,BENIGN
1789.3406902791594,63,40,1808.1079420670017,1504.403604168471,183.35366983965784,48.1802993571318,225.7509869877921,30.364223630987336,22.516246845731924,8465.231198915499,62.10743535675023,BENIGN
595.3140605103695,50,29,174.42870556227138,1000.8800341018836,335.7884244849769,10.19889326956105,318.6312088699236,294.7670222456581,1.1291179495393997,2608.847463542685,31.939574235404976,BENIGN
53.370485679008034,70,21,2261.5951462286757,948.0019428380494,301.1814333969958,47.70123808364703,228.2830953146482,712.5308609686718,6.821229371431518,10965.188243271454,30.213738853720173,BENIGN
523.1774683712669,51,40,1029.1403069071976,692.812101020374,748.4602678238944,39.71672653498577,331.5502793899526,360.1095961760676,64.14404775515527,3719.507281962264,12.435637211726696,BENIGN
1149.785726890819,58,28,1279.7844030172444,803.8341423243903,199.56471356681163,45.44276599715996,195.03453565901637,805.9493793300871,0.5344255572566343,3510.511549830207,90.51872879347388,BENIGN
59.84762284370608,60,34,282.6120265986948,770.2333069252503,252.514995495618,15.209679815347126,207.4865803126869,132.68076515033266,16.763515020068493,16721.6820371662,41.92556067315862,BENIGN
507.1547711457592,58,34,1129.4559911877388,105.9850350872874,366.9711580820263,14.998567604078142,331.9921258997039,258.63549230583067,4.113572391848839,6474.999304862789,76.78888739256213,BENIGN
341.4271728293356,67,26,303.7775586552747,277.8758270695413,216.1341737715729,9.503592487708564,381.6405459561537,298.2468804407864,22.690116130941085,8002.459944691831,77.62783376867873,BENIGN
766.909582939844,48,29,335.6476241718249,383.96196107073297,132.40418526736516,67.85478955888229,265.49874375853153,152.32704575096722,67.60830097981969,6724.621270843058,108.99296069978357,BENIGN
565.6671840459809,52,35,1388.0467860183128,150.8520046071051,310.14527045661737,146.36901229357915,289.6529706138588,345.67194556076186,33.07899957672094,10555.315032472356,18.849078369173224,BENIGN
950.8928243129304,46,24,5017.759799196213,230.70557644588985,70.89894852169758,45.70805249890806,297.91065952886925,676.9835252304104,22.1708390418059,29235.994879759903,81.71918110383179,BENIGN
3014.478786587206,44,35,4414.623306698932,74.04076925143931,257.4477081046935,8.300681700087457,184.01881110827048,281.0731037027516,33.131484996594274,1320.706618196495,263.2952437315019,BENIGN
1098.0016177460652,41,32,45.20204324158477,1279.5614400002578,223.52568607570697,160.95993229770534,337.6148704922844,96.00733314209695,32.52632086335842,1340.3046468925809,2.773898960731932,BENIGN
3370.832358876579,46,36,1654.0701580179684,141.7467975142776,153.4909302051721,200.9453786937417,106.93292330501694,81.47709698917046,32.44710413634398,22212.059562307688,88.8675666878044,BENIGN
1702.5697806958462,51,31,1338.8604508044282,180.5635869591663,175.42093177962187,11.776711129968168,292.81801381733226,201.99973522204232,16.13383174898951,4695.594548911253,216.62436015468012,BENIGN
1900.957525602664,42,26,574.2415910198387,1237.8693713210084,626.8127290199652,20.37405857243179,207.918145777244,67.5727141645697,86.9031979928598,7480.378485278275,314.29835771500973,BENIGN
861.0429611735501,53,34,595.921071375111,1546.3734079941548,217.1461089177901,16.85862062048698,405.879372740442,237.6579118834308,49.24858234706519,12975.946279909136,167.10235272737657,BENIGN
683.5472281341501,52,35,4164.010645016271,247.9011719814595,654.0129054213361,89.55847487940089,216.2334417681656,457.27394196264936,15.25704716411986,15211.67258692107,18.21386153351919,BENIGN
1087.8123934605871,51,31,977.265417661789,1732.0150594000015,698.3814800899668,16.468244866537702,27.212104124866585,153.2709066648057,127.83100578270172,7320.397032218243,99.4294784587682,BENIGN
106.06907609808842,62,28,1281.5274610787908,206.88707558999215,123.11034283195008,74.1720906725995,363.3398044277549,356.43800568760787,45.02920565660631,4634.236955700997,256.40906091012823,BENIGN
445.4923423149491,51,42,31.242863120396045,300.6772963749658,446.9384194903025,60.02284852700761,375.202927315736,148.8509682276987,22.972224915634527,7165.664555994008,87.24070185326319,BENIGN
3326.416952168716,53,24,5030.665078391715,255.3838899866522,96.07378669367068,24.44462002541493,426.2089626794925,96.7479624403792,45.89423518093942,5849.943945726197,4.805560355577576,BENIGN
49.340293239955365,54,23,2116.135071674691,433.81696959234455,122.6534854253493,2.1994312399772804,237.17771330624984,76.21356550070583,36.75277470894471,7767.667879565392,123.77135136348772,BENIGN
716.0932369329037,40,28,1397.7451473000945,470.3637845687085,768.1504600759556,35.94236590628344,-58.11404681886836,234.04858811508,17.257601080226504,649.4542793937383,98.63100873524104,BENIGN
3406.576818902749,45,24,941.2021416926568,793.3676107040942,553.2719016625028,136.5045195179233,278.16126895914016,102.21668252972492,4.224697031071856,16002.691380887072,183.5805192710726,BENIGN
245.76164734957564,49,40,468.5323635076119,21.469592103761816,385.4369527637583,259.86031988366994,301.134154456474,276.61251980121494,27.375980644763462,33919.175147301656,23.059292475386016,BENIGN
2418.3010919991275,50,30,2195.721312550508,319.3562028296529,435.87417300965103,164.9628901354629,330.62890950340903,34.79061031137881,70.73542788934492,17603.404210050085,233.05970354507824,BENIGN
10.182853752543084,52,30,6081.6617474499535,913.980181039212,113.49151113691832,4.816075078063527,364.746931198326,69.8664429657105,30.569067276223063,177.09532265665203,135.20479850101302,BENIGN
171.11246387631098,55,36,1858.340613782346,302.92731214744845,403.489853993881,0.6542379500191258,76.53274911432467,136.70479564093208,2.723025168434919,544.3243651047632,148.8076269779351,BENIGN
248.60409500367,54,33,155.36626656527775,1495.888845938374,1214.4911422089651,172.55061443348663,100.91516373987704,240.66136435597977,42.7253174754548,2773.195304928276,31.63301277872499,BENIGN
192.64074345832685,59,31,467.0755239460739,901.477250215354,318.6964413219588,37.80792646230287,419.2270457103837,60.51170673314924,62.78929683199575,561.6697319138955,416.78655635667815,BENIGN
571.3938673968527,51,36,1593.220949295183,1009.228823581008,409.510462650147,78.42519697746641,379.2240998899643,325.55873739376204,24.416670726247528,786.5068566302002,309.75617815748114,BENIGN
259.35994568670674,54,20,3318.7427851496027,211.87087725526845,220.12277561098915,26.647181104595823,364.0508723690609,674.3120023124109,52.240164493010674,20966.45081007773,16.720356509869827,BENIGN
465.4811094126797,54,33,1576.0036164105377,626.7961516049179,591.8797870700499,37.60939446485626,564.2125985212408,208.52570394032676,3.120091091758999,2325.3630752310114,75.3557224137862,BENIGN
104.74003348487132,45,24,311.251923184042,273.83601306149296,303.1812776598474,83.35015141143012,311.4076431451712,270.0092509887776,52.14858239481556,1216.8109805102922,16.38880886375336,BENIGN
1645.432535124599,48,35,3661.602872789592,381.408080903382,401.05562832682,183.1977739335807,379.0052383581515,131.40979289256455,11.769577992624503,15435.294579473257,83.16517663512397,BENIGN
356.39002391120704,44,36,251.23468712956728,56.20449463403372,140.18652347437936,28.492232774063726,271.10800723799986,395.9018688248594,43.869596746832094,8031.326488247719,54.03386767262158,BENIGN
612.8341464824549,50,32,772.8557230893316,1.4968756285374427,439.8505595213564,16.474366700279695,507.8738230015745,344.3744714834788,40.56719441160792,21437.49762337491,271.1431570244359,BENIGN
934.184973323918,60,27,3101.6750572833434,1247.5463180832546,222.9770572722995,0.2228949892653553,536.7733106526023,197.11463977251017,38.856224912347415,12170.553823838864,7.019120525041569,BENIGN
1228.3974533925182,58,28,686.1177561000967,180.8425857080421,206.0294980117487,12.476778872535494,272.35783443100627,265.31328498831454,24.320747370558816,1062.013129685982,23.532977838068195,BENIGN
2647.0424058655617,53,28,409.1803581227966,3914.291594687996,536.960534547683,1.2429410465693758,129.63945601481345,131.16237970022422,52.268283048558295,3487.8292275052504,65.25865120634339,BENIGN
215.50166000817745,60,31,1423.9686732898492,718.6243783860637,224.44225970032997,32.15493453569873,346.34475454943004,456.55322014773066,32.72974573660395,10518.230460238234,39.420060041441765,BENIGN
974.6869316163284,57,30,1784.72536132961,142.0761367566755,465.26186154655767,65.82759663505966,387.78221762150775,208.09420864839825,4.241354017742705,10307.535688980925,104.34291667541952,BENIGN
1408.7491475385834,55,37,3945.679510027188,656.1174911778979,248.3692460253401,37.96909267834899,231.05261700722764,420.6334368523858,12.100309875970405,2887.521608331103,0.2371491130420472,BENIGN
1083.8774297986397,48,35,825.7535849585161,881.5913830517429,151.09687736757695,188.5812831313821,359.4983178352525,325.1879363254574,134.1152552703648,242.06203681777504,63.48744097298805,BENIGN
1684.5305061859583,39,26,302.19358360514826,1069.0994917553878,794.1710497099307,65.62218033627518,219.83988439580065,36.77869961766379,22.234896662478143,10419.959818346331,21.82054604498077,BENIGN
1011.7295509275494,42,28,790.5701483755914,147.15822198531427,201.6586176245553,19.82940425803711,406.6788785210138,772.6448249934391,28.497508441870544,18916.698121516714,17.30815139747179,BENIGN
82.26176032410241,51,32,819.6063033476951,347.1671876503856,49.09089768763026,31.802402597356792,282.87982593673144,132.23819127076564,46.9565338772298,65173.11387101391,79.08672414942635,BENIGN
634.8561371298943,54,29,942.2537065882202,74.3936804944882,310.07266300031705,37.095194496041806,278.7048101062844,456.6090104129424,37.79596862876437,859.9547436295999,100.22396756348118,BENIGN
1414.8918581217476,41,28,191.36344544403485,907.5009332943072,172.94241939564813,25.084535680555863,242.5517872017212,178.03387212484333,33.68112180345495,9119.06200849998,7.297079880042102,BENIGN
312.7042059539351,64,25,1118.6059653810808,1835.3300232503332,190.3048942480941,55.7316948226765,407.9942761815999,47.94845488579597,3.006373693340376,6334.561549456144,0.5360285440741799,BENIGN
186.1935310837393,52,19,2182.6583378917157,142.2489421561681,104.05869229309826,18.470492934828076,209.40455745739268,306.6169797425161,39.54395253591344,9907.397696286056,28.66845633670781,BENIGN
411.4790690424289,48,31,173.5901209796859,722.9360671080309,439.33951233104335,103.85662062699495,289.9035840375412,323.1186849401683,5.589581639508544,4259.108155900165,246.02695182589653,BENIGN
1737.2579424419512,47,26,892.9756689280794,66.05267205985814,601.6901574446706,14.586576481035696,254.0900320626045,274.7945624148507,76.69622639153975,541.1726072592329,6.939161272701681,BENIGN
479.4736997580961,56,27,7255.946678012498,11.465263362517144,503.3849531652296,59.548324905758655,193.9520753165568,116.51361134519009,11.776804398100964,16281.238183333566,13.450970546618487,BENIGN
1190.8255977579372,57,20,1513.274340820051,900.4587398299366,136.81294508633223,98.94150255443272,381.0919813562816,366.0191829990183,91.93039824334431,31362.41776168693,109.10653145693836,BENIGN
834.3664730746035,52,30,137.9453484876865,680.3430838844217,55.89835253465068,3.4496442696476204,328.93043547807736,229.48988822322076,11.578175252000491,8453.396954231179,34.51869412298498,BENIGN
1140.9958207372404,64,34,632.1704112558198,1125.4767681581554,309.78004011532084,28.692431748488723,183.19561431509203,536.3715410496641,19.70422664517551,3686.557342828532,73.13468484540441,BENIGN
1689.896777486126,49,29,4356.98269342914,671.178165603808,119.35043039792596,84.77604091375207,158.0884651127532,270.57563754205364,38.82946265884025,8829.90221409665,26.305090209003456,BENIGN
1014.537448204616,39,30,1460.496526441813,2.131720519671929,233.28739771156933,2.2749285268253594,157.65724757634172,156.65932752120744,35.340174930879655,14828.64870822379,147.03940224874776,BENIGN
315.05010670516896,51,35,379.61464454347873,1342.6165744673294,153.1949413572255,123.99076831624409,458.3028362702039,228.0592104785057,15.225469971165849,14304.586998561726,104.56762643915329,BENIGN
741.0805907840918,53,30,76.12461659543185,842.5775740522688,64.45190270597081,13.41295657563775,319.2008284562947,134.0567290019336,55.12677420451398,21428.377809995425,203.0371272932503,BENIGN
70.6073627041102,57,26,4351.608050561908,1635.975458631501,330.64946610928314,79.32305101256586,122.36226205952865,449.9193338264164,24.62070798978896,14337.602935227382,8.016536728506514,BENIGN
246.16596311174436,52,38,1315.455044557093,2318.917478238704,191.4000192936705,13.993211660147372,234.1087789320468,221.91390256922776,22.649678591907453,8744.622510437986,54.8076154113804,BENIGN
1781.9896121391394,55,35,659.9397897961076,309.72980090388586,156.7622488357917,121.6373275908293,213.9026666223819,453.649955669276,2.1975378599510997,44799.53648992155,213.77238166186515,BENIGN
44.05650005242228,46,23,2654.2180452282805,127.94447171332531,155.61467020019276,18.166172838846624,221.04776166832187,272.7353997609087,28.83669976311069,26299.604221891823,258.37141651775875,BENIGN
773.0456870860419,46,24,2647.9259807927306,237.45160802077245,475.4494326490369,25.293922719463435,359.1887517575104,577.0338571318332,28.653124515969168,1343.4753297613966,156.05550758556984,BENIGN
1427.1394599157911,37,31,735.2605395775839,24.64062717912021,1011.3656892362524,4.887670223906512,153.4671488307859,168.60927747738975,1.6395595342340714,1023.6928318486938,24.853673575525782,BENIGN
178.715198965518,46,28,372.8649952396531,1682.0123145001344,203.0279760099131,53.50016202784307,424.9714729019457,368.344724966455,4.988063265358129,32006.115908349,78.97074949632133,BENIGN
84.05075142757005,48,27,345.12342545362264,62.388917805297616,1121.795769762837,177.29020051996036,302.3380521474675,182.4911943514295,26.383861877826305,322.33065190151893,9.962639284440368,BENIGN
125.75011982910765,44,25,238.5480071096192,49.6654807034195,641.7559338028811,40.01423340041199,262.04676564466206,731.3517364087271,9.744515618690809,4089.491721218472,48.0636164777869,BENIGN
2270.751449355915,41,25,207.78872880405223,144.24193268932984,1021.0906492452112,9.688306295954533,206.21044587536332,153.4089506549328,0.2105583617417073,1559.6470487362003,166.15810166132906,BENIGN
88.60393466847853,57,40,485.148950386183,741.4943304287283,132.4924854492606,71.24118489457447,322.7360820595585,286.08118074836386,27.649987304946823,101.90067532912884,25.62740224546225,BENIGN
130.67588713908927,50,27,1566.9045307958545,700.6614924615687,391.94801757592063,1.9118526953714523,285.16118426351585,251.49525433149063,47.57360007810804,516.7433802461768,21.147518558681572,BENIGN
125.02623200745629,43,26,2365.775885070051,193.670468263396,203.56999999205263,39.24611626608645,407.4475105505881,104.98884925183242,13.747753187809218,2892.4630318841287,186.14419146647265,BENIGN
1912.327531614076,50,34,1470.4281065548903,41.88956198791642,162.59570412868857,183.19915021520484,43.2712706331327,312.38666992576844,2.414439507131562,3189.118733032084,12.941121410192777,BENIGN
4804.835440886139,49,32,447.0124717871562,224.8238924200761,256.9024068755729,8.542392316988122,556.8636139455127,284.89031981819164,13.592526800622482,8617.32996678763,16.938973084244918,BENIGN
2893.4323873802728,49,20,710.2470419855808,95.4627626672306,98.23581014548064,30.373836277997984,227.2962760818541,191.68343231095983,92.34049244730652,4807.843103864379,332.046962837932,BENIGN
606.4922690920095,49,39,2120.753298388923,124.00041812959554,274.26576508105063,100.04888799224074,421.7860152495872,82.31476344344048,19.182108999050666,29333.28206146907,7.996998185536687,BENIGN
860.6729434454637,31,34,4127.890980992993,418.85792281057536,190.50287505038804,34.36560444542385,288.2607218003312,196.1806413245122,81.63386944793835,5594.173503344651,23.65901471623249,BENIGN
834.2075416502618,53,25,2877.8512122435577,1983.1040321994085,142.9076742827878,62.29073581917434,471.7538812321874,52.56529518452636,33.32492547943237,1151.9672618258812,27.082750435424053,BENIGN
373.7912176857879,56,28,246.84005748086247,433.75403195639393,190.54072845581572,33.11740292750559,172.60844807589945,103.81846308433695,24.90480368168423,8463.860484326271,202.23816453549324,BENIGN
1105.263955155022,51,32,1380.967985681924,3342.1450789987803,796.1657010165288,30.206674067399547,399.7834387068911,375.9389793109715,2.0983094802041102,9357.085727592355,32.201805003360846,BENIGN
799.6899071899204,42,29,1263.2695623994298,577.0097216304478,141.71319976286696,6.107545227939758,287.7922107262906,140.26636926358253,6.8914647524906805,38734.22180401994,24.17405962636964,BENIGN
506.1424894750885,54,30,2627.949207036399,937.5384842849646,152.62099854357635,4.841001570395394,312.923776209851,426.6600195580992,147.93457109295318,6448.890967601341,53.24516959476963,BENIGN
367.03761863891737,42,39,1542.7634556999192,90.11367297628917,298.2902514935617,41.48800779937184,358.0305419959787,185.6341205814504,39.98303906550984,3332.57833277405,48.579107914766205,BENIGN
1629.4289459954794,47,35,571.0254152750249,3668.09957346712,67.88519423220114,32.26772807875932,271.98633761408365,201.90980810578785,64.4299038996591,17803.782178158115,105.36475543228146,BENIGN
2112.9429601408533,43,27,552.2776074262182,2006.6561546218304,133.70004007639486,26.66078469614887,303.9258729305883,333.0345219840843,35.07906176874958,38.212613349076925,15.824241939671795,BENIGN
1024.8442087373908,61,30,795.9036760712323,2192.410007148226,153.96914553578188,32.7834041819881,183.30531608795943,143.79017485247527,7.76560805327441,13828.086526347102,11.320120689638594,BENIGN
145.43519952787474,45,19,1618.9915952591523,86.3729323083303,258.9485928365693,14.835146047665,370.1732148133067,318.9431571067228,7.781911079343951,3042.411294198861,191.21881318450733,BENIGN
86.4282756718436,48,27,857.6588166087529,713.5665102180335,149.05115360924682,3.393581001214152,202.85933494873404,372.45840406114246,46.83432306015009,15586.05872218169,143.73064701342977,BENIGN
182.7719476858468,52,28,1539.5831399990996,186.838300684192,268.2032267952391,28.472496021322332,372.2949280067509,129.61584365591042,20.87968592272996,32228.71620959696,15.419373362868573,BENIGN
542.3288036950722,62,35,194.71870646579237,78.39420128768867,401.51530048857904,92.67719011642076,397.8569744226348,420.5821812058264,34.722865469164766,9038.318895395752,167.69160143235783,BENIGN
598.2993733477003,45,36,1781.9400954073951,125.7928417935102,350.16082098905355,62.37848084281949,376.4409919596821,185.75839188913764,3.903206723294231,6121.985112332319,206.99159547243823,BENIGN
959.1554567975784,50,28,745.2588306980947,303.9171795246405,353.2069674297047,25.181516099284107,232.45811430242173,269.3873830125758,26.563672330490743,2192.4219550503044,3.9839380727000058,BENIGN
456.4345626291861,42,25,31.05659023983829,339.210604564676,517.0475600904643,44.2380726796854,161.180298093361,123.63510997856484,27.701709652012752,225.35646132784785,252.07520067092636,BENIGN
217.2119318990333,42,31,88.33941656754908,1277.3918898438114,165.5991985370753,0.7817161308221878,254.02670224901917,419.29319678143816,17.31690750711891,3704.009540384739,134.15294965822093,BENIGN
143.6721949072962,66,26,1660.3230214292646,22.889320366810047,448.529775522203,181.49965615414416,212.2156339928661,386.48716742119416,22.705561747963227,9890.95588417088,4.982467340121598,BENIGN
1525.0300569342926,53,29,2.9459183852984547,1251.0313274348218,1075.0580450089822,62.03788925586885,209.43447622790796,263.1409127610668,8.549941697546547,5731.860491382839,208.65747013730044,BENIGN
2482.778728804769,44,26,3523.578785308596,2350.865134946528,351.513974376922,79.68163239470474,153.47742203918102,410.72487916321165,9.471426170630677,11532.273208859086,80.48921360844574,BENIGN
150.5582464141926,56,27,602.4811642614143,267.75139221736725,367.9134464846591,7.995520953559393,419.7379470492559,754.3097396688348,47.55531084003279,7689.544122361996,121.64756139737652,BENIGN
464.3671642007788,59,24,66.34038587309838,3488.139732747331,108.7891863352162,16.87524922025022,368.6347930992631,398.7704358620213,9.744785868857928,4444.950385492205,202.88992230336729,BENIGN
263.98921839175495,66,35,384.5595986869176,1318.8083825390288,355.28940545505714,131.5729785182965,200.1243599487616,187.67320675515504,2.7791559889717576,17443.65333494946,69.1340280792315,BENIGN
647.8745639378233,50,31,1584.404604611137,1779.5299074462016,294.3381159775834,128.33323971554017,349.1827210165316,413.1420616755404,11.100625332195552,5424.612234772121,50.82745740191192,BENIGN
51.27121953612684,54,27,276.01613918856305,881.4290641169819,447.4650792388562,18.948175015919283,339.8979378525222,98.83432527726605,74.83812334041487,16190.72223000308,190.88234742640776,BENIGN
137.01842406700712,59,33,508.4322361386927,50.014714184439136,859.7626894733512,2.995521950295421,246.564528529504,901.4615746945448,94.4511165319424,16622.26204016848,45.10203647859919,BENIGN
266.32879586794564,40,34,348.99318463858395,514.6462890807177,607.9111711517719,22.59896522582598,511.22152001303937,319.71240855535,12.103478608809745,2942.5704749410465,126.05785833653128,BENIGN
199.6430547551579,47,32,367.6023750974531,764.5079825578447,231.2364375525806,155.1282446431242,159.05366267325988,231.24260608532663,16.23416339340242,1869.945982162636,55.932134626826105,BENIGN
121.588861456813,56,37,759.3482402952184,110.51031501728816,580.2412711695141,46.86901667065747,241.23081945619035,348.6094390550114,14.680253887411665,1094.7196035760526,505.37837388926016,BENIGN
462.28739649736673,61,33,7328.977895349139,905.94821749176,618.0484090898783,23.876269956105943,284.2529717940017,160.83028994041788,18.04581957366749,9343.652206866076,22.12783863059273,BENIGN
760.1862810622099,47,21,4344.272081043883,591.9969938803939,238.786936526235,37.72077492023416,198.3748875251093,186.4160867319286,18.15496691104415,2202.498770106151,1.3258808176220915,BENIGN
405.7138965901687,51,33,879.7813042691274,1748.3527067656337,12.889941075879593,237.01391648836224,561.9508196680606,678.3543399809873,17.334970442571436,12078.858431120649,347.7188451376048,BENIGN
1220.91859786268,60,25,558.2664193238764,216.275310790811,231.50476258384865,35.25530934965464,227.5800113040338,185.85875430293825,12.0168685066092,8466.309279867291,103.5686981065671,BENIGN
92.77387160256173,50,32,712.8400564039127,1987.2123451310763,529.4194075223892,14.4030944466441,326.272287602192,701.1267681979053,7.831025011586203,13749.485200452003,128.6142188218238,BENIGN
201.03710397885288,45,35,360.8512266476786,578.6043870072122,655.6520894746483,36.510141290611614,309.2345102341457,295.0170465408636,138.18336624061772,6866.777162028209,6.477579185177314,BENIGN
336.34862824818293,52,23,594.4557187565423,11.684124609529146,141.49911110964464,32.479788388313914,480.75456352858976,81.45312834741615,43.42544208817227,26134.596820415496,50.94634571725207,BENIGN
524.5049115039434,46,28,1232.6549416892854,613.475469758731,156.23406444007472,10.321900063119262,113.5718201043899,419.056147487811,19.16348110144749,2773.2300696645384,70.84163007450796,BENIGN
647.9828321383203,60,33,339.9510130466354,391.8412358249354,462.8927339994072,154.13288749559737,124.68336047023236,380.2305347610284,2.059667752817567,44194.35157718439,53.99323492111292,BENIGN
1666.6633458146543,44,31,164.08872121545463,3.6993689506724423,469.2764645402484,135.7667789209897,220.41621681796204,145.0010713370775,12.33123882882346,4455.640772333696,222.241191943675,BENIGN
1281.0430976449054,61,31,487.99479411503233,806.3136010429828,293.5829896239164,5.885351251280931,203.446613890372,173.88045294582415,8.397263663335904,5395.1775372710745,39.3673965707387,BENIGN
17.708232706465,48,21,601.3783384164255,217.13552636674217,589.0924384314249,0.1272769668911961,353.31930799489584,204.6713819410324,2.3089756794033978,1297.6758630400084,19.148595341918533,BENIGN
2642.374274229241,41,30,1980.9746296297208,670.4748469585355,72.77256240548074,1.2738398547015723,311.9192096019003,305.45398605165485,23.638247518256712,1122.778375821913,90.16974113357244,BENIGN
175.31581610419906,50,33,1812.939253108057,990.391533697074,741.875643012046,70.08374977184178,334.1689546135488,1138.6915692104178,32.84781313438774,892.2272016882537,92.56372330644258,BENIGN
479.6359089306733,44,31,264.61520204997043,428.11056840594375,369.7349318918425,12.555620370083783,279.4887836493808,778.6967626004548,63.731485089321815,2489.1387324050825,6.532864185125016,BENIGN
315.59324643349555,46,31,4249.9207271422265,449.61943137746346,478.0113209853165,9.286744038077162,177.14559058161856,406.3621957154155,51.84256671029703,16334.448416448548,137.45816579098545,BENIGN
678.4912926673597,50,29,2223.267969009958,3939.990863753826,153.83949417404102,81.71148325791383,416.82686258989816,201.6681136294128,81.74116661944154,3795.431913770158,152.62897141235717,BENIGN
153.11853406083517,56,25,454.6900713530946,266.0470318416489,451.2720537206522,98.53777924040536,110.89855759133926,368.03412321085466,125.90189116406228,14996.225335596046,286.74224553376115,BENIGN
1703.829726638945,32,31,209.0337487867776,945.8045437416072,815.4024366944466,0.0372296014468122,217.54218048637264,375.584723145886,21.11340751739974,7597.015276445076,48.17823068203116,BENIGN
557.0529043097237,46,20,2197.188100628572,1027.1743074383796,121.68758422442924,18.287155031621385,230.3449811421532,115.287533487965,16.448117287147433,21736.424134701687,27.893236272424787,BENIGN
2272.9805574721777,45,32,1853.850165858844,1013.9955706654382,212.39369408882172,8.485502254903368,190.63798653561352,321.0187478734662,25.11755375633357,13893.01943788354,28.365260018843653,BENIGN
194.8990291047084,66,36,1338.6257014319026,744.8693179956852,358.7361223603389,44.62885997002673,549.1718939535209,71.86731419822142,4.533116463559137,12326.026842507934,61.26716139652445,BENIGN
449.7860945489304,57,26,862.5927754749622,779.8252547556,103.93785143637476,42.083347431718565,258.28569851023644,814.7459149789104,18.55224193667353,6491.073398915446,14.097151585517173,BENIGN
438.1504387364303,57,27,4832.15508552796,542.9504176995869,320.1822870066688,121.30313814505315,294.3333482975027,61.95699415365869,110.07322046827882,15323.440206598709,41.15394681826197,BENIGN
1304.368937895508,59,32,192.01403330019212,948.6189249785692,988.5597238031288,63.30420448020596,122.77076115830027,240.7908262294784,82.52215493123968,9277.20009278096,82.91891014427674,BENIGN
116.38002329705778,53,28,666.2007376823625,2583.177674084245,986.6908844134928,165.28239109768407,417.2634686822828,96.85496610322882,5.566061031169129,2482.102190599808,32.65667568806367,BENIGN
1622.450609425646,50,32,1816.1104191189047,193.5599248804573,390.99304780329953,50.72781498297431,438.5667317461922,523.4552031925468,79.92419539543504,12083.77638000059,109.71592787959364,BENIGN
2345.94458974716,51,28,1568.0148636378751,492.3469495375349,1648.8772704711923,62.81980204924192,252.0741809680215,193.23616839346585,13.551445600106364,6599.715332240904,85.96061863404904,BENIGN
1319.380103992769,46,31,2561.4836057385405,154.26701805040008,150.2930037653559,43.42436441011797,242.79130729946613,539.514633804296,2.639641548867864,15044.62945663636,175.02954021827338,BENIGN
512.2456594790224,56,29,540.1211460623214,2191.249085434864,18.427651585051795,105.46871629733818,407.1739152178234,338.28490661141643,8.263906868124106,1095.3725237800284,126.12027503096176,BENIGN
1500.8045438400286,59,30,412.816176177284,662.8306952321685,446.7801843205355,90.22051861909044,290.2702074298645,229.44491448000548,83.9032403774118,22182.624667752683,177.35047758367764,BENIGN
3444.4091497533777,57,28,1538.0055520082412,974.1059647359612,411.8864342034608,107.25898716182884,338.72233711253506,526.2154133828765,8.163016159962844,14625.987046192678,1.1164154243882576,BENIGN
979.932505488038,57,34,629.5003236035456,1380.064863758378,355.0879656259759,88.38330120562044,386.6219471260795,254.40341242809745,41.11752012333164,864.5475098010647,76.00400757114406,BENIGN
30.8583177339052,44,24,2240.416047069234,121.63860063822789,90.24604796965546,47.13548494117546,274.84604312768136,201.6911897747397,36.15926498530217,18529.37979108864,82.35146903239242,BENIGN
1156.9788149447113,60,31,2328.020781029935,186.77252803960891,174.16511900185944,26.971326161208754,472.0648914354361,902.3554219570624,44.9122493739699,9515.312099891238,102.7496027678549,BENIGN
1100.250641618203,58,29,258.3118169242488,245.52067857482632,109.0080393547862,2.395863530316153,215.3787036924488,26.37081256890476,3.734035293580697,20183.639166601184,152.4518860222487,BENIGN
331.9527066680494,43,26,2802.475861698897,2121.607532945333,486.5749872907791,18.243660452688147,411.6491202945864,545.8518144802631,46.803813479305,2762.1991297383342,15.212102317869093,BENIGN
52.48914749504456,57,26,1772.6176007626373,846.8567800554936,755.8234685433533,10.226431583374051,310.1806501588438,590.3217635330532,20.451879913178367,1452.3682379132297,7.834951225763883,BENIGN
1118.0768936885804,52,31,294.60156192281386,341.2027147100625,171.47768023915097,1.4858518120215969,268.30327617757246,232.8990487773204,28.64468675439444,874.319094011068,21.833618906087683,BENIGN
22.822985930000826,46,39,1323.893100581048,838.006930906489,462.151278729002,27.780490604123777,259.4061820304524,414.97622798060894,38.45251902515256,13877.951058032391,56.82755030318855,BENIGN
823.7634851167945,42,23,2371.1296618995298,1560.212432379859,169.02792729222338,40.24890443863201,284.00090725106736,32.52965395851721,11.953371119596962,12794.588315928955,58.41026046800033,BENIGN
1372.3575516657909,40,39,531.3583241003199,214.04295545775256,58.14419490649082,30.452854020891053,308.50129749522165,165.62613473080452,38.57388675433812,2285.0721905492715,58.65571689010392,BENIGN
10.028898364548043,37,26,471.5930080198973,1251.5000108278764,351.20404768340865,168.3507448798095,265.2066025576553,333.38969014919564,1.6909389134212127,7179.300288786392,407.18126402023967,BENIGN
205.3609836776891,48,24,1046.9391297219877,1789.955768042042,282.07359911239365,14.933130836415778,279.4387125919905,293.72788655226043,10.692946723951632,15307.089369501182,154.40402828206547,BENIGN
2859.879162352044,40,25,1176.9409258120247,63.67324865473631,502.59857537784296,35.56935729003753,541.9023623101175,235.01585777959252,59.16890355820031,8752.379381700046,9.612647789208555,BENIGN
544.0849382835793,39,39,1551.7381889980163,285.1848426847206,195.81542965451135,52.5435979338692,57.244655173124215,147.32700386047557,36.19800321381037,21892.97624096321,18.266104146278124,BENIGN
1036.968786295274,63,30,1589.563942577927,276.03418374637755,531.8554751983954,138.8517381417943,411.8631642677829,160.859348080348,18.02975914537611,8184.780259856926,84.31994384993104,BENIGN
1184.001709087617,67,29,570.39321501931,901.876842569844,230.0672169024981,16.29576617661653,95.92647457765452,88.11095896471164,70.82359081882433,7098.970761805697,105.10896987384338,BENIGN
70.89544012621512,54,28,5194.232502021335,2065.25692713868,672.9098514678853,49.60850442568668,276.4962323079493,147.86143181029726,49.75729025890838,3238.033038608592,106.9552587328476,BENIGN
1131.7501750976328,55,29,1801.974150965385,287.5970077929165,399.8722576903644,29.82514310674158,295.1496261118459,166.78194064090482,6.428133053496892,20673.95968195696,166.50818709778957,BENIGN
1268.474411846264,45,26,1392.2246906771736,166.4284146456519,223.8862336639241,89.56785359684206,150.9321609404099,668.5473239209111,24.699698336509083,2492.289539331145,14.026663181590497,BENIGN
324.87341989513016,51,32,3385.727509047088,3301.807547713387,256.1602721445301,34.91962226590184,368.7606880155744,104.23979289979684,40.96428028678549,20221.22173766368,119.40671757433144,BENIGN
1623.8079110661788,49,30,1834.222631261012,388.0617614547565,74.80197307271494,147.27014255831884,427.7280136392108,449.1671130772484,20.55006340720612,17894.572590378142,13.405277775661927,BENIGN
3713.590302127083,52,35,123.29959933944193,228.19914242219917,727.6590503976063,74.78491822278514,118.3440158052456,147.52960666393898,51.99423610752796,9712.179183843313,441.6894525934456,BENIGN
1101.26550320537,44,21,1470.4860270948027,295.10411969565286,385.6608018629569,26.40840311205716,369.4702350055138,126.70506613220564,64.91327659289112,2467.3728065046635,40.52836001303952,BENIGN
67.60043876192516,48,32,395.0895440035414,627.6265770458826,239.5467451454745,74.84346839378529,173.98755678547963,590.1322818093035,101.65670017281396,5347.368378859534,20.746652992931008,BENIGN
31.64454146130381,47,30,1460.957632408176,264.1035112875917,233.17069759619756,164.48459188234725,310.27510079471887,205.22115485610664,32.59825490676394,11636.779179311745,98.9924789130379,BENIGN
1537.194201894464,42,25,1646.4539542907228,249.4242504870638,208.6658495255533,118.13365921096788,284.72167959968,332.3083763701122,17.662734829483043,813.0869423836407,14.560761867640911,BENIGN
194.9335702248227,54,27,1221.80799447313,854.9456292950478,303.6924230361061,16.016423904288754,272.8315630946746,160.83925345860288,63.96143411710093,7561.222589081936,123.8843474100894,BENIGN
414.4633722946608,33,23,504.404475427023,153.68706176714903,145.38123626805685,16.978922630696815,216.20521118022896,99.82742938718796,17.63858445890582,753.7186485847187,53.18707859700857,BENIGN
127.3723936155019,57,27,3116.420810064451,145.84587943932246,471.3441873228558,5.446702069002263,155.7698763468171,141.69323063451444,0.3931283998242934,7458.478444500197,29.185199753648945,BENIGN
19.314292317149665,45,31,378.420863821459,1497.4049245024469,169.67866730397486,91.98269828456252,363.0772306749281,473.3747581025345,2.942006469559614,11026.535255487328,116.14891508117766,BENIGN
283.23678845704694,45,31,1909.9789412017567,245.99285338879403,323.1835676963932,176.17882177531635,292.0639283434392,311.41919654568244,32.56762899065427,309.7878169914886,276.1829245612104,BENIGN
541.7025065931134,57,29,463.5163556661019,831.8410886022083,335.6035887931534,23.70467335527008,187.31169224565133,95.3530959528477,6.444433097846858,13209.77490076126,35.59057970016849,BENIGN
1082.8490176285034,50,21,1113.1281119746357,3766.41586926212,290.8446992188994,30.427393442582755,294.0258064013373,202.8718417102827,14.444507282988209,517.7514603948904,83.90384328225869,BENIGN
685.6537702197355,52,29,1020.2677823152528,613.4512356879004,190.21319002696004,25.88225422425017,278.7963963231134,302.1377211020206,4.369480451200102,10646.689526481943,3.0832872561696663,BENIGN
2028.0606331272168,41,34,4809.442821531609,1152.6674666586475,434.55628348948017,18.9084259507242,90.8435639733862,835.9362166801943,99.39326409187257,2163.237000477908,13.442481155622326,BENIGN
909.8844027249768,45,37,199.9841481337969,1290.4801801873652,282.9180932142731,7.821760237614717,261.4528064573124,102.54311558479635,31.067411730782045,19633.53990178663,99.51556852633004,BENIGN
997.978063985518,59,33,69.28907701580762,635.3401722754376,211.58510550455696,4.015594398929904,256.1292781999062,232.23633415666532,12.329704928649086,1339.9788279459804,599.2559004745666,BENIGN
1634.2777671764386,43,22,1644.0208460094625,949.4541623550178,598.1244816352724,4.892257448715468,401.6875000188552,52.52414734100013,2.241219394089363,13980.717946195133,42.683620284630535,BENIGN
344.4091527474112,47,31,464.6812177759023,513.8662299810743,659.0083849876515,51.576873462636726,454.466862156979,293.9644089032162,12.904482156323873,46525.10168997893,8.586151158973813,BENIGN
1258.16490912711,42,36,1541.520699806177,82.92091129477875,345.94888563509386,7.564492382004444,268.583002687686,301.9954219452192,26.79565341693116,35774.4077059124,6.480765066643744,BENIGN
502.7835439386897,49,37,2209.654814550715,765.7272483937588,311.37040341761247,9.607599042218492,433.9089703047203,342.6135430351472,1.938174865189214,4038.4758486406,151.3111916092328,BENIGN
80.10427855017636,48,28,922.392790324565,438.09681494402025,730.6263139558415,15.046396427929004,322.8310028648549,361.1505877482194,134.9626031124106,5584.117962457008,203.83162404519783,BENIGN
1523.0766420252808,49,28,3966.750308164361,220.28752607650105,798.3108670465765,37.627776338538496,357.1111917101916,536.9922126770936,26.28065850236604,2279.893448470192,3.187757557033567,BENIGN
780.2417880895127,56,35,1466.7831393278732,910.7287708190224,1167.3983443183938,53.59949313756103,267.9781588591482,272.2429488340927,74.37019115489717,2910.268679987179,20.96451537798576,BENIGN
147.51266313471896,53,34,1274.6214308802384,1632.89824850455,322.23768674802653,29.646427142085557,465.692299875394,573.5238952758369,38.99178621649316,6827.6609997630685,253.57675477448143,BENIGN
1473.6499591467348,43,27,142.21400840315926,63.23304554169379,281.2001703303792,49.75138617404699,254.22247134413328,90.3693406101186,6.210925265567988,39173.72149178923,34.80094619825554,BENIGN
669.1071096949889,47,22,700.3626992724356,114.03696294551476,297.2464148621758,4.11586516618156,379.55766982869807,371.78933156152425,18.049386288566723,8174.256256001529,45.01821890050394,BENIGN
169.62487046234628,43,30,2402.8875862523964,1538.329247076511,339.4790645451393,3.0513051928841666,208.45467590007516,348.9075543857811,30.86353627593924,14768.198118986733,366.2925449448383,BENIGN
2326.9113528341977,62,31,2434.1400845986955,2651.242076613933,105.36423514583204,105.0550206884428,250.11919787708476,329.8335096895925,83.21178550235788,2608.6787091428164,21.237197910904715,BENIGN
863.6672504679805,40,33,369.3992898337714,253.44324340637945,419.5459116395304,39.84822011486809,425.0122435907325,155.49948868265392,33.50070964817304,461.71197564769903,179.9508996724316,BENIGN
777.1352629046919,46,39,390.5673954432848,58.10443580874109,272.1609470352106,188.3034173202053,179.93463616258092,149.5319011642668,4.692992288020137,7199.586433281002,148.8142058586104,BENIGN
1608.7144539299004,52,44,8783.835928574465,493.63730004111295,97.54305783372835,13.658754427997623,358.08120201714974,147.338107827101,35.79433520563998,18744.848383012948,56.77451965247132,BENIGN
2114.2777878974825,58,32,1774.9656354265337,829.3032924840862,173.55177122036991,8.469352908930798,312.3225949166428,264.53581415730474,88.34232413765882,2025.9372548746,214.2275169509581,BENIGN
1125.3342985022864,65,28,189.24637109536084,692.7707427000977,902.2769723803171,17.27321879262115,381.4425091263155,121.79337894419616,19.856260121268388,18251.464883453304,3.539153253105404,BENIGN
1497.954503343587,48,29,1636.4523755435398,1470.318103585956,295.2481709662053,216.0280355896304,407.7032128092101,482.7746757718403,23.54809472599455,19172.011319480927,80.56572312055921,BENIGN
1673.8368222200386,37,41,2072.830927064931,423.2468225989504,246.55392475928912,28.57616950957209,184.7289190463216,142.6578438274562,22.921081273375474,8620.607198527718,39.4261101916647,BENIGN
499.5481228836644,51,27,2897.50541441649,2215.429328691488,226.85812450950445,19.45000977132972,287.3591778029324,207.36072383248592,48.38664896991981,8330.145109557496,11.290182674534789,BENIGN
25.67541475277774,43,32,688.3887209318893,261.734051814961,1415.1911163695531,26.54791237960678,205.82727579566452,317.74377829245987,5.145277251001029,32333.891575568345,41.276510321908745,BENIGN
299.36558249531925,54,30,964.3871078861256,410.7800850635068,387.3691444727958,69.30754227824185,293.9690502125593,661.0332373245628,36.31303051407575,22847.619350849563,155.56533329634328,BENIGN
1735.1349921511564,50,29,1701.2925293773685,496.0608348703629,122.10689606973408,35.59819305492129,365.60645410696367,268.5938826904446,42.27549865180252,12465.643884063606,19.10398894482645,BENIGN
1467.2827234727731,46,33,1745.7309641458344,20.248336066774336,201.91474399836537,61.669811510300256,481.4576774375554,168.8901976468998,33.07719414541491,3900.748296900808,18.78005803585045,BENIGN
1636.9635047353424,50,36,2527.593000743164,2574.4172261450494,157.89018095862235,32.26130808083978,80.75342835779574,781.4745121483687,33.46249771010265,3239.8087341705354,47.74226572251383,BENIGN
1957.696736955853,56,28,1939.2092039722968,1516.0168748038218,895.6094463754077,4.237424948450844,215.8886366503997,209.0125398989829,162.1869315949229,10251.469165874763,56.62111429647282,BENIGN
471.4258964215926,48,37,1723.25066600392,378.61731416920657,143.3251593530797,20.60957412353648,187.5179786900639,451.8119863261331,1.4497466577108449,12546.812793952791,10.664643182005868,BENIGN
2821.083147273303,75,28,100.07550563425671,1397.037262385263,1017.9806243548344,2.5631273254091798,502.0802388952641,557.9613626960174,33.29021022087619,14800.635234810008,110.37506487006463,BENIGN
16.376814174340517,48,29,7505.78204025488,296.3155557105379,421.7377146539641,97.97090990823897,286.6047274958352,131.22197574900463,8.656486374231353,17927.876883967285,29.26769097781308,BENIGN
74.81442963462634,51,21,186.9058991414274,3798.73691500973,413.1003777428671,48.949428018596,259.5247344180915,524.0699816355136,31.811164221646543,4368.085077936276,26.693973755174294,BENIGN
363.2878599687583,50,34,3440.7774584279177,1132.288081666532,541.8556624708201,36.69015497452843,292.7915888175668,878.3633290462948,1.8418296810639947,17138.429980188273,199.54221889402865,BENIGN
2965.2672211522035,50,26,2860.295088921642,1097.726466301746,259.57785311820726,137.7057657674832,329.840501911389,115.02065652148804,53.13306401619428,5272.122638293172,28.534898196349506,BENIGN
2604.4953722626115,53,24,710.0565295823825,1673.8513447508756,418.9025217789772,63.81895736741687,193.66978464464705,146.94412696027308,16.282635321006474,7528.161473127209,150.42596751159405,BENIGN
547.0695758190242,45,38,1214.6463225198788,148.16158646812062,754.5197944694327,10.208935800064548,350.704809075502,447.1420420770781,47.0390658174602,5015.282857387963,55.69958031098015,BENIGN
6128.822993904087,52,34,2450.4038842735795,2425.856334306577,422.2945653993824,16.82914679880285,297.3296856851153,518.5016865575612,46.98288840876618,2082.397662322104,71.90476061024698,BENIGN
350.72709252368094,60,39,2387.0555494741457,3391.7464363696604,1191.635319918515,130.2676770380756,287.5094631769192,121.61059507651449,44.84972389663708,11435.108889961,107.61881483389924,BENIGN
2388.86095108934,52,34,1725.8865445220972,281.3923088344974,267.12380818468745,47.401080185898266,379.6093328237329,384.4947138450116,32.48281459262689,1842.099266435604,213.2938881095791,BENIGN
511.9999243779213,44,20,586.9734049242032,577.5427237764313,418.8535527807998,9.145170790923563,389.914152323796,433.43372091479625,11.26609812697004,21742.44846538961,126.49893673514968,BENIGN
2390.7012823846585,44,26,3904.094560033521,1495.1646694824096,609.5258401165581,188.8461467961737,200.74896789828563,231.1826323070668,19.524266899298414,422.8099630577146,29.83730117930719,BENIGN
515.3420089544921,37,33,142.38673105809727,23.566918902352985,119.70398847829924,36.22157018178572,281.4820561449957,113.25551940946028,41.62375845404179,9944.921880012058,202.0669173272624,BENIGN
261.30581248389046,45,33,1397.7479098097654,699.8843124083243,282.3142567752258,81.99969586532625,219.57421359550335,184.96481269867147,1.2615974460230912,14543.384415254312,156.74098808001116,BENIGN
1111.980720548938,61,28,3582.18733924002,568.6393035513829,519.9716760661295,22.230557913954,424.88315056138725,278.2983981252451,52.22728467100917,12296.764807403868,94.89869641905082,BENIGN
480.6464623836332,53,34,1782.962876354503,563.1524687982234,110.70219752217947,102.93234751393824,281.6651477147956,362.1198782077576,26.507071762626296,7823.108521705098,35.07467352541092,BENIGN
694.306487157894,44,30,1083.407293747721,15.093317390004454,706.0545014278206,53.6057367855932,156.00760635570296,152.03898451818367,6.631465336628505,10506.747949533608,10.326056207016288,BENIGN
1004.3342770903524,43,30,983.9453002516076,390.0131373096466,95.140630154298,0.0727871794799934,480.9638071395831,129.2583941906329,7.351175239186884,9501.88986809911,74.27438978996395,BENIGN
909.2041659771152,53,32,6074.59640455074,398.02461299426113,242.7741892838698,49.17896686781973,373.52155788902894,597.1666364338989,53.654807164367256,8365.055114499995,245.64664645827884,BENIGN
73.14681316131342,44,33,6281.137462662291,250.9173397780586,268.331746630109,11.444468252958172,346.21062342890235,114.02275403927791,31.215991944433547,106.7831601316378,131.3099387029752,BENIGN
1333.8356138087229,56,35,116.83218520075648,285.398055642221,241.92588342841083,41.19810343118341,140.14294647041768,71.91889679286635,28.276937152134103,11541.198984225726,166.78024297158024,BENIGN
656.1213780285276,46,34,360.7266345382698,479.4388353726681,220.11423426224,8.030312471641654,436.9919517435071,297.3522652575525,77.53695221716956,5266.152403292574,92.74056261680076,BENIGN
442.85279618655625,42,24,2855.84007111444,1707.669440938848,163.33394140873426,114.5274526858622,202.04373369933725,571.289064374175,120.9627744398232,53963.79154312389,21.139488831396346,BENIGN
713.0519925597378,55,39,3942.308631894387,1498.5563956738013,481.4048901311806,15.09652733473638,174.906439985411,677.7285599495074,35.72366726143583,8723.509376686538,156.25740795106807,BENIGN
935.86129784309,51,31,437.400967670431,263.5720895955946,167.09536398363375,37.056764083314334,318.93892558573424,732.6290003107839,0.193708175255006,9023.970685978586,3.569618367386406,BENIGN
446.9542425253329,47,26,871.0016039890597,312.55318100401973,173.72685875763037,4.918166143032533,134.52794928633614,1128.4420924012586,36.7123141191804,14091.828883617529,46.45449224123993,BENIGN
39.75935168054596,54,27,4620.875198642249,712.5961092733194,147.90855322077726,39.55349082053145,199.64950428644573,555.611708500738,6.120920367040743,8295.537332325322,105.14235398079728,BENIGN
1762.8144724468805,43,27,2608.8438980269284,667.9786741982199,391.5722202487217,40.11097334640011,338.59985971044966,209.03320441340728,18.918789863724832,4728.547174927788,292.9837823548882,BENIGN
557.6840791784314,59,29,1701.3258411742545,901.1871302222718,228.51859878626297,60.94730495716075,356.95139256186246,137.60593600216316,5.208803497661156,11321.02373828599,42.55498846250427,BENIGN
128.24661166591312,71,29,6033.15362784974,207.62727142352492,609.0897296846723,135.1059286545075,74.01580902607759,225.3830004065325,9.634068922473997,2785.0691927919884,20.19052495578199,BENIGN
79.18484019491231,64,36,762.853161645351,687.5170246950114,249.61521185459063,18.041261707371604,193.48882022283945,197.2471112268823,53.93678002895864,1070.8713070268295,163.07920942137326,BENIGN
3124.637665197935,36,35,1587.363134118568,302.0392155138557,762.5179996234439,82.51488818995021,181.1550547984384,571.2619824692339,163.59615139992866,2117.462554361501,103.47627067181358,BENIGN
2824.796036158523,52,36,3383.437754285852,433.86973914109967,320.43534987365445,44.13795800569973,271.93084223561647,252.13142280644516,15.021777423489535,17165.425218095777,188.89735625777425,BENIGN
509.1648434090136,41,22,1438.940587254437,209.99368654453988,285.37475064505674,154.84655329010707,313.83167038548504,363.2410893386656,38.46072069978187,11821.649495711094,19.64392546716788,BENIGN
142.95845855094444,45,31,1165.625127656933,88.25686557190164,130.25331632778503,33.00568526524563,363.8062818621852,150.7897772814763,4.213499855509406,5829.890554210563,95.80652283955688,BENIGN
2028.504927719324,43,26,828.4905456152154,2425.6757622570367,1266.7710604272795,59.44022328104344,402.212499413004,14.314833023662151,19.74854073381184,1669.8014870388156,78.70808024953635,BENIGN
1861.427273299079,43,27,452.71854962744936,291.08537989429635,536.6201269232613,98.79738736323137,316.2622299630074,77.20544927591415,16.16239873613266,8644.576141038371,418.1265930561995,BENIGN
83.49653577071491,48,25,1051.4153165521416,845.6659477152509,686.3736667082516,78.6298352247085,306.1729742049403,754.6735387037885,19.83666370495534,6982.134387156788,28.39800922520314,BENIGN
315.73136569266603,41,40,586.5384358590848,600.6724005953704,33.99653068138011,2.2793924868821764,296.6612588739837,114.96465130478896,27.615746768771608,3498.4850807884736,33.771831498186714,BENIGN
64.60768856366413,45,26,221.78006951268253,329.12606674300986,136.0805578533197,10.463552949235794,349.10940896972687,524.5514129937982,48.31608202974287,3031.304107050425,17.764334724736162,BENIGN
864.3517413526624,53,28,1637.0816998964854,1296.3215566562296,993.951651490458,0.2863963237281007,175.9285825478202,348.5999774387149,24.547479151236104,10413.476080955888,32.10140278223663,BENIGN
395.9083443033564,62,34,1678.693544205243,3048.616586235063,650.380693956724,38.93437525702495,101.0209153827238,320.5964012680966,40.12220475113632,8301.732796002687,113.77838124033302,BENIGN
116.59216012385085,49,27,2428.1146707009007,1112.71546524136,1072.231035422784,7.351450519834812,373.40762365625386,324.4880391160036,12.130211362787074,5218.7468767993,0.7976241691835773,BENIGN
1736.0809938777113,50,31,116.0952268757959,801.7162188385207,366.8581865649781,3.522761007934053,399.6882940078927,327.41959988361293,6.277714751469044,23980.979194210016,25.977967817854044,BENIGN
893.7784045945834,67,29,534.9528001499389,655.2621301581394,493.4930567916574,51.18873522425497,184.5132731061124,117.84424504569876,86.63458786944817,4309.743490325856,357.8750661873975,BENIGN
418.7518878915807,41,38,455.3037765962117,1383.1396011899292,995.426808880974,8.675188611916292,354.52320868894805,182.18918238157235,75.3921400714547,7605.146841996173,288.24176499779315,BENIGN
1583.8252526883998,40,27,465.8161578156444,246.5405383532282,1060.3037284440302,56.41998938055076,248.7832775262296,161.62940635235813,44.653576344087575,17373.783154706758,73.26165309169669,BENIGN
1068.5058907480495,58,34,1177.0572427748384,1034.7783409671638,104.5513486249207,31.41993034840538,351.2297548225448,367.79873905604217,11.578601195051547,8176.6117968922945,2.991308017785173,BENIGN
1046.300863306092,44,24,1230.0674202367034,400.3827676799239,523.9602004959894,158.61784474153552,327.6914475252173,536.6262780656359,23.027681885992152,20370.91989951518,33.07562022436671,BENIGN
4425.85030936453,49,29,1875.047497545721,558.8573039600856,544.850891456314,26.76239291813748,351.25529866982754,21.56630588830555,4.964547701591235,12532.38950442222,66.3438248337496,BENIGN
722.4963399222758,50,29,141.82198933171364,1531.286344836431,151.30639443187647,7.032774026713172,371.7218666281992,112.6539836447447,29.54765545246491,5301.308833645428,109.18302018332766,BENIGN
1863.50049185203,52,24,374.3271923830756,315.37644428831584,198.92807676122655,18.327020455841147,137.96880654584945,28.7556788533788,59.37726474013088,16629.085491841495,35.2489703096046,BENIGN
91.03825760420156,62,28,1670.7650168875543,719.5614619393107,218.47171011118596,27.57147903468986,395.8149525694647,494.1259106877592,6.342650203729611,2974.348313360165,26.82378154209677,BENIGN
767.4994260264465,60,37,1093.642273969757,166.15313229582526,332.08166412083744,11.46162969365372,271.24862309570744,436.3922123287457,27.294867052976368,95.71919861181746,69.93411924784807,BENIGN
19.907381292139405,46,33,3900.253798411282,399.1959637217246,196.21767615608792,100.585891771295,244.28450739312632,171.80319593708185,42.93084497891285,21863.77887397756,411.53948630359497,BENIGN
336.5338929517138,45,21,210.17296773093705,245.0924132344714,386.547227818036,45.44505939432062,435.07152325527136,264.0044423681948,11.586756631918234,46350.51283913245,63.93451969439137,BENIGN
791.9632592061517,47,35,1262.3492309918968,17.671668175584614,275.77826218224806,11.89928589629794,224.4447503237816,185.316285399348,142.38949493432762,8421.979314087495,8.368401953116532,BENIGN
1266.2847438313909,53,41,164.12109445183117,30.88540112222228,890.303467861794,58.96148221697357,226.9067691404696,380.55859840385887,15.597884635789644,6492.524971390035,143.520082299355,BENIGN
1235.7690627371098,40,32,1333.366434224081,1298.183810301427,380.7282990744992,14.779261128390155,261.3455654492494,29.597888426549776,68.04788820399547,37350.99327831178,82.99529682258273,BENIGN
338.5841580453673,43,33,884.7866194098813,50.8380566784319,306.7609682412757,16.266065070845382,322.50815105836205,325.13481860084204,5.539025845001315,359.640075850412,158.6467603132199,BENIGN
838.2674039181207,47,39,1227.1984993985143,21.69875505853965,898.3901674532243,39.4610654019888,395.9069810422116,167.84842243163948,24.271750337869957,1684.852007095837,299.6945746294795,BENIGN
983.1249947827284,52,33,1080.401405446146,304.6098340881483,748.3161887378533,27.775862569328424,259.366138152932,161.55922096142032,1.890038776001827,779.9228568808147,338.53536510260216,BENIGN
39.18411674375606,45,22,4471.445345331562,943.5548614544864,380.30093906038576,7.276182075766302,140.82675978353925,584.9710882835499,51.0913240856754,7889.546358964239,470.8390687304991,BENIGN
4115.298077656953,41,26,384.8161989099557,34.78339188949249,308.6855706899154,106.64408808596464,224.74957625878105,193.00829224352424,30.332641526378456,19075.32662787304,89.58858408619844,BENIGN
1645.871308065946,47,31,380.3201555060264,348.8974033330828,647.4756486596654,26.368722863374643,345.22251824171667,322.4923284542551,8.083927146423257,5972.067728395732,37.59814692207485,BENIGN
860.6599287645691,43,24,15.670625676192566,45.63227660936684,156.23698511524074,36.41231997222612,281.0593194377231,500.504144994757,12.005741404301752,47145.20449330904,334.0364023585813,BENIGN
2282.1482888279534,54,41,1745.210531563427,51.405848262208366,728.154469533643,61.89670241695957,227.1207849617585,97.43804121452894,10.43369482218086,19167.81880473044,39.01076367960949,BENIGN
2768.2539268387686,64,34,79.73314211169257,460.0790133766086,704.676179850054,64.48128289141687,169.9767351887098,478.65302573601286,19.541489531361503,1800.083038524157,68.4291931537339,BENIGN
830.6448666735943,50,33,1205.8840529723436,3033.55338854196,1032.885727264728,73.14679382065499,442.0941308922298,176.04144284877196,0.882493232486947,3582.807712824947,220.06438025313477,BENIGN
914.5404819714907,46,19,137.81156528133613,109.6245183861764,222.9997472648957,152.73317543402916,328.5626202684712,1169.591725077977,36.58473366491171,21217.8321150348,28.69185885884617,BENIGN
581.006492471372,64,41,4462.585399036584,195.7671954470196,934.0730446013004,270.4071766047679,355.6100291632069,266.7373495430809,13.71540291413639,873.3545083172452,21.200054274867224,BENIGN
397.8438820868781,53,37,1270.2323200300514,1665.8424943314692,164.13529348091296,51.03503644332233,447.7871423513556,131.94997299510263,6.619029881960119,7036.561331005581,88.21553114546515,BENIGN
2092.735612176639,52,31,1828.4362968249616,126.39914500223276,469.8962392042421,15.285281742626116,458.2903008026197,185.7668150375621,60.13910375250835,8222.006946797403,31.14614921484619,BENIGN
450.2041149450101,53,26,4877.719610992441,259.66848420057784,379.8773730594493,26.509879239586517,314.38440936164534,379.8469401926216,17.968573969454344,2429.642348236075,42.17173215879436,BENIGN
569.1954172192331,52,21,4043.1177069796254,746.4258450416955,439.13718509089176,104.92311365735893,313.52533331945773,163.2866195972929,148.96589249971527,9099.439130011717,145.60557594477433,BENIGN
151.81992193138706,56,28,781.0086870153057,1357.1899586601917,148.9054485800554,14.742364390980898,362.1491540892905,248.77629577878503,18.77983963481634,11930.163649422448,99.64602328376188,BENIGN
505.8250843418695,46,24,821.8672434458346,207.4253280716222,425.1943907109496,93.66561393131892,331.4836391720892,839.5664439146398,14.27147881901168,9664.449387764347,33.71605113817095,BENIGN
778.4981270198164,45,30,2449.869353535377,156.29843523040086,181.28471654753992,55.38067318613219,394.279049104785,464.4839650956979,2.645390235611272,1605.8102810390712,36.33309540076509,BENIGN
320.3038769287745,39,41,4584.3926384928345,583.2759950631439,224.88054499930712,24.41209678959044,497.4927784041923,460.63717438741656,10.54924271567294,8692.396801838697,108.98514731152136,BENIGN
122.61365679360686,52,35,15.462143572995576,315.82563209892567,454.1505306112672,32.8253815919668,398.9859643679843,331.64991644124234,2.330033357365189,9104.144669356014,166.11959601156784,BENIGN
59.51708142442369,40,16,739.6266436909623,1207.621582141892,630.3214179845309,24.039711075934928,255.87067404791023,307.0721083800644,18.780966125890885,15992.43563490339,182.37154198723152,BENIGN
345.61946791829934,50,36,669.7877232866256,751.6976419975937,224.4392616978097,27.144284505452102,216.497327857379,205.1940439008361,25.699359710895862,6277.140926682391,82.0573008286503,BENIGN
678.2934333416935,65,23,19.335080345476317,704.4765477917305,508.0322149472565,89.1090379849283,451.93015234489576,283.4690411984971,19.970011100077475,3649.5758670924974,468.41971973030405,BENIGN
862.4919714380527,48,32,3585.959261277857,694.6493792458278,651.1522020326533,42.565303082067736,354.4730551252265,280.770564570519,25.89049417260718,7887.790254919776,4.83588004922967,BENIGN
170.56616928390105,59,29,902.833901422226,1252.8166472336604,131.98794579223926,0.0654527982553345,134.60377623841427,670.0171267388046,0.028557361335381,19375.206406639587,46.627248377621775,BENIGN
8172.445597818083,47,16,735.0712884822071,60.09609447258698,262.276385414522,3.481294363593374,200.8394099542852,106.96747143240027,58.00475679835908,22139.38890967197,18.46891529358762,BENIGN
71.95136073162983,45,39,569.299997071945,513.0917513120427,355.76348102509775,21.406082841982847,201.5094508880076,786.8450311806859,4.708921387445701,5528.049944792248,231.9430391388225,BENIGN
179.97194341740163,60,31,1067.4328021441,249.48093678359933,126.38828236723477,21.18883777896379,519.1472281359034,263.111536197653,7.947468717647649,6217.915999892986,13.779910533676116,BENIGN
490.4493137625131,36,23,1709.6678001567227,822.6223284843094,422.1114815626951,2.821890035835122,219.57215235723268,223.59917460564444,20.767674975876623,10970.626900256466,39.80898896854311,BENIGN
1923.757515573203,51,35,1274.9056129493426,241.40718056263492,682.9567244786798,106.89652734484712,328.6532240501962,248.95234342243708,40.86120406336909,3634.748800380337,584.7216866132134,BENIGN
1513.5621919309033,56,26,1500.4328276261135,1964.5567203609685,311.72734266223495,82.06285902709132,373.46655475110913,178.19453149175163,29.92450177980192,11904.474320793388,68.62810587641054,BENIGN
53.67283829582405,57,29,1275.6367192533637,737.805160442428,321.09214560112235,76.76765936237328,339.3802943362508,234.1471354198557,54.79823074893284,4229.1958506509145,43.17356861405922,BENIGN
420.6600215727315,47,32,1766.3913238269922,4.2933968948229015,574.8933174422364,21.20566736905845,475.1233690212202,1110.1104550641437,24.16506374387329,24925.756521824544,14.144367035321212,BENIGN
967.7755075628525,35,30,2757.199804612338,349.20999845258393,126.53777326036288,58.98715701723256,241.60675068193,64.98820658273446,6.520967031357257,7016.649044554137,192.56629356397127,BENIGN
1540.152634743093,47,27,174.6489451110548,355.7593637357348,438.53897209741166,62.98983234158888,441.4363139537992,94.10662048476094,10.671059987335331,18396.124082486967,29.66092053674632,BENIGN
77.47586881130901,53,31,198.992051043598,184.53756118138355,345.26865998041575,255.03801107114975,161.47207238504566,196.0955164065978,26.07799206120141,9693.225497368448,202.67905034154845,BENIGN
1107.109150569736,41,25,3650.778386072653,606.754882415758,546.4662498518986,88.55248140750743,243.1562849506029,32.295421555774375,11.739304996507272,11790.852723242137,249.4814401384984,BENIGN
1559.2130975943471,40,35,2337.3857464652024,524.8350909423382,512.6347335192348,2.346167806629001,429.71090715084335,458.0450851504308,71.42853675423551,2242.2481949368344,59.897521197284256,BENIGN
354.85599007989305,48,35,3037.3552943408886,1621.181476840473,331.82628272178533,13.564654547792616,289.5502521803221,230.3233895819584,17.89733319654575,1671.0002260991216,79.59133612078985,BENIGN
1976.492871538066,54,33,491.9386171493304,733.7498674426865,489.9749231289306,46.39425491707403,178.5587892257587,421.8573011950385,5.671728199891485,10027.14504436634,77.43360054644086,BENIGN
642.8614051984582,53,28,582.0507300054252,66.66415016041705,132.52234938666703,0.6923248697776575,256.09335482714084,278.75699387394627,47.40078482340364,37613.68922231223,77.82167581499209,BENIGN
682.049596573356,41,38,632.1930192198315,594.1419447970526,58.07062916032714,30.446839724193964,335.4083433310461,531.5963151234114,8.564319409512752,3221.172408456661,135.75517278323233,BENIGN
857.0633884792471,51,33,1848.879172210299,327.4253405200864,550.7049194353369,199.00919927583024,388.36548532670594,311.0635334461866,39.03743959978905,8664.255056365613,139.0144303237162,BENIGN
257.182127876914,47,29,156.90964138351848,11.184751312449478,1065.6310372856133,80.23832890410634,358.1005507572707,1209.7412726641537,1.7932898367095127,9516.051632135655,96.31174009150828,BENIGN
33.75261921056072,46,27,228.03205437564307,108.27056992985504,144.6208763890849,9.245979378223588,218.62948402321248,837.5384432856711,0.5650690367564012,15707.804100413496,52.16106990772398,BENIGN
261.3566524312562,50,29,795.7458319811825,908.2298154405502,206.2506023793364,62.61331098004593,256.3677277005122,105.37298503080596,10.191211598474831,7320.42548388006,7.2206307946476835,BENIGN
3492.8071327362263,47,38,2293.24719816136,531.8608189184107,331.99527860707474,2.035613345883488,126.90309650371182,137.7252531670064,69.59489043692263,2090.569012461625,41.65199892405645,BENIGN
411.6657106188567,46,46,744.1788748196954,35.494240510836775,374.48060824173,25.835463212800686,203.014968922814,75.13510915308957,13.31379166025373,15549.155123171848,5.174670119257834,BENIGN
3497.3878311233984,62,33,4122.28314082283,1420.6002338576272,359.2757647106067,21.188626292854693,253.431543307058,676.1408466168131,69.042978980148,2745.7911276890395,230.76803390221215,BENIGN
1720.2634301559865,42,33,1422.571004694129,760.0504625878209,78.84730491104965,7.631276578868981,408.89519658617786,270.09913501998795,26.39267528906997,230.6181753020949,38.97729345257169,BENIGN
311.15819666956594,37,30,2417.863042921953,114.18502254306716,1039.9800664776333,83.19290129594705,315.17233333543425,41.75307099062463,57.9797077893175,2953.2620703787834,117.54286360988664,BENIGN
217.7986608485328,56,33,691.3882694786772,856.5645620221425,151.09108012891068,16.32177328950552,183.52808580839528,140.27292320532297,10.014988347077423,19466.34843325102,206.5885201475737,BENIGN
2667.7994605888543,50,26,749.7284955024385,256.8437260959212,384.3851648629404,11.268009177669615,288.93906309480207,14.12140194440199,5.996469197217498,15466.074036574626,250.1242140296605,BENIGN
987.5329076281154,40,28,278.103863011477,83.10907425151196,259.5468404102643,51.22196351964434,271.0587343569224,56.36545639778836,16.90745529389049,5883.357413867353,47.085920575047616,BENIGN
184.89687702771167,54,30,608.5367944776149,82.68749609427107,595.6382494737209,231.1557513422747,541.6626428029289,386.2649640996048,13.657357489216407,1830.2748414683151,26.40055758664906,BENIGN
55.33357683015852,48,33,1956.3055356582488,966.66123983575,142.3697790692052,3.5778217006394426,91.35310099005363,76.28172290603607,35.88737304212669,36319.94925044546,106.82440185535592,BENIGN
1159.4048640248864,43,25,267.57003539139083,1367.2320445926505,443.8538427761961,16.62974980255653,156.72456231260782,186.0018059091059,16.686142274967604,28930.029568938367,374.1991220324024,BENIGN
4199.015724929951,58,24,517.3722429699612,917.6985604097172,347.0415384777661,76.29899282749234,415.7792403624146,114.31693104903933,2.540487276789164,15124.372185572818,7.150354748280646,BENIGN
368.8462597889831,50,32,1447.001307840408,75.87258696249336,223.12166290304387,30.267579824578515,170.80834783019304,337.8774557240752,14.994231362622838,8568.681120426732,15.960318240727617,BENIGN
537.543673200864,42,25,1102.7067900130214,78.60887859485538,1061.955515259185,78.04711325174173,281.15876074418145,540.8151591080186,47.020004860709264,167.5591951630005,87.69350666352568,BENIGN
1246.9545359924232,53,41,160.4717097529581,1711.0609609031185,500.42270314017713,1.6333911609035634,84.15785183885839,169.19966218751878,39.07251043123082,39675.72371778533,13.165774626093857,BENIGN
178.6767924545557,41,33,1599.9172810884518,704.4084916790956,168.6526685151529,8.121229125647567,265.1126510716076,94.56323818289069,2.466497044202654,8239.332130392784,275.8156168493015,BENIGN
339.93656683288447,54,28,2017.0263478392003,306.6979873674237,169.7768688822611,49.41402231521313,181.36551953667495,161.08671375232322,10.954988552337614,2780.0252594240264,62.954638845338,BENIGN
161.2116083351189,45,37,2651.1713543790056,864.7269751013185,202.85543238117967,31.087908444280515,356.72552016024395,422.8659025808779,8.232718837778599,14433.3876816589,56.163488897803504,BENIGN
740.4439331810439,56,34,2517.9367190338303,268.2123166210788,600.4428667531076,0.6517654649358238,220.6111511663908,330.06948104646773,59.30285020682358,1509.0938915145937,45.607544809106194,BENIGN
1254.2800359175762,50,18,34.84952829282281,79.42530806192548,312.2204925395539,88.21332888523689,368.93746134047376,243.8488299174359,15.61490581091319,1444.9405551999355,468.37271675940826,BENIGN
1447.3607343318376,48,32,1377.7205363909743,1498.241050819967,801.4874933312469,10.044993198753016,303.47543289815786,241.72034650657773,18.7743343529887,1123.7392022186857,20.616662864332387,BENIGN
993.0575734759224,32,23,3180.6706847100145,511.8051014024731,31.16425338181462,35.47108231439772,348.942620985878,524.1964063175797,34.69763432613377,3686.4048994842674,341.2351920986052,BENIGN
3515.165157939812,42,38,4526.822482160953,71.8326838441534,446.7063398330271,25.829462609608488,404.9782307402028,177.52750197001455,50.554475292064446,39611.973413292944,35.0847311248075,BENIGN
904.1933879635168,65,26,316.7208531981243,1671.7357287781838,487.08180744323386,10.935339939488182,461.48689250731854,191.5494844843905,87.1935844627993,15660.535826136753,250.491209885858,BENIGN
101.67448370236087,53,33,831.8665035809205,9.788807659272598,249.62773584699696,20.332848693213368,407.1648503432588,113.32795552433394,38.55890052358065,6464.103271116132,60.889038778556994,BENIGN
436.0604784235147,36,38,3624.878307329404,267.5803810779465,295.648625358802,41.35524612101103,416.48849410937777,840.3504259135811,0.415342412440878,7690.899610181095,103.9517995851911,BENIGN
2519.88356829711,37,36,1573.9278226242984,1779.6366734482212,1217.6310301521823,55.66909035335651,440.5229174660132,590.1206099507234,18.737476335173472,6077.6988993502855,32.364245695166154,BENIGN
289.24231239120246,50,26,391.01098579379874,37.84012741401197,180.22564231709143,20.093759490554238,265.7280767946868,139.91237352060944,20.80923017016264,2838.219843257444,14.561279693134638,BENIGN
57.81565284795499,42,24,1316.109672453231,421.2882140204128,389.56273423347614,23.40622906397421,161.8025526231819,117.16405076157072,50.17542539538894,4672.942003723764,72.59237898483151,BENIGN
387.3729908946474,58,20,274.1095146877929,1535.790336376325,247.15195472723445,73.85479408187611,301.4336946592082,730.6888689621459,85.93037075176456,1898.104948578626,9.159160272002838,BENIGN
27.4698578844401,46,30,862.3000767166044,796.7664543031992,411.74024283550256,10.327678960066288,182.35675937412316,159.59371013954353,86.76100555774816,3159.2394932891275,25.90103211601582,BENIGN
848.3336962100451,44,24,607.5480199459328,1874.6656196404629,65.14928563593743,110.70660170742131,441.2453016906478,133.27728863776628,5.386645064867282,1647.132415526216,53.27945474675282,BENIGN
1855.6560463874307,44,32,479.5270403888613,205.47459090252377,106.8377196887778,39.7098407558873,475.3409612642787,149.1580607804691,0.8059653563213679,64412.40109931159,143.4491990633779,BENIGN
2173.060540030752,44,38,352.3836702356438,2321.0128401373945,389.8090308462821,3.1679576634715647,347.8069982723609,534.001904831075,16.020626300231992,3154.157667553169,4.439738061859544,BENIGN
271.3331723358058,57,30,0.5166409392176463,256.1233521275664,154.44886260123656,113.093862697333,342.3591907967889,151.14405520441696,79.14787813013284,12174.95947911812,47.83583058105173,BENIGN
555.8201249895719,51,30,223.7989033105512,6.7496128103385375,759.9168774187382,12.697904499646304,162.47397085323513,217.6911683250197,30.308672377684005,8186.311425129333,27.65648831686949,BENIGN
2817.255455387152,49,34,480.7814648376579,121.96472076161211,159.03611832782525,21.836474326756004,483.5322136187321,1129.5666587392186,46.59544908589784,5536.429302058562,49.94369784404834,BENIGN
530.629671756844,44,29,907.4148111690484,248.3126783957339,153.7300159389103,18.14512244962292,215.61713159582249,367.818957669636,31.895410131853826,9816.55768963884,149.56140554464218,BENIGN
190.5850233666576,45,29,35.228934045048845,25.05448390017193,625.415257857881,86.60672252810699,116.65432584878408,379.1793392905991,3.375965778035945,498.73827113922175,56.00887683163764,BENIGN
874.4917510906712,54,32,5088.743685584264,647.5908265230756,213.05352398314685,57.20843888279755,265.78687042041776,494.6494527978469,30.28843326768296,34116.6471893238,95.25183647685078,BENIGN
375.0978791544164,48,33,1706.9353689984953,34.845425961063675,534.061697239369,20.96171415173845,290.0636361575312,165.15283287937385,44.87803792823635,4597.346951693988,38.27868899615784,BENIGN
875.6090546365986,43,43,367.8474472915898,472.3583328122822,597.5729097538738,12.860337167620903,516.7895636068299,207.53031862535389,8.227761057659388,830.982194380691,142.15583635354744,BENIGN
1452.711024747378,39,35,613.3824959155385,117.29994155659044,579.2378519519959,65.07067075682241,276.17106465491986,469.4090829997889,21.019945780160384,6020.826790466384,27.315799092992503,BENIGN
527.0039481117462,49,39,2038.07370775966,68.1692922164337,135.53715191297889,5.02994827927668,209.60877466420288,435.8866067533905,47.25592774628236,2622.7460410955773,222.85216393256252,BENIGN
3130.2214164088514,45,35,687.0327152046252,598.1641122536579,51.741364747366106,29.39664129877961,186.6487073101543,422.9321613933691,65.81325935361444,6229.771558931955,76.20551381102754,BENIGN
943.1996574293564,41,33,3462.732240843853,599.7205079603095,395.5271384413026,6.936607394635972,416.3891848226065,688.768853872962,58.15586839195153,11262.931004985694,181.62146103407449,BENIGN
435.7976357336992,47,25,3292.692955168822,2148.474623840087,353.95887213808044,14.747695435021775,417.1403814527483,737.4445454267479,130.0947365584649,10527.261046109934,66.09003977389945,BENIGN
134.08731489113322,57,32,1699.700013869632,109.0010753071276,479.3829366686561,14.298396947541551,272.5379381717394,116.59360541672166,31.87219281026721,16787.449787073852,24.815363666387597,BENIGN
305.32013917912747,52,18,2186.176568407195,619.9500713769195,537.2771553434504,42.83123894412199,263.1105518401344,108.21525590657215,8.535051365452958,1025.2385882443652,2.812702860860333,BENIGN
873.9845177801425,39,31,645.3792169423284,2307.988173779866,503.21568963812985,33.5789362409239,338.593012305419,108.42293818040542,23.732350753828378,12843.455512310971,163.45621187863085,BENIGN
1627.2845172494383,53,30,2582.263431768628,195.6249743206953,174.8338373614096,92.35823606049672,306.9748887817052,168.12616728370693,68.6868219442791,2725.208486065396,83.48272506452804,BENIGN
3353.176389415692,47,22,1858.45997837952,796.464734616028,933.7546271914258,23.51870876668474,377.6107174205945,114.38089579877752,39.14624174635619,6614.966757289827,16.367189785903214,BENIGN
55.12672895569121,49,28,2267.057646260128,505.1371076527339,1128.4090125801565,27.70337127029039,245.48091311062376,205.336944972648,34.51409090771949,3877.6999790002433,115.70774252070986,BENIGN
944.1270647095304,54,30,2698.0927074540264,151.37392935918606,790.7909379943084,54.10483511759664,333.71759692174066,221.6088892366052,8.677660268522827,6135.85319182742,144.11317451172312,BENIGN
1728.9945113672711,48,26,1876.0361729512435,369.8187783321189,119.92019973585992,1.4101997806631863,174.59665944075402,41.77054090471571,14.463347363511849,1832.495622656176,25.001759604242,BENIGN
568.2291842795199,49,33,1062.846408495618,361.6717874062471,268.4113170485995,10.63461406733228,296.23368151115216,199.31411862453237,50.8301811771175,1571.7724030290733,0.6775354236348416,BENIGN
1751.33255752333,50,41,450.46976725293297,97.7336793013552,392.4122199953175,33.579948773833515,252.0545493220365,212.7427802834264,5.625447278413932,6279.549464888876,72.32951422117229,BENIGN
555.4417901100342,50,28,223.5263317794586,2450.2058942277054,454.9771851019119,33.01804882562933,289.1242295502221,372.7307192442719,79.63171871441793,25339.325033236844,229.70774020570016,BENIGN
1195.4104568928851,38,30,188.04359365918432,807.0530412641917,67.52934926035668,255.7283682340202,354.2384346292376,217.64163903784024,29.36505507479924,6573.721662289613,75.8403544639597,BENIGN
300.4860724923195,50,40,295.316191611143,175.26724274292516,507.752373100224,147.26081430297373,305.2801923029695,471.01068440556793,52.868324266025134,4521.485705231716,147.02230107123927,BENIGN
1003.494190520531,43,31,494.27965963375925,94.73425405463506,448.5981244144658,13.92812170889695,241.0836138371645,228.6389605607606,19.93911795293135,581.529914095402,1.7099404293501062,BENIGN
1622.7273894179916,51,38,2613.4695921989987,961.3759952965356,845.6973691149548,46.68910156357419,306.3596993350524,128.50853994054037,34.259674083212886,11312.699743113168,41.68023098626335,BENIGN
8.902797672285237,58,36,1132.7960294958516,416.3746137493828,256.03738425288174,72.1944097600252,354.9173396887737,249.9960435243677,7.947449069599964,8528.144245857935,1.3195611305176382,BENIGN
662.998818414935,48,27,2431.916267254553,613.3538312712633,132.23102182046784,21.01624741423341,471.36422838797887,106.7246801261178,31.51340624837952,25548.04904405484,121.4986907367921,BENIGN
930.8330084672092,43,33,2738.2818479563757,1476.4713842254396,66.35661622390148,18.58488988472623,225.4105977104608,650.6536289217233,31.43068728807561,3152.2459530558576,163.76040762187344,BENIGN
1459.1559716130498,57,35,1104.0317566086362,627.3477182451327,568.965081885192,66.3105354766468,211.5765744351837,78.79304397759627,6.534571926270555,5294.47677755861,60.39178682331104,BENIGN
360.848969982313,53,26,1685.9444966250728,970.234876323064,139.67483756122184,100.1207725971552,415.4518793844885,76.751667854183,33.50858110412556,4140.649081025543,8.329287540286826,BENIGN
739.3515493887611,31,30,714.3142990832571,1205.3152176179624,187.00272186926648,29.613829219697852,381.0919686486509,315.9660225072381,3.514229028719659,22994.372172048832,65.56783980194439,BENIGN
11.056729631697197,53,30,4563.46401854605,455.8995840379436,585.9299499526942,37.13568890008568,284.1017541296131,41.68859690430435,30.708850620283453,1057.3729128513132,5.131577640698854,BENIGN
198.64443028678104,53,32,85.07258287474549,682.7955116733818,115.0567596999073,43.74377816787726,244.33327273000717,538.6619049334656,74.03745780111238,8032.141498633282,53.67029105053064,BENIGN
3149.695730170519,52,32,3122.607924701233,1074.8122065544264,534.2313545700679,103.0361539223884,338.9593483753936,385.6691975548208,87.10204668904305,20427.493368129868,181.38774455902407,BENIGN
688.7817390488921,52,33,2246.800693156326,636.3882195383819,389.7795731434253,42.82411302207851,372.6685541254788,300.4849748629365,64.60021896012478,149.2095683873432,81.05570608848065,BENIGN
2172.312456470428,50,29,1480.7624997930714,79.93395453776623,403.7992385315279,129.1543393482296,254.27936262328345,78.7553169652949,0.840501121172292,6417.42099043939,199.7609362299012,BENIGN
1568.195416221149,50,22,37.3814541079745,1596.8093546515354,158.71089415078234,12.481800302958774,232.9440660901553,351.9565612602819,68.20276914468879,6984.408380229255,85.06127033514265,BENIGN
136.48466672931224,38,31,3472.189355335474,913.0852022357558,462.8341472549539,201.46165652913265,297.4193113914365,344.6108029292947,83.70854551640961,9813.03524417982,285.6755165001436,BENIGN
563.0480135978611,47,30,1858.534891615575,437.3902238879372,539.3089557114472,4.522765829609469,165.5461049343191,251.9539781417281,20.5053932925442,5474.444482996739,155.8679193566682,BENIGN
8.39885371211679,41,20,446.9955461890109,42.93259640151296,831.8630174442808,188.7191576318617,292.86656434889954,186.60698611127015,70.24500897432884,2911.3274014444955,265.0456545659788,BENIGN
575.5474933648939,45,27,4422.612871138611,327.1266045698185,158.31143347015708,46.42036488201067,408.2466856099853,349.72259425999164,17.334066874348416,1574.4564566785946,41.81419425793752,BENIGN
1698.6630340361794,57,24,7784.379806600303,1258.0877107853962,117.4096754178277,4.179532030519899,418.10926525974713,284.8570678997637,22.16441030988257,6296.425348412075,254.7890354927188,BENIGN
629.9874431013923,55,27,477.4460856441831,928.3664590279512,152.05321012294397,75.19760143132046,224.20385124799725,1032.629148932186,19.16779861199332,1866.3590409488131,12.176298620448604,BENIGN
1573.082436156245,57,25,3466.094065918633,1856.698427843836,670.6588774510527,69.83009383867395,484.06321422867023,274.32561349424395,39.88977301674464,5268.553029197097,35.065439875939816,BENIGN
257.44846813005285,56,28,359.52379501510376,1139.690767183156,334.58347805122435,32.508992731420555,284.7862241914385,310.4491146041401,12.785384181495038,21974.8636398258,80.97492398765793,BENIGN
1186.117913334209,51,24,745.7992386433054,6.93879049769884,1203.9586222332468,2.328025381326075,359.6863827990548,494.261473608156,10.140516316824025,7657.872822192233,92.6561995539852,BENIGN
364.9144491201648,41,36,282.59627833764097,199.26113140973288,258.49394745132656,23.96368624086546,250.92263791334884,130.0161923933657,24.270266973586335,10462.369911213083,0.3036184938583372,BENIGN
2940.5144851815085,45,35,2830.7447655114247,131.67485362193156,617.0350581127425,33.90927198925663,360.7555298525123,468.35335929561927,12.8136920649721,6803.504472839635,56.93290506655661,BENIGN
619.074518666376,50,31,998.9196344982092,1425.2127674931496,354.8476829976548,56.8709221947583,479.78868990521056,693.6511239383908,25.979412474896986,121.07079708931502,17.834054367644903,BENIGN
589.3373255599557,39,29,4945.154193191112,384.8006245567976,131.43338729828744,9.802726831730109,299.35223070375014,825.5036939226528,48.93904397277654,1600.9163482720337,49.01826917393275,BENIGN
200.40127451653183,52,26,722.6061957692708,108.47302079188825,141.55114910474146,114.39130332794484,329.1970024720308,395.720677082333,43.17877859472117,33881.52877224657,40.02685077604343,BENIGN
631.2415992576712,62,33,8529.40479262273,806.28375240188,443.6933005737308,69.74440996366887,407.7227747043801,1022.4152266673868,21.65548804918049,5986.605787612216,285.2884319155887,BENIGN
810.132360686508,51,29,755.7351625236518,276.7140157117782,123.08255508696718,27.90719708428297,288.4202949954991,193.56176992560495,31.75895312284232,5916.100939662982,31.95426681234093,BENIGN
823.1145809801471,52,27,115.91548830761032,918.1275384211978,717.1267372895009,12.255646016673348,24.57408170462412,277.9789487774598,11.412177408344345,683.4724370081098,18.243227068325837,BENIGN
2019.62063822053,44,29,2225.3910344549217,821.5316355835174,254.37674922350345,16.079470084977427,217.67361848068447,329.87492528988446,4.211125285409359,11257.28644199025,328.85495754049765,BENIGN
507.2264842828503,47,27,3364.0878744993897,1980.6253918424943,112.97280924023056,52.71034114761495,151.2850986317003,363.962095876139,18.16482739041725,471.4223965225319,6.454787225590438,BENIGN
321.21338304690164,61,16,6110.861121325573,438.0698740397213,844.8946442897759,45.56011700027319,322.63900368786165,125.40678857185549,60.82918227392531,2969.320879792745,18.18871368558013,BENIGN
1841.6698450343083,45,40,187.9882365908214,1577.445200557125,317.3401139594711,40.23743150679833,327.1105327383768,138.34404504270202,99.5331358399808,5481.035107571084,207.0307155847105,BENIGN
1402.2688916121697,50,30,220.651367545092,244.5458080381324,163.66738579177266,40.3918576092424,246.63571134666384,134.0965190718091,87.82203461523105,7076.031047770258,194.45359127337613,BENIGN
1894.7720147092457,58,35,535.751086867105,364.7265859347183,522.37887933313,30.71433557936281,227.4917778435339,84.05580743950468,7.706888012580931,11120.40530886223,9.812905203584329,BENIGN
1986.2942632118777,45,29,312.6497125628895,2.377095799667865,446.7067581764412,42.212342760986274,332.3321247042178,44.61463612743668,26.757707822516224,9891.064150115037,108.85807388359297,BENIGN
229.26383478708843,58,29,6369.783540923519,3486.720273140342,397.2258792739066,62.11793250724399,308.16846656493,172.92402245418631,23.92991603527344,14635.622664192882,59.1365892799635,BENIGN
663.7722009982693,53,32,121.86244615039186,693.2321731847201,555.6166893246194,146.69467366453105,186.38587727119216,480.3929492574397,3.4838662754274248,22408.07818692146,4.193824293618542,BENIGN
1825.4436356623237,62,29,386.1360064742509,102.04443919537296,504.9633111411866,145.50813735045506,227.4047509286028,570.7853822392192,10.025113023712224,2853.8258719215246,137.26958611966072,BENIGN
700.0051847143304,45,27,713.7946748472917,1320.0137680676598,802.1309354774855,131.42338484163002,375.2434339093408,559.0084604513202,9.27594498005653,1055.370687152665,4.133779749221256,BENIGN
30.43198091997127,42,34,1232.9119245083357,1636.137451038713,277.03947407523486,19.23492963005348,357.2055266225452,423.20583831838377,2.2464818111358924,3198.566741922656,109.45621724834886,BENIGN
92.77857239491574,50,21,2989.1765779356733,2689.21401363208,137.08613508757747,219.83838184379968,237.37569773138404,141.52269124070506,3.5121322571538918,5589.076003046333,47.70575059524942,BENIGN
779.2860190698894,60,31,71.30913779397811,1134.4943618305233,133.26517614020756,7.223767771133556,195.55042428091767,377.3009964244349,24.88544669191619,16106.4630184058,58.85026367812224,BENIGN
1494.0025935983722,56,34,498.1056255995293,781.1956830173274,20.560354790293243,59.1786122367354,250.0953863710972,408.0497678092805,38.29111480858438,4548.88982170596,99.70657799309916,BENIGN
2918.2323007342884,44,28,1246.4622442038417,170.94305046887416,213.6747917939257,116.19586055170596,255.01838540643212,126.62681016484842,5.329133977576778,5323.763120552789,1.2650578814033029,BENIGN
316.7566754287018,57,33,436.67139162556975,568.0209356117026,1218.3358829153913,4.733194197643786,251.1487411161452,6.864947694329954,6.580866969715085,26745.84356982374,25.25053700200905,BENIGN
312.2130006984853,59,25,2072.2534228597638,263.8972693728836,55.9498704893279,85.963156722232,271.069197219316,69.51631250162684,26.53269562456174,11297.438074997715,473.6699745231188,BENIGN
101.99470963818112,48,22,653.4533745665134,304.878470886738,474.01674683169006,60.74515320064906,224.45198546544637,241.8005482165236,62.21464256208896,661.4549362543166,260.5882537668464,BENIGN
732.0123220255348,51,30,348.434069251355,1875.8096025400596,368.8384411732261,75.45143528092404,256.3175836879479,90.47828767709407,21.469732907266597,7172.777743442395,2.509546251533727,BENIGN
515.4018868145539,60,37,572.0457280099233,853.8756604096625,677.1220442792409,6.223008330758326,351.7273484162868,531.4173370871074,88.2346677050391,6048.70708605529,56.95139347076507,BENIGN
868.6145236225726,34,27,5276.260057912109,226.86225776912457,200.41516798535645,104.73275191591848,241.9181148679621,402.60348799055913,34.94642478272307,8911.058147971478,169.79278474076187,BENIGN
61.81508730450816,48,34,4149.703531445728,2.6306567152825635,401.3144386313478,134.9234646779847,199.3924704503318,447.2325953855806,29.70042962251681,18850.177601459254,36.24507478727345,BENIGN
425.17711089079006,58,26,2310.86586638609,46.93631154231158,263.25986615587243,7.1420164702033535,473.5724162082895,304.87784784837453,27.465943091953573,7793.385349044523,130.3023768544512,BENIGN
585.872523921944,61,32,411.1579437991098,2068.5576473839283,148.04429155277626,57.555415619475085,131.32808041337222,314.9048304020919,23.96799346483051,7368.297338137178,22.869297913711726,BENIGN
860.1022914022199,42,30,3618.8686230104577,1521.8475984638776,205.37701478462492,169.54860457872243,305.20808445244285,619.1813277649885,5.86071327819828,11156.109058429864,242.97569524292987,BENIGN
536.3924439354222,65,28,594.706990272369,1300.6978357227151,507.8872452414779,15.188896875839678,270.1170720622493,454.9034207073018,0.9887208364237496,2481.281150625135,2.509220058213159,BENIGN
2027.0106265290024,59,34,1992.9373050631843,280.660715049421,196.2072946413078,26.466943995890524,199.591854860054,416.8847601790562,73.1474604898916,6693.344840064888,16.569521211917817,BENIGN
40.06125712272674,39,31,2225.811193377728,791.1088796144263,347.3853754987236,9.951544042522425,182.17264619485127,154.3807513025633,47.17676603835746,6059.277382094371,53.88680394737608,BENIGN
191.2928814550219,54,27,1402.3250772991792,2370.1679692836974,235.73167552105377,34.45466929841543,429.5911777751485,270.37618270274544,4.864064925280122,35684.17334455064,356.0930288589153,BENIGN
466.31207863061616,47,32,1240.3500779761655,221.15799672633884,545.9301692474506,3.4807113505913265,282.46374580694214,226.0990408626028,38.8251879285889,5115.093680243015,0.7464802972732036,BENIGN
856.5115806121819,54,23,1273.0046967898195,416.0381354546004,286.65697223214914,55.437045234323946,387.53294774193887,166.79870358697642,10.38093892175496,3387.745715369901,124.40611181218635,BENIGN
370.37930155436,62,23,200.3408020078252,3110.6358370427665,711.5198694398099,39.73193328959506,347.58647334882187,602.0495956670536,35.5919593553023,11251.59174942135,35.51017624359692,BENIGN
9.079563850904286,47,27,138.40606184403237,96.02349681092822,759.3032271883397,64.78252866019724,245.931955110886,278.7430838583937,3.5187138914158385,2375.088668103684,26.905698971482884,BENIGN
100.21922286375344,55,38,538.3701485345442,1781.348901182974,803.5287898473443,114.63436729192512,409.985097168997,37.6609016014472,40.7411066288236,3850.7010495687614,82.53175146063334,BENIGN
255.3012751408823,60,44,856.1763202291263,355.88708668404433,231.45395228399676,6.616738372355036,138.65643591471303,262.3056538310141,20.964121052827,12714.648303684971,12.91365994155281,BENIGN
191.65610901684235,57,31,1479.4640316542618,345.8133928879085,239.19082373839169,42.32168286078485,254.5195708264272,94.3583810403614,16.856521602247422,22236.401341660687,62.83901154244796,BENIGN
3376.475102731325,65,26,268.8876618956324,314.95706431000616,386.126887334308,14.479659083872154,285.136935762872,117.77215321932528,10.12005262052452,17601.47780459962,99.79908630227136,BENIGN
1322.810322859278,44,25,2563.6978702504853,406.9339037952583,480.953429980376,17.266569397290706,372.48811577806543,486.22030509494334,2.1500383491507318,13878.090370946433,12.894486812677044,BENIGN
19.341328972891517,55,23,406.9289078056767,4426.852086927539,187.16451252158683,4.909919542347587,151.502844525555,524.6328471269563,66.70594006067142,10625.777356614408,79.6239561376484,BENIGN
11.418589432541667,56,34,966.2250019372864,1555.076746589034,867.8914003086359,61.51459516343413,377.31612025798944,178.67380869541543,13.853974607711566,10974.079527646967,184.65380754293307,BENIGN
467.30218747513857,54,23,1124.925229757331,266.7104535638465,321.8250377572282,24.78043157711266,367.184094611654,784.6473762317017,46.4506264690762,40616.97710795638,186.10247154648044,BENIGN
221.4345298510212,46,34,840.3195636039452,357.148887760194,695.4106381142535,28.64421054605061,342.3800399838802,251.4508885502277,1.9772100811535525,6319.057230018685,112.3289029718553,BENIGN
453.8507446871991,45,21,3721.6957690326726,1150.3198389300228,242.47630047864743,69.10528696055938,275.81947926308817,336.3296360207986,210.5117665134421,14140.94112071341,1.494000248922016,BENIGN
807.9443351961764,59,32,1041.0105347357876,33.77803474326568,384.8057919406086,0.1617054625143577,224.39723019859724,192.4510435854084,2.132829907099437,15197.556826402768,424.0390310420038,BENIGN
2040.9816863741812,59,23,3086.6884285628307,122.12243344433551,330.0424638549786,13.473575664635591,228.86792671247983,39.535501210552844,83.16907174894803,29907.56553971716,56.078122601645866,BENIGN
1259.3117246481013,49,28,2182.4900935740097,240.81844463197692,219.5057448979701,38.25960092577999,300.37651929210944,240.45118666859932,13.015480468994912,1821.1925331399848,258.01963326311875,BENIGN
412.4824071376542,53,31,664.0413771556529,73.167741597205,323.2896093486434,7.024088745293887,361.7294882207909,105.19574259784424,66.16372141514698,15044.859581224007,134.8483022717102,BENIGN
879.0619322876682,46,31,7726.913821740489,367.4320758740759,295.26629751730684,80.3744751571168,320.87820712956807,373.4107383113728,17.41299985944453,11909.692166845898,18.798394580716824,BENIGN
4105.697122281738,58,29,1231.7876263579485,187.28220482513763,920.9286809907107,17.1839491548745,234.21113727182916,227.21715589200429,123.9681457801007,7613.265714326073,167.96065983897347,BENIGN
569.8740325333455,48,35,5316.344111731534,808.6019325092255,328.08528170092643,63.430281966866886,312.41494965324165,483.18648531959104,61.3164997200094,10816.640392875292,1.4925405111706966,BENIGN
72.18490506954433,52,22,774.8945365345884,1734.7423645106433,700.2885757465867,40.194471816533536,360.7932260654684,51.04061738312164,56.874418071990085,5526.761136891134,59.43607595978262,BENIGN
717.6305845494884,54,24,351.53555279912763,421.3394682546381,713.8918683336894,1.965299102834046,170.4029739136879,710.752743788838,78.0329707493148,2404.5692704840944,0.1022497758232527,BENIGN
301.4248709145652,43,26,1796.1151329929558,481.8653475930377,206.0656380655641,22.85275661443742,467.2531137168495,138.3757726109272,13.915346067401344,8223.610199813476,22.453097143296,BENIGN
1339.2235690718926,48,27,210.9419857384553,42.56192125571882,109.46955726799716,9.494571780456033,354.02396054889965,127.92848141382689,19.529170430252663,25992.04792831346,385.7679792966791,BENIGN
714.8761593385558,48,30,314.3992395251587,662.8060950032838,731.7127927491075,14.607726201051827,369.89792163228793,779.158493720321,11.051369091837197,12395.876748670456,260.85073462023894,BENIGN
393.1966969196103,53,25,620.4947067413297,736.6490240716025,932.4766162607835,337.67612869214145,430.8593463403332,147.56709203117086,73.11454929612728,9346.969347333195,55.13828174481132,BENIGN
600.0928964322931,46,43,58.60492980167709,73.39510773632418,176.37399498560035,5.008787252336877,469.8325571402284,686.7990584638551,37.22630077968908,23142.112275026702,21.01546672316647,BENIGN
844.6375924131803,48,32,423.7616974624005,159.68318915551376,659.4116374200696,2.5541102088079546,387.0754049763568,117.05952274368548,9.062753279819123,2990.9265834352545,139.809090220324,BENIGN
91.50856707954505,45,30,1555.1045522670795,611.5227467022769,423.5565967924386,37.87675854802705,164.87415578165994,350.60906772752907,11.570987482489356,21818.536346217366,50.6738418859677,BENIGN
2140.605440342273,48,29,1973.469753566674,403.50763635599554,162.14461166675486,13.48049045513948,40.75878093084009,104.48141474842868,58.72688796942644,3839.612800576917,61.440479505132096,BENIGN
809.0784891069887,59,24,222.9440152983628,850.7525998146153,133.4074983766622,23.11956927377672,281.5427075223859,650.8364973898838,6.397347509261262,13133.82620727913,18.25248643311712,BENIGN
1978.264270871572,45,31,1836.5316688002144,796.996660004156,1826.626896518327,18.02310625591258,545.2949035595244,364.0189667264136,63.63444717000016,20203.196699423843,157.182631556705,BENIGN
423.41353449396286,61,34,681.2289020650239,171.50682459417425,167.42545833361467,24.57999277604161,187.3360883408141,69.75390556020754,16.7401194028708,6693.211306655663,389.810101518263,BENIGN
112.71306878269604,53,28,357.1767038049803,709.9939103824627,264.50043503905016,36.40204839195433,383.6237818973905,254.6942733135973,24.6152390877188,20999.4283238268,118.44009727397015,BENIGN
1413.6717478165162,45,20,4578.761811114063,310.47956653841686,96.2659333313938,44.623411120471104,271.1478919964104,70.75464279687894,32.61231912680281,26943.40704192553,4.095951109510102,BENIGN
262.7694552830484,41,28,6475.584112813509,1982.6904853951423,148.99326994475908,41.935550652068855,250.95493983829184,208.61887682494063,2.2849043207202104,1778.286365884067,81.1500916882164,BENIGN
1165.1839346810204,59,32,535.5103900825477,253.37403659717205,168.590623228564,175.95008572260028,147.9386798901751,252.4766261189199,49.08052058950925,1261.676002859769,54.243535512419015,BENIGN
1621.4904055788031,51,28,242.75129346275523,871.289009624728,341.6297278062932,118.60432019596004,217.35935766107625,270.2603928323227,37.61347270761784,9352.671909576153,28.719464480537976,BENIGN
103.61114569962758,52,34,501.1535834648111,1420.0060289204855,517.9349818081215,103.88868170744703,353.3173182066495,376.5982101751031,7.085860768642612,15265.213959924848,109.1606097597506,BENIGN
233.0502802398152,50,33,99.7310819902025,71.81775399351406,266.9512346780766,75.78631174972533,355.3194458171505,193.13985784616096,82.14919511313582,29229.708780646983,122.69078928656243,BENIGN
723.6180576173268,57,32,345.1425499142126,1291.149042698031,447.34691358876194,51.230968071741046,223.04057549028815,123.97135393797753,16.66767560610193,1602.881710310972,152.60942711821934,BENIGN
1806.8279988809695,53,24,2043.47963684252,307.3561767067395,237.19968006569587,14.250779385181357,182.7248234500355,423.6460076271207,17.024561429979922,4040.228036601168,118.4531447944826,BENIGN
1731.5140536547308,61,28,2411.119601943042,683.0023573356257,604.9240608238379,84.31174766204136,403.6209231483165,92.89805371044947,30.57763940948191,21154.852845416277,77.00337796346524,BENIGN
1067.5841906842093,48,22,1628.612093189994,175.18857681396253,245.88554359495896,26.73446204070153,448.7343533977423,117.63730576235572,14.24357714236633,9564.707163804336,4.073421625990662,BENIGN
91.96891710405072,58,30,124.58323771564685,580.8113305107272,631.8122926916544,115.3656932200471,253.69270201481064,380.0247589275239,28.33635404102456,22825.99392289283,150.18090206829393,BENIGN
151.20030768442408,60,35,1065.7725412794873,264.76773971621424,653.0425433666184,37.17034976583199,363.5465261105976,389.92995275475926,32.78072894945918,7777.744675911513,168.4591325088052,BENIGN
393.5320868030868,47,35,114.6437830568802,1364.824395226732,721.0376088558887,13.75657801736623,336.4768916480685,143.39715086425306,8.675837294671629,2099.417809558431,142.49030208702368,BENIGN
1117.0755334398084,49,25,159.89921792682804,1103.212867253479,82.65165463970135,25.26363504776084,299.1299525782928,92.05326275741366,17.132729284091397,7756.036887347557,35.8372158648138,BENIGN
790.6063631889006,50,26,2435.3154781349317,1170.8726526690234,58.04001929805988,6.008947655268482,274.9153187178347,89.90458337477666,18.25898648616093,5701.755591462227,190.1276270740768,BENIGN
625.8729279824089,32,26,558.4407237770719,472.6256915261641,150.66309820118576,38.53940520375644,225.8448165657728,177.8044293559476,18.594720932235496,757.7543424203244,19.10991504728582,BENIGN
530.7578135053777,51,30,1744.44173350838,16.187037607231133,339.45876245131814,19.781134964124625,300.93027863904007,35.95749552267085,59.48524758049612,9111.29214591266,78.5600971013273,BENIGN
3309.8937849849776,52,27,1312.4184931287737,278.963908124223,261.1480948449768,38.78878683671114,274.4218661083437,45.71671389942672,26.727693418222252,4165.1889269749845,303.76246090556475,BENIGN
1441.8740655488275,52,24,1828.4729903166929,704.181659025907,138.44744103707404,0.6455712875511759,363.2228410779263,236.7322224150924,47.76672848496752,6118.521528774421,12.450814827733776,BENIGN
2377.2550921950906,53,31,1487.8741537635362,828.4773992335417,236.45573173754696,38.03485693904117,296.1402014717404,91.82317109967376,55.298263954742495,1617.8058909153426,6.336319341905219,BENIGN
1136.820727501,45,28,1707.44049481834,824.9226200714785,391.1984752614108,15.411841001271087,417.6806613970757,244.862241739504,41.69201631259583,26711.41212489552,152.06429618876797,BENIGN
1799.2179562535264,45,24,1596.6618992257022,244.8508861883953,68.32454303314057,45.15500149027206,236.83388410065947,182.4696255223376,46.77014855992714,18897.281577844115,42.17934501816463,BENIGN
90.06929025930421,54,31,2606.371398408261,1055.1006376449188,259.26082527758695,36.73862624311218,339.4477838015265,203.81570395798943,6.990983368363529,8334.433229290331,7.352267407514224,BENIGN
2403.8077307843387,53,27,3208.600727094286,2129.155910658866,457.9433588930933,11.643086273660463,331.7448611075084,1510.666305616537,7.237278263826758,24318.986937622896,154.59689138457782,BENIGN
1189.9012381167745,52,29,644.7101720614776,162.09927205235994,101.3851745898548,61.83278825917677,220.3598437407744,179.7430359582402,45.64206544368428,6865.306487694176,9.73060487860625,BENIGN
1804.724507747006,51,16,1263.4681383528937,73.47798423577464,73.26586607999236,16.692777844325114,366.3481912913298,392.55910382685465,19.94058510488428,17576.67057359352,40.11262112072237,BENIGN
613.4547044538153,55,34,2591.346188443599,782.3710135067561,616.9668009113894,37.625460830039856,323.8245380737828,157.4841215528064,8.296601061974672,2301.29532948452,120.5194902231014,BENIGN
536.9009845903728,52,31,463.75873092204216,626.4431085134885,984.9740932203774,38.35565326131621,222.2107344741381,150.20607431727427,4.150283424358959,12169.81598563492,133.11514698327937,BENIGN
2063.1417942820585,40,33,1286.423119120977,501.8498874036995,170.68787424294504,102.03502869922836,232.43730481463928,169.0779384535497,34.47026535773098,80.93030917378628,104.5258948140724,BENIGN
900.3212637616178,42,38,189.6794779160613,583.1623122321757,194.04764506983253,19.641820191342426,312.17873021018875,335.0625136597665,5.528699407211638,7167.571493698499,108.99403954513647,BENIGN
1378.6166282050144,65,41,597.4411452225656,311.9513961474964,271.3453006436741,49.09346484846412,394.0733960358731,269.6880009563723,123.38636969491448,2719.954640550496,1.8169289914691944,BENIGN
540.8841935911419,52,25,128.73505084021113,1013.4945516923754,456.0956795271901,2.068395720021387,277.06958539794203,264.5000025548778,4.692441814483761,16200.5678887747,130.79244032345733,BENIGN
555.2711613166957,48,24,63.195463052327455,30.093079706730677,182.4363376105489,147.90949101977768,244.02101558370404,265.53311821965417,33.83843484471108,28159.25016179456,104.97794398951446,BENIGN
253.08206773185336,45,31,2868.3298451802493,1480.6325852997063,174.15154882594908,13.499444296333408,239.41904856112723,179.2649037999227,18.857194934072904,48677.01149104623,148.61587537878216,BENIGN
178.55729761763138,46,32,171.00032717126874,3934.03865797576,177.72002010786957,19.293761001305636,312.928052601828,274.4004557436101,89.89976591951672,3618.547463704107,9.391675230445786,BENIGN
434.443371406971,50,37,1675.7832759913258,139.57943527895796,144.358439611262,28.11051557062514,402.5405034738167,175.39835396000777,3.8094722416826494,24104.55318767991,35.528577856328475,BENIGN
1765.5975413946533,45,29,606.5601420836888,257.5125195465871,632.6794053203996,46.27530157251123,182.0940443420532,163.4511774650046,11.070316763519443,201.7259578040179,53.55027693571152,BENIGN
603.8346502936217,53,34,299.38008511877933,505.66900451297886,82.48160630051619,119.9142254639276,313.0561139223761,145.37398287414297,111.63333209624216,1734.7675268241844,141.3262662442346,BENIGN
1007.1571876970356,57,30,400.10571717233626,1590.4326101468062,404.9646737988441,8.359824138627134,252.33765424741648,444.02260836046986,10.251899831626908,14193.519389770974,3.046587324581569,BENIGN
623.4951681723219,57,30,217.62189517291367,251.00826376319097,71.12261789211533,51.27332183901666,296.82562480329614,824.9871950434438,138.44477926948045,16119.709437239291,3.2459571965054117,BENIGN
2080.511062382475,59,36,4059.3433526966064,1071.684036602105,132.89334683007746,34.24523027540508,257.8811753680798,70.78682596038733,34.947923812260726,837.8213453468924,280.0103351322909,BENIGN
2006.655002942597,52,27,545.943978146766,1904.911215255903,916.5227475371432,44.022420716058505,158.85844691911262,172.30702505241294,91.0754744392405,112.2919291145822,222.41138562956496,BENIGN
1767.7703195224049,48,20,2387.863485574894,949.9807426616334,98.69057648648112,51.88826427910629,357.846017432349,202.0005502583475,13.229360591614084,9645.99642431104,39.13878753147019,BENIGN
1685.6226803821803,49,37,1066.394807071421,420.4365614433024,275.7201236785435,8.616066950670238,261.6229839579182,272.32122962594934,26.86798562730332,6238.792115618755,5.953728318599962,BENIGN
189.12851711321647,56,35,447.1395022608846,251.600896155578,416.3231388174648,6.116951658799902,398.2628193361656,35.17582689290292,36.24435157158638,5389.443615166319,161.1608554207583,BENIGN
96.05073460665322,54,20,1514.291703831224,241.2501946395334,835.848939241054,9.995080557864249,59.77899018127664,154.27852193026663,7.620858331217018,7975.760590773144,26.515338700073237,BENIGN
1079.7004100335128,50,27,269.11423339009355,147.58056539473745,149.0305393236825,86.22153116973587,228.30513533870243,431.0664863147459,4.510743764035374,14773.322383444298,15.68695752800076,BENIGN
791.0868989857644,59,37,177.68937274104442,379.5874788388116,171.81308011707642,21.709918055847137,274.50461856795414,166.46355168351224,1.3924034918590935,46.99672363113404,38.71200466627091,BENIGN
2444.6159618366364,43,28,6994.973760341693,997.8158766364718,428.8031701385899,11.860249834122325,273.6139706587306,373.6959791155151,79.34238940028489,1871.4759949220384,44.61118167897535,BENIGN
284.6612922740635,45,39,2956.801417766515,301.2330019466648,300.3434225449081,232.61875351377248,357.44938087727525,1229.469594207081,79.873222735608,8391.006618207886,240.6514831023224,BENIGN
1037.9567580206074,47,29,948.7071782612204,236.4301610944121,271.0008004260636,40.33969988510112,400.1487309282029,107.66721898365904,5.005665252213605,960.034297943986,257.37038146134086,BENIGN
1923.888190892786,49,31,1585.7914856300845,1949.6428917785715,616.8622529960868,74.31830204579963,189.37421699000208,156.11850298482426,60.19836113647644,998.2028573192352,19.584619941736868,BENIGN
1057.6990889205767,58,20,3632.646467904482,2757.5740338424216,486.5699593044603,30.54306773072365,207.7055583823912,153.88583074071417,116.65102009046582,10807.67108892872,387.8141934378751,BENIGN
698.4353243887705,45,42,466.09809553531016,57.09604226911538,381.562178113526,54.57902521405416,202.90726996207195,229.8921603299646,2.9308100952344067,7135.210731794833,12.719509879719553,BENIGN
18.389887847233705,55,22,3577.6876074068964,1878.6927206281348,849.228741948161,115.410763135969,223.65982451012,503.0577851322414,79.4612277101458,10932.466610485862,54.28085622826146,BENIGN
993.7676730375316,48,28,4555.432785327158,138.97748387389194,304.4921028497176,122.24961256782689,334.72266492936484,177.3456207608639,110.44149847524434,14516.0366872523,16.827615978799095,BENIGN
53.05138804256164,60,24,463.45307370776953,814.3577753152645,304.04864893640644,4.3187888209020455,364.18004420200657,325.7268444781874,13.892268143415317,1952.328526939568,140.87181738403513,BENIGN
1235.9412760671196,51,32,360.06044622694526,153.78580889647088,542.590437996282,61.75554763286216,330.32347744453773,628.9623567535831,48.8088480511813,4066.5639217965177,22.608002405539786,BENIGN
626.6069481821096,62,27,317.4088081581827,149.26401423010327,363.2510170316728,15.58068514719,298.61949566828565,155.7365833848516,6.491288015000221,5197.105026884773,278.3937044867239,BENIGN
1117.693041105615,49,31,1035.3259242755653,2656.563084035059,310.1963963578549,204.47986387836323,311.9407643358016,137.7789658179774,1.7585167558921182,24143.614868960773,116.90482593118318,BENIGN
1786.4295433546752,63,29,865.8578681385331,697.7680893963466,518.7318862585179,83.49086962509563,366.7522400693421,559.3606435411741,0.3192836787573171,8064.13575452981,56.00808882712508,BENIGN
93.53024181236152,44,33,724.9879717027277,4.896080688604712,643.4852241183476,101.7066632163535,347.1367451199205,399.65939601311385,1.425001786774152,9869.755492504835,63.47664296934457,BENIGN
430.9756410730744,43,34,195.69868871661967,267.4311613786164,128.96807435918055,4.8266716100134754,274.5792272577298,52.80617313256992,67.16771893508991,1788.9523249793938,48.13558334982637,BENIGN
218.46167430754423,51,20,445.02356474996014,1979.3492229433089,128.48332848732247,16.350027881736466,403.2132945021254,479.5837778655933,10.29448803212602,26659.901185839688,101.62383175104856,BENIGN
3135.026486219789,51,32,1001.362071803467,333.8018603362978,290.9446876605641,48.53147122539655,425.775351082602,333.35228283021206,5.830954899384542,5019.825655474782,31.84900017237176,BENIGN
40.22510120537909,51,34,93.7659315536984,540.2489065528749,635.5885784521356,34.22648362816168,327.9089277455196,376.5347534220165,1.087471273427945,17533.150105103618,99.86078171821148,BENIGN
1070.1137519038946,51,40,443.6979349228032,20.993236386666428,608.4281027003593,50.604745684915166,316.9744435521188,124.15658245273468,44.65184254265564,9587.536599266376,89.05144123949952,BENIGN
4551.736625285726,48,27,4206.740124578319,1431.08590878312,494.1875540851514,36.94526809119176,344.2294903037909,131.33501371919812,9.84558855582216,10793.180339397526,128.16331661360562,BENIGN
1793.6252716063068,53,27,1653.0247335867373,186.36596058368363,550.9128639874816,5.141085275600524,365.96238769379,66.1679050170677,56.79015070082966,7505.879132301961,166.62495928971873,BENIGN
164.93191773662983,48,34,2630.534469450053,199.0753940888525,281.6894839572646,4.893839222686453,90.51899735390388,381.83508006105154,22.757254766531936,819.3939996290571,9.806975024996824,BENIGN
625.5564488240273,56,29,184.41295175686295,397.2467008172861,772.2332303744594,15.8854212280179,276.17051825386966,1030.322692775343,5.92236906560438,6087.711711916869,268.93470907804505,BENIGN
1238.7119433120629,56,29,1384.693302495164,664.9402712918676,541.4202535849577,1.5788259832182616,466.5109833307575,105.47927040522414,33.95318358621511,13297.750099783449,50.54049738840205,BENIGN
248.69626118041649,50,25,182.50933524143844,1248.3841402819014,358.622160952901,2.950041871572847,342.7074561382841,339.2594334466719,83.87937139980411,18986.599004173146,190.33909225102144,BENIGN
364.2905501889821,54,19,1759.0307349952234,2753.781923420269,122.43338248668134,129.83635320752268,257.27181603075417,284.62395463414464,9.674835189641474,3510.852971611217,204.70728986337443,BENIGN
85.12085969485157,62,37,4003.6127157396495,1288.5178870436955,580.2485024033879,24.686466782520466,381.1155271877635,139.08118502469512,5.471681740484183,36626.29629290153,78.49917468008414,BENIGN
642.0925886156549,58,30,494.4003323902105,571.8748129123355,714.7933013416651,42.39361445587381,354.71781439362064,155.95456979746808,9.20687403759231,1860.7156556486889,58.321435377038114,BENIGN
1113.8295391732502,55,33,2840.3696481512484,971.0467511331376,543.2119971547717,8.010597484196342,351.54712310121664,203.1414712780025,47.01623558886813,498.1547719639056,137.0588512271887,BENIGN
698.4235614676293,48,26,912.0757693529132,1303.6887865356557,131.73988901290312,2.2818600681953187,355.6444479716997,226.05107469879064,9.377767715061978,1787.5315726860536,23.595763801537963,BENIGN
1028.8023098028723,45,25,1456.247060085171,1318.1635960175572,311.4970624105127,46.78700852957127,225.7941370460403,340.4043725265872,1.868952529752316,6598.381461127238,14.00654421903284,BENIGN
358.48409483719445,61,29,583.8049738244843,271.078560530849,880.7324800205348,208.0048568294602,218.7077781500701,85.48661946921816,102.67574295918934,11090.897204137453,303.39144136521526,BENIGN
1699.4840726392213,47,35,1093.2915077349703,380.0651415869036,301.19293620511934,3.6089773652529904,143.1106002904177,90.00063782924023,64.21461424890342,9010.159374660485,236.89328840402104,BENIGN
832.4598074681555,44,23,2397.5834868259644,299.70919581700224,473.6875221551101,41.60545038330413,455.79662209952846,566.2799687533504,9.996749652735735,4489.654689561368,91.69801214994716,BENIGN
644.5481597843345,41,29,2777.191166499897,294.53425880126247,762.4691234898695,10.73895548148401,147.50041083554913,92.99231714992013,19.294613740466158,4663.817525666396,3.276713994711692,BENIGN
390.6329929475808,42,33,1276.383731701384,609.8960905567515,182.3782684868206,111.18899364858213,192.01586761589013,373.879081755275,27.57776280387349,16683.926185396576,71.54412569645997,BENIGN
296.58452486532406,44,23,825.4162088994361,238.00273973606195,725.6479952902736,16.97336867338776,248.8117528686128,313.465843908644,9.240597882019744,1720.2769404744772,10.02723781024202,BENIGN
308.328602809438,44,42,1719.2863483265626,1021.8929232190864,406.3670265482909,78.19373112737308,228.97256704040493,164.04611382638015,32.33503778577956,35776.44575885346,26.43226887427868,BENIGN
3006.445878906102,43,22,5155.4453815317975,727.5962309176823,412.4930635725916,47.42840864834852,467.0792689711103,277.40954908052305,1.5558137505315728,12839.39349279316,143.55277934313827,BENIGN
1054.5958588759895,60,27,2560.965100649264,1576.2242284201318,508.9218162512407,12.603150895208264,302.92767391205183,72.51935213279205,19.98498551972236,5784.134895315116,689.0301360187345,BENIGN
416.73367093075314,70,18,2193.9085045350616,903.6770123468986,90.09887450013942,14.11795545534416,189.13890521079145,277.2589320266456,36.27235259960045,5169.074664334558,129.02839780034472,BENIGN
2639.885542104075,53,30,2066.6123205465287,1987.9756491304431,649.7890598427523,42.42367035928614,210.14837626775568,307.9931952347368,16.71116966406079,10609.348905056066,31.80811944292779,BENIGN
50.88745395069878,52,29,1020.8460049428536,442.91623641394057,395.8460084548178,37.126995543873065,425.0742913749704,252.9708267944638,5.366504241668855,3811.267033994528,188.1728659713532,BENIGN
933.220857034015,47,19,383.9289358948684,650.4024344180341,119.57500599289554,1.0161621553661893,514.3022821570652,135.56537947969494,25.044779158907424,62068.00318364648,88.51773777926887,BENIGN
733.1604934076494,42,36,145.25288564463477,302.9451196252934,69.21022077361116,1.6079651926202114,245.64784040502377,174.63537667411532,26.503548123176063,2035.0639284652607,85.9774497021764,BENIGN
1614.353476062518,48,31,241.4538936122119,1959.6219555710368,736.0260908036097,127.00659313598838,119.77513445588288,336.4693805998315,2.314637772704412,11305.681874871678,73.88506682246337,BENIGN
441.43323791725777,53,31,172.14802774185938,145.91189663852666,496.9007128291522,35.735879865965195,358.44170878195536,69.78439309383812,24.727958080598395,4105.990446782855,13.081717567144764,BENIGN
2147.922556412585,52,34,123.13975711505194,110.94619297954328,101.56261783906916,46.10024279842796,293.4655210283079,277.80110072438896,2.3525204644576694,4174.635924076842,156.91293246560747,BENIGN
686.5597708997226,61,46,1809.571388837873,50.726377478273655,141.38663992217914,21.16543449380045,371.09048056014257,157.36827202649633,7.372390446810899,36155.98873640313,24.990005409475497,BENIGN
99.72966184805468,43,27,2312.254825973402,950.459734501136,218.92553199074607,55.20797483194067,237.59491248012063,596.8972338553793,57.89003862391145,5363.908564091322,6.490052389543692,BENIGN
205.2121782608384,42,25,2637.4739870348835,757.5582859699688,183.16282395502813,11.622520325930411,192.3694068783758,123.0516021637331,16.18848709502328,7835.171475538433,38.99185625783407,BENIGN
2270.9741251283576,65,35,429.9969743606525,2304.478602906629,1169.6348888621449,15.701662780987231,409.9372785788677,129.75981116146343,21.38002941869945,24.83488491756895,88.29853270591249,BENIGN
4268.773939601984,50,27,507.037571929858,444.33022743076594,619.1063080797712,4.606868125632693,310.7444907741556,288.3316344296795,0.9847934363768682,1984.8714195252512,6.783783318415804,BENIGN
710.009650068406,51,22,923.7058023124254,797.5340960678437,578.3532312169607,6.085264386650711,390.3975266533829,143.38298711195972,22.82371143400044,1867.641157530252,98.85173435427336,BENIGN
1710.302214707729,51,28,2344.3200781462406,892.7619166573274,190.62214657638347,69.50778756538742,197.4370839711313,16.928201162282082,85.38209544918205,458.2966527688853,166.83530579232303,BENIGN
2077.0577666041704,49,27,557.5398479324327,1613.5319581636484,526.9061819602092,30.564177510424063,219.28442708972864,275.56941020610884,55.492743811558405,749.9890990468307,122.9506999402667,BENIGN
1891.956077463401,53,23,2325.6520024895285,152.24345453679643,74.82658927086689,36.57518635407845,143.48024958102337,641.215244525151,15.039308516033673,1696.426904347684,4.998802127248656,BENIGN
200.8050862086255,50,31,208.21866808112375,641.8094751542816,221.0069618519153,0.618143514274934,357.3858845132427,472.8397044674923,2.942116769644075,4950.981814820022,95.09694974678445,BENIGN
383.9974241431472,48,33,1027.8118064415912,646.2706444425806,232.41073336486147,22.13913849393798,320.13482287045395,306.4526739516297,66.91647334302104,7564.933533460455,18.199273506189503,BENIGN
4283.865575552539,44,31,2551.0457007961795,17.275726707258777,327.73142193400395,207.18419038500272,291.06721919769984,239.0620380051606,1.3585602969017894,18902.08561263165,119.27881254759669,BENIGN
1670.0895338438768,45,26,150.50523466147214,3013.1996483559087,260.0206939014588,74.34363643507977,134.97607811914776,484.5635103167396,9.599114147854005,8837.887025801338,4.155402166832794,BENIGN
283.6384814520812,50,24,573.4014982923508,104.85694145922486,560.9064045004587,5.888070422729638,118.96278739100174,323.3427338391906,6.885074715723936,3536.443802603509,136.7288330472121,BENIGN
966.5002845057636,39,44,970.6996512970107,620.9507926767662,597.1352733584441,4.527720060918281,341.87143905131046,351.64738847595265,4.477443312610996,4971.674702465943,119.80590930573044,BENIGN
2505.895895916186,46,31,697.0967296436557,127.54449835413506,327.85799503725,1.696551625936684,55.08382895838025,677.0862529888657,56.09440582887679,2972.202760919427,52.95775890142642,BENIGN
3302.870106251911,34,36,1362.620426921492,19.65512472518414,482.4360302663002,88.37295685991093,277.20929497495035,161.2005072053028,2.62476654351093,7284.733084625642,34.7169399748803,BENIGN
293.9290402489777,45,37,1064.2004128149945,212.5293719601847,238.7077190470238,19.80805834124656,218.50267477590165,228.48158088185195,70.34636955398362,844.2118394704274,166.49469543791247,BENIGN
1006.714517833276,58,30,6104.51738136338,148.26925320848133,279.9479355666107,27.193541668504896,300.26609535430515,286.07661297505814,17.621303594337533,936.1526568236494,292.9628595918361,BENIGN
450.2948048729824,51,34,4366.921640229912,406.9248086874954,91.95539187261664,4.086122796682177,179.86865010309657,86.09656356128652,8.387742819104625,9597.704438361452,167.85930306076028,BENIGN
884.1539606919447,43,23,1090.9642973660254,763.0977011987198,513.6225961787272,94.5456207002242,495.8567455138912,174.23133276824822,12.159745392028537,26152.12336564761,308.5323388048316,BENIGN
1990.2127218947548,41,31,4294.1324480894855,284.269926176172,400.54420027932326,9.80061684645088,314.0988431617426,163.79527139944992,24.78531659545046,22725.495296463712,98.22239022575086,BENIGN
1644.886302350852,54,33,650.0121559079969,1025.4020660825772,524.5080812319858,108.8119613828822,300.3257124815287,449.2736094664008,7.603467188604193,3790.290203880477,266.05896109212574,BENIGN
2276.7781499270477,50,33,967.087864573424,625.0317543584955,77.75465642811652,118.60911641084056,302.771468555584,162.68443602573657,6.454606341475602,9203.94592525972,160.78490804231154,BENIGN
1048.048898270051,40,34,229.381706104228,424.0255144241537,399.33990595590944,64.30215602815281,352.6918342765736,385.2083493111733,13.85957114120323,15891.417116463908,76.74079711130591,BENIGN
3503.6303902292098,52,25,266.1632211524265,1752.2005766521115,234.9129314966154,57.92851274768893,462.6087084771972,306.6292245460053,6.1266245831834185,486.90948370040974,118.08147687173,BENIGN
449.1867607094905,50,33,2434.9865523443377,402.2767040040839,525.9745237341963,5.311854587953111,452.4624077397308,120.8670724664853,5.217219811600171,13691.864620400049,35.51318108371817,BENIGN
336.4691574205587,62,37,1078.4507271721548,674.0526149880145,124.0274231384155,15.440785184712563,465.7987208460362,116.62002075475137,32.8544267530665,8096.783257863333,81.22561868683582,BENIGN
445.0515334189824,52,31,650.0759890157443,1414.20546064165,521.9695613490834,46.4630441372592,343.27659232413805,202.41292230189643,22.17352250523513,16254.201162935586,78.74440267517897,BENIGN
1064.714509120123,54,30,2728.131710181503,223.3415614593353,533.9611758004713,0.4965333435816402,194.89140552230091,300.7715916584227,6.253899773678355,6792.927006156922,46.22134067049644,BENIGN
1047.8877810532038,50,28,2808.0692316943787,1680.9431128735398,573.9546907046299,53.439198975532165,502.9770429126887,26.623295086388723,30.614246903284545,11905.263163818854,1.9657623212110829,BENIGN
579.3551856472515,59,22,1320.2730167315572,442.5482592651035,152.29184550319238,15.256511469354107,245.1557049842881,171.0828484864857,13.60385396444236,278.7485718148004,47.59440287163733,BENIGN
3254.933655904071,39,27,590.5473489708035,34.51734566933574,296.3696831920853,87.60158885915668,337.5949517653496,307.9913308473872,12.446981515631704,9342.575338392651,19.138808862287288,BENIGN
1037.2505684881696,50,34,177.56997266089516,252.33898183243437,191.13514853131983,17.212464222057193,238.22780618494096,393.3640673304754,5.468144348401829,8143.956294320131,61.22480252642782,BENIGN
665.5329742231592,61,29,699.5183205465856,434.3601732950556,363.290562238727,29.65562202059612,261.7857765407944,367.7849474882353,55.29980286119514,5508.1763078383165,78.65765235997401,BENIGN
729.9745937185206,48,29,3664.291822701397,150.8595627096054,153.3869882551477,2.9367659734973137,277.397293588238,45.90622394847717,44.174350751562855,320.3397538174166,4.440303108792062,BENIGN
2386.168302923454,42,31,826.632940517352,225.0425510106099,160.79869832585678,20.1097568170816,206.49083075834557,608.8246100450996,3.376774260489188,42409.33951420067,12.77982437826471,BENIGN
394.9019720502683,46,35,262.1796776222153,268.2581580415176,433.4103736942776,99.80843016699994,303.8064673937808,39.79135967596236,14.6574129191691,7287.1753033764035,32.24603670301645,BENIGN
367.9080136159424,43,42,786.8098255276024,795.5066621274804,312.32039785502457,48.318454251749685,229.02455175987404,29.009949664919525,102.15369044889196,10105.139640577569,58.3218704161657,BENIGN
76.19452783889089,61,19,446.37047548267583,2827.092846382525,761.740477212471,70.3251092654765,208.82575563422287,146.9435937357532,8.25247231193204,458.620038064588,0.9473343053767492,BENIGN
328.4750308106508,38,22,945.0115137641914,114.55479167565998,158.23173315989254,41.27238611482999,-1.1517029796504517,293.88114410280247,46.33535325979446,29087.692192488485,33.68362304229947,BENIGN
885.727267264709,52,32,672.284818110707,143.1567972360256,211.958792256742,10.665774241277246,354.46193193206415,285.0941288376279,3.717521680106348,22496.13958730047,74.11861498102348,BENIGN
894.7137868290748,51,32,23.06993878905778,288.7835855956272,299.7238808596074,63.61995437678944,281.5529015660716,146.00792449448068,17.547662777194414,15163.420850130273,112.82558265160078,BENIGN
1391.0140290675083,52,29,535.2498581826934,235.93341357483985,328.2169742008695,98.62606871662108,367.48733569708463,316.3568448690725,29.46489357058803,22124.61239883863,386.5767680516451,BENIGN
361.3647059411098,57,27,689.1353519746531,234.10804936838164,382.9216935032139,49.879036983391046,298.83264493339846,576.3204996396078,27.14259919126235,1270.4524057539445,3.6419377997324967,BENIGN
88.6538677778067,58,32,2799.561079877809,420.7167489463951,675.5642003530108,16.517262250675646,239.7581710429844,54.2976753718935,20.80153304198717,1240.0071217402328,207.85951263493223,BENIGN
715.9562656140621,64,35,681.8741412555518,25.183170054565807,163.73599843348745,65.53955928094032,307.9494341819173,494.66592479805,22.44753923345599,10323.666938084478,57.10706294327058,BENIGN
176.0904116418442,45,28,7079.095250553787,1370.7587664923608,411.4054079496921,85.57117807852079,463.5880568553316,173.32810803481738,2.8507793129616776,16032.320151944476,24.43020938956847,BENIGN
1086.2557985649803,58,31,255.9196786863646,173.8459025051332,243.19888624028448,1.0180723406982528,181.30561684658835,353.6185960484518,23.880289924299287,7847.903818090762,34.62800427328814,BENIGN
894.3587635739941,48,33,1798.6150296919247,857.0901598415112,469.989351928455,23.84211438819498,231.5755191716404,179.70948401456218,103.34003540832865,803.705125455933,211.16652193187707,BENIGN
861.8777254207312,47,27,734.0728143173803,1116.1454767665143,72.73936370680633,1.8892525512246,111.08409553351262,217.90731258891367,11.42608266341783,5848.792454942465,17.374149235015306,BENIGN
588.5213137801088,52,32,675.7008135114769,269.3015185901275,512.9445483712118,161.89449845883863,216.87558707581505,115.808503040248,16.000170409111686,30187.28713363002,344.2260019603301,BENIGN
672.2721094736362,56,26,651.4449151007018,389.4147892671464,620.0386946962643,49.734977238324674,405.6502403715035,500.4626868956436,6.738219033704866,9710.609298158202,8.92554108004522,BENIGN
641.4503320943712,58,27,557.144940630059,1665.2715822149964,388.9698161007517,56.96353136943315,273.8592977840586,863.8533658738222,41.26435958390493,2978.0556200968463,7.859585393875543,BENIGN
2914.1467976536856,54,28,2459.506500404244,435.3030012061903,346.1844290824073,49.455573418664905,479.6121142947375,219.98690617437185,73.35873544073935,132.70157850024455,86.81876714086731,BENIGN
408.2811404643337,53,32,1592.3823190405467,346.16668300241133,1681.3481990428324,8.212561981744114,237.18473765994224,295.0290527723825,1.3540207514900373,6630.576472693924,16.09895562880941,BENIGN
1305.5665773552832,60,34,1242.4149624897077,844.098540332553,544.4056598547168,87.30846205345455,399.8587470109911,321.75007589643906,37.431499475377066,15355.243323730174,44.252479285293376,BENIGN
223.79967489163613,41,38,665.1435244346585,3625.2999608285145,622.1694867342866,13.28108408813717,277.2113278486257,178.43425503876594,45.49603410845693,17910.724903409187,86.09088844894124,BENIGN
246.8086236695056,51,27,44.84426901064914,328.93256759466385,76.20393845523004,41.67795990781598,436.3376414728312,179.93514472214812,23.91926498140119,4957.889984457397,69.90823809565562,BENIGN
3913.653097580592,55,24,1577.389699436871,930.2868671707804,587.709843574211,11.464262829812483,283.47443777607515,468.4110455963452,57.56206214964601,866.132764593744,51.72341285687558,BENIGN
26.10745173687319,54,32,1293.349419423026,1570.6731583078715,127.8726679051146,1.7011838569182622,203.5078991578771,171.36471075403577,15.68602081962013,10927.8508121284,1.7676289035953894,BENIGN
1077.371779856764,53,30,2287.28979445,118.99274110996896,1046.6648662877792,131.4133873604808,330.85273763462806,2.54042430134559,4.100084109340236,2715.1216656837264,17.79916269292686,BENIGN
2181.132569396613,46,25,70.0752517608866,1463.6886508276054,738.1607530121629,9.773243794476334,351.13353395949457,292.6033878785025,14.35514080218834,3924.873337403476,30.526715882284623,BENIGN
600.1927060322706,62,28,3058.711525758736,938.136367756849,726.6663103845481,13.58375341142868,180.9369100661696,146.70846406125227,37.33871767689838,8566.50927974043,122.0834517894118,BENIGN
2141.826664834698,60,26,3624.99957498792,639.6146603742408,231.93756835614303,64.8896758382864,334.18051980281206,164.72980117113488,17.663119426277966,19829.64612553693,305.97356539876847,BENIGN
2670.1379243993265,47,35,598.8764843996731,1697.2805998684023,735.1603058802565,29.02996236009768,247.75166532696667,170.4376343870852,32.655200029478344,10209.593909947016,140.98622523157397,BENIGN
2503.955981789687,49,33,4094.552503409746,1401.313715172867,192.0653578216286,20.21406897745766,232.0727743318358,274.224606894723,1.356315756053711,21766.233654075026,144.25023742302193,BENIGN
1387.3579823197974,52,27,1937.205786614272,2120.0157535332787,458.9055694016627,48.57744638516972,286.64856575210456,92.40490349952512,8.670384546500236,41404.1138913718,365.0310767193183,BENIGN
848.7457425913127,42,24,4649.213693488423,252.8413300717704,629.0848662038285,50.7353450175998,325.40661021167807,37.32520643719898,9.3638548749125,294.33861318786927,307.2828849112696,BENIGN
1045.5592808231318,39,35,3774.43884902159,210.33605562334316,877.433963402412,82.02964257809109,383.75827880151394,617.4404793697473,45.81603038961041,51187.0381135283,197.22105474326264,BENIGN
49.385654451542,52,35,159.9812634901402,252.3426394792154,427.5068197178277,31.380672087402576,294.0962419062568,1050.0447453700644,32.4302828174443,2519.8294225965547,120.00055935052814,BENIGN
6805.751219889282,46,26,1312.1154832410489,1297.1259267032133,431.85448519739896,95.23356263433244,353.8250320748893,1213.37786131887,25.0487603675816,37967.73061617078,223.51463406053475,BENIGN
43.3484105221125,63,25,685.6419162843575,387.6692494030655,303.6998376826668,55.54941262040786,288.2180386001796,160.76571259018317,23.018884819666027,258.7911690633636,143.07077219818296,BENIGN
1135.286511699683,40,34,824.2166382092694,539.5535748521738,643.6621220037704,26.93945954072946,257.9277147852565,77.47311395193331,6.624299314838612,14948.483946821603,104.38091113618842,BENIGN
263.5381650176833,57,35,1028.225250430722,1062.0203626974255,58.76249799304183,74.74670712892804,382.6586308728334,953.3261256596808,13.391932196834167,36755.21566575373,125.19168127243653,BENIGN
27.922962422925316,54,26,1110.7323383594533,81.92044360247148,738.0241846345032,38.89218270578746,325.89681872358176,119.14998591266183,8.231987897558742,8011.050504391412,123.87208957934348,BENIGN
735.9669552982863,51,31,259.28556258762603,800.6281259471687,958.8380894748864,21.361757388912466,334.8059555326452,449.15297853287785,69.36730599543499,8683.369729981072,157.61132273757485,BENIGN
367.8383164382026,56,19,771.3491796216099,2036.0440741081668,931.150496636454,16.566460747845554,163.63236182575176,99.48886072755074,0.0115567481095447,3553.585210093964,88.85743850430026,BENIGN
1394.7876580584734,51,29,1809.1666361285995,172.61850275409145,124.89130242176694,84.41603530781747,238.8833735626272,92.27478197903427,99.10418524410784,2511.348485939352,104.38938915229204,BENIGN
657.859302628751,57,26,3839.04916621353,242.380070410428,122.56277255964464,16.74316905573914,331.0979136185689,65.86858924189467,4.500590110726539,2478.348217312725,197.70224383350904,BENIGN
846.9057004785137,48,48,1672.983584808288,2795.619644772248,289.1844869489515,30.235151322318053,340.8114680382463,16.458313047296134,39.75994756672159,14808.57025831019,196.56683246927724,BENIGN
821.9824878863803,40,41,6030.113962964314,654.2280411463593,379.2842405228735,86.54458851116722,280.54999020877494,218.66560171770035,15.846296905630371,2551.7827263546483,33.92495589581376,BENIGN
680.8511682311532,46,32,227.99637302766595,441.44270100085697,291.0497559852429,23.01621901939132,212.7582065452584,250.79570077915835,4.355817953246495,8894.98361093493,105.49273802361974,BENIGN
522.7404730506311,48,28,1220.4523880672084,1391.580263627379,533.4089047035981,14.883054583930477,80.91891708488643,324.27382187579497,0.1812827638109438,5892.2392202476,131.31849979319068,BENIGN
784.2503006173839,44,31,1437.426552929722,401.3917854255429,922.9300201783234,50.80927525177532,452.8400997072984,214.3508194247852,66.18969492427844,5843.552937447176,64.78480590173703,BENIGN
71.545311529372,56,32,531.1419387286676,172.03437050997087,479.800883715772,14.481824423706122,233.0052998194303,369.6333491997932,65.24180827461981,5976.276098170619,138.4855215809256,BENIGN
491.0013626300815,44,32,574.691248062211,1365.4880148603052,191.29960498691383,108.97772076360788,281.1815018431495,329.893288477669,72.83140517712044,7309.379622970651,93.4375338619337,BENIGN
654.9018415021083,55,27,463.0219256429871,350.07198474530566,27.84203485242121,9.982291313557344,408.4629785373528,222.59740867403715,10.79208582547228,5408.385083485302,106.7375021245844,BENIGN
160.57165133641894,59,29,212.4957777966785,152.01240383290434,433.3754931146293,63.3382024358491,427.971052512462,163.31424471176155,71.99870501828062,17367.2443762264,320.3223304300846,BENIGN
2010.6735676349172,47,23,6386.045878566056,640.9373273423257,188.5217815319569,5.917605685734954,436.62536996954543,247.1298248656408,76.11758405602961,33428.19395381227,22.80017576849053,BENIGN
723.2298691011181,54,31,2381.253851729447,218.0833343226064,78.4448994540247,50.17916796881624,448.4356111662986,359.38806878619675,69.8505129415272,48713.67419251395,215.5126823747162,BENIGN
1393.621724626525,60,23,2684.295801453081,1309.8383303877447,405.613508730523,21.36361062360044,331.75691010438834,684.0869027236749,9.568664679887764,788.2051374657555,146.9345148311406,BENIGN
351.4850256269303,68,27,392.1364197394283,1459.350421317518,376.34401155123953,36.96418643591908,247.97430720389943,345.21448771556965,45.076882349286855,6890.967313745702,89.72325346246339,BENIGN
87.89172619608405,49,45,3572.736389665002,1387.449848370365,1218.0210897606253,15.352894001665558,369.2211225880421,1043.7518812756778,20.66428754998648,3725.149209795824,76.4145688285121,BENIGN
97.19999573861,50,43,323.7511676911072,349.20548507895165,97.9264549471357,73.32860071176887,466.0693474393685,321.57201268264976,7.276889789249183,3217.8106922265365,271.6999359371019,BENIGN
496.8005994559315,67,29,235.50247891895648,1757.2583475832264,306.8513793889257,19.833913706540056,223.18182181581545,29.0524061577208,6.055549433805473,22287.524375938923,119.21210184685344,BENIGN
151.75698737108502,43,29,292.7646150445886,301.3626728565357,75.24316116005852,7.348080057876741,305.0291235334468,253.28504800304103,23.14101701480589,10267.741694642007,14.45840565984979,BENIGN
5280.049769049707,46,18,2478.893324912265,206.9385819827715,522.4582813339553,27.34470639713334,541.3035321001472,529.5265545017081,11.411612941522977,13953.441702880717,22.738238146424163,BENIGN
45.066261160005055,60,30,827.4680377404437,20.64525578920445,174.72765760365144,108.5121744408374,303.1690533432973,134.17660833439393,14.083501903906471,2337.679801698599,44.828691725550144,BENIGN
908.4288399875602,50,34,288.7592512089801,3283.3308821316805,49.6179993349308,114.21370940437096,451.5533282399565,299.1064239150406,3.5568240998327925,18368.75897124529,59.07888161676185,BENIGN
85.85458191010801,45,29,1140.4876380789342,326.7423564837336,700.1513896437558,3.805719807756068,428.45196790545526,242.6994811552913,16.513254218439595,2055.904212564965,20.765046823240567,BENIGN
950.0845778521456,56,29,1573.9758535853855,79.4015381787344,377.2781883670083,56.51852297957152,200.731487893058,663.7447543245764,13.890930892382697,673.5131207680562,394.3200314173336,BENIGN
373.7685796898804,49,36,220.66673946895128,1583.2863767260458,247.47421022437555,418.6470395650428,529.9318545632966,347.54255764120745,13.981540474739104,14715.00400587621,255.5576373081312,BENIGN
326.6259210103694,59,31,1839.276797164652,108.07692851921485,782.4021565969779,29.74266385063219,251.4151935803745,488.7726687592763,23.755314733780963,26355.97218737647,145.1412635394248,BENIGN
907.497197112908,65,24,2661.603634790564,333.06305800247645,882.9812555556149,49.71430425294543,462.8372666184614,114.79175216112276,9.813645309270433,12921.564389175772,102.12760833966934,BENIGN
460.3125630003512,44,27,630.7511521142147,564.1319056765587,922.6029577876412,107.37812230687602,407.7341037022294,174.2340491825834,70.12957752012615,817.2845134667515,70.05213585731134,BENIGN
672.1541589399757,62,31,278.52196007934816,382.8356749269721,106.18412212078228,46.94505229790385,158.57305574334364,525.2106751559037,20.752915323484363,33963.38036277708,208.85757653555447,BENIGN
1492.2453771381408,52,29,2631.0052149890525,719.8504418541484,188.94771397641665,14.9949167275955,197.98371552724385,267.02505303167374,49.274062430300994,51560.6484244843,88.17424894950146,BENIGN
642.3811416465936,45,28,563.4991127041515,194.6949437791328,443.2582946437639,52.73091936507959,325.72039061306305,233.259941150328,54.17485690098886,9497.498874800049,54.66714350922627,BENIGN
1054.5181635854285,52,29,545.1863137819421,2760.0063301271184,489.49844976307577,9.451437295349884,527.758806132199,269.1925633044813,3.662204911351236,3181.2907342304748,207.86250262375697,BENIGN
300.9766945987172,48,23,784.7446891757019,532.7235165107331,186.5084960739321,55.51113250910301,242.8411324813803,406.2567057118816,13.592080856588195,10043.97034950517,276.4595003822684,BENIGN
5.521011937309773,56,27,317.17946988736173,104.15167057405436,222.81527705674628,9.256467782940168,262.426816927485,70.8813088346366,52.317674716341976,11705.635950555356,223.4358376353652,BENIGN
514.2100392583,53,28,2.287584285880716,393.4431511053509,365.856281819936,18.779668880348822,204.30982395820928,356.3243510302542,1.450895243793503,2488.681276329968,13.18404864609612,BENIGN
174.90427012821894,44,35,395.19007363649325,1676.941969985294,282.36645607997787,8.653240922205798,331.4153662672763,208.83612228248737,96.04539492703356,16366.717144300665,36.2275260834,BENIGN
1073.4119736562511,41,31,686.8522785343102,20.27158219532984,307.814640720609,29.500102959076447,305.8882693086877,58.23749662136641,34.73785960444905,16243.799199978874,172.60279273567212,BENIGN
151.46608209468255,60,31,387.6875404316616,93.96947945615774,383.31568693730185,10.512553180970832,335.3718849104208,866.252515301095,4.7458334712578925,8955.094626732833,285.3032473617668,BENIGN
78.59267448855108,37,23,633.5240606517004,1968.1603088975123,306.3201470901085,38.323099952743576,407.6880520676145,173.2826373284834,1.1739652669911649,1731.0075661489493,132.53675230222538,BENIGN
2274.0973491072523,36,32,569.9308304307917,153.35331771309504,312.3865515724401,11.126478179281737,425.58069607722166,142.5710555276783,50.18170898094152,1375.1100629335056,236.9068125533457,BENIGN
437.9193315941165,47,40,159.41696468400855,522.1034960529146,143.92216963047102,6.792070950055189,214.89573218554855,25.595075455870536,79.33021543197388,9211.724608599454,161.29075082313366,BENIGN
186.03794010459396,50,33,15.680457250678312,844.8629341398826,160.91305554810225,50.50115118027298,312.0666721135548,110.44964350305932,28.20068072973192,16699.247545017908,176.1366885899752,BENIGN
1335.1213047485326,46,42,3229.1259468043013,568.3282499798114,34.25175260953836,2.4871054353853173,320.0899856921524,657.0614285024673,34.27374450812755,11299.83864685686,125.0905247821896,BENIGN
48.104664291977215,43,37,783.7680429165913,2285.1832590984586,619.2717543045422,33.22893437534003,222.5161092189747,166.27107609351583,8.978577137030292,8069.685106811989,56.144661976009424,BENIGN
418.3560899891112,47,38,1164.8204197987232,138.68955358903085,403.8113692645706,18.33311135341986,191.8707412594048,426.94785370052506,12.65150265490638,14663.938270702483,184.50128635389632,BENIGN
175.2584347295632,41,38,1098.3550428000256,259.4512480390092,255.8718433050049,86.31302780913094,193.53322485033345,946.4544774746906,2.210623219699161,11564.503917316062,110.71403822525234,BENIGN
62.11686361217883,52,32,1849.727093854484,661.9644796661612,128.2170320115568,35.69995588801203,318.7784618422997,17.759069347545143,33.85333318698014,16003.883564200163,40.70834849442567,BENIGN
497.1568856606812,45,23,1206.7961050606657,1981.6607648805189,82.7600511611199,72.21441889004156,249.87064043051248,257.3712472319247,8.390260483043823,18556.294145120188,155.59932974738018,BENIGN
1102.379371634689,50,30,300.18049757325053,743.8150262483132,244.79307555606653,0.4925973765398597,314.4099519733924,288.8184149351141,10.486951674021572,11345.270614668032,10.375898155851957,BENIGN
40.88357876099898,42,27,584.0146942071786,699.394705298227,214.9097901021044,20.61607003706846,428.7435576723693,216.92716026461125,16.743407432828302,13184.149011539115,115.4391768584198,BENIGN
26.15087996881265,44,27,128.49162253991173,268.09972597347473,192.34689739502556,102.03000618154314,209.72466806836752,111.76884522034184,9.715052464171016,5458.646129741198,31.98507822228921,BENIGN
344.5500534038589,43,37,762.5741447427405,966.732073321734,321.02516204232995,70.2103722764206,221.93376488557956,176.93699889349432,6.065296929499964,12086.336452699084,328.0440356132688,BENIGN
165.5105091241217,43,27,749.6228302958086,630.501275479197,478.6897776688677,107.66345951714128,142.56440613001428,791.2380299293925,8.490500831234064,2592.944249339005,47.20562310730162,BENIGN
1411.4629041429105,57,29,1034.794147146994,1486.4853307561273,396.5684741377884,16.547598009157376,477.6350172459288,28.72839014146932,14.63349682951045,525.3961781474277,448.9198560247884,BENIGN
218.13469463126745,62,26,2132.694561998085,718.9323872219641,227.26524406022995,31.49247021213207,189.1390815790464,214.05600184670683,1.5881342849707667,16454.166454672915,244.34294881930137,BENIGN
1368.2166488084092,48,31,2730.56809859462,1410.8142705585765,73.70370732232666,0.4732381992757677,46.29616731471094,101.33619756186556,13.325173223629184,7756.711230950102,140.00776674157763,BENIGN
1190.395784496388,39,34,475.7264188896034,539.3387248237697,115.04637865889946,9.114437295607866,511.3713644626159,788.5413552416001,0.1397281820085518,22497.06560986528,5.074532851192485,BENIGN
397.26309360910295,45,22,883.050837450685,20.066515089407623,175.29187691876115,7.513336759739128,166.45224892244363,153.36220738148512,1.7189769312289214,3037.685094664886,374.2863638406069,BENIGN
2098.333707160994,43,34,4719.786459825958,542.0029542736629,322.07354372412266,0.7307970964980341,308.65542022015865,248.9417069442265,19.736893965486782,2071.2481261157263,167.13307576066848,BENIGN
46.36232402053473,57,24,113.92851111049472,1351.4755793853062,228.8826850428686,132.87033445796405,284.46975732988915,347.5887670189073,0.5996359521909773,4536.057896399447,224.86079082533817,BENIGN
393.31421318413135,46,35,1623.0109783963342,335.6598189982369,205.0396298305152,5.908525863178852,146.70025747266874,410.59427306100497,28.306305976124467,13124.605441296098,12.816144214300202,BENIGN
1225.0131499674364,43,19,143.02656650208522,1507.9707724475584,629.5471411705776,0.12083746642466,296.4039004671843,387.0553388321973,11.009147272501409,251.0864435519609,41.72338928189141,BENIGN
1487.1821306709976,58,34,2829.589626418603,765.5942724413537,283.43976745050907,15.126355089158537,206.8640332240723,262.9299228260533,29.822484429758404,11518.14826051373,45.09576056730399,BENIGN
1129.549854436753,59,29,1923.596278156857,239.41209722127888,202.65251516654348,13.472881999567834,127.66541966944104,228.82388228769835,56.75389301686394,20059.140897784444,492.0512062203149,BENIGN
1078.7627390439145,37,34,259.2981585892279,218.93544050956115,97.86603432698358,47.40961669651253,495.7454505861455,587.6908824905457,1.6376547709533762,4844.631966904271,10.815475589431832,BENIGN
2729.2214715342707,41,33,932.523533549203,1003.172963396355,314.57309546866367,114.1620399653257,382.1457784054424,62.07569560513193,10.53932357383876,7183.984144616093,40.68459835879092,BENIGN
188.5361800532905,53,31,171.07769985983387,251.58223406417025,206.74270167518597,27.30085745510662,50.82957149114373,347.3333296432531,30.05220708257097,5664.8346644427165,49.535356177923305,BENIGN
1775.626864892659,50,25,4658.372243199793,251.40867864340055,1029.7142803561042,21.00096847337505,255.6422223949912,193.3919936280405,67.62707956743644,6850.310699122243,33.20126579674788,BENIGN
1661.328199087029,53,35,2135.730799957949,1.0007276638064186,321.9700871079764,27.555852758610065,200.5855551172344,337.2518483686333,17.274392771933613,223.99215823907605,39.6278910099398,BENIGN
13.087188396285002,45,23,4106.268904372266,1058.3885665052237,305.4903334662479,19.578969317272467,374.9626389436879,100.5885041439838,11.303182663615583,7160.309534009573,104.3109013313425,BENIGN
126.4909959311712,47,33,1496.0205423210928,323.8297836043609,480.7386623964356,13.965139688159612,280.4541385806013,177.83506313751735,26.71838780558124,13260.011244866864,0.3855592231309989,BENIGN
891.3973756649445,52,31,601.5459970575349,398.6573187892871,376.5369022583793,121.69424858540476,336.1811038984293,110.8417820787438,43.636882470512006,15525.08701585222,15.05175567382033,BENIGN
785.8269643247577,53,23,32.7776060929031,600.2277277041871,425.948124989793,31.935939511132965,145.9162848251351,141.35920505771952,11.15321296079263,3739.8087058719393,46.39178752971769,BENIGN
504.18268102478623,43,27,1493.7605226780338,86.83966096296507,420.77848186554576,200.70816556309936,357.99793631777663,375.611063095914,39.249860948246486,36559.91358667912,11.530995851167344,BENIGN
261.1397580185179,44,28,586.4200972309875,240.36891362057244,626.5622373619548,3.242214113171757,259.4665313384756,156.9428153689941,34.18563510266612,15906.610974032688,29.53571777038129,BENIGN
708.880429494969,50,30,2889.193034780325,799.8587345694172,124.54607738686016,7.396287228548921,265.10972496564113,279.1732527137772,163.0144132482328,10877.196602749274,68.6670623421853,BENIGN
277.53861851442906,50,20,763.6916103827419,529.5446573172229,664.3019857985969,49.78422994303775,328.8001578157046,353.64373473903794,23.189298664038304,2280.365725871537,89.03446590931419,BENIGN
976.5874838068078,46,27,769.4783036180478,320.2060449304725,397.27387150646456,16.57084611588712,460.27756426897815,386.4090297098713,24.9218837766584,14810.246734126213,15.211252461721685,BENIGN
920.8177984579844,43,17,1079.911698115428,513.1963740108979,374.0132208083928,10.205254959119042,250.6095940154485,140.1134693342289,50.00133261861816,396.0855740889321,136.44962221813054,BENIGN
225.0558511023859,38,26,423.1636892839704,1101.0704234465911,483.504475674629,40.07536128743139,347.0689431557678,583.6188760039763,20.6590775274788,2133.5549192286294,15.821161993205305,BENIGN
1826.9703530129696,40,31,14.592377470539816,2061.9277149690965,606.3474235771312,50.70226933257149,266.3591779904423,208.4250399039721,37.12529810876318,12151.827045659482,34.81604386405582,BENIGN
1891.124791748205,33,29,2964.639466700893,210.7220200288885,229.87633415026784,25.51336446283095,267.3976573604612,323.3845737607604,12.360770558187925,12227.197630757377,10.017425025325783,BENIGN
1085.9942668955457,49,36,1119.2626718410654,212.12699509744505,544.7366059513798,3.503154657847974,279.639309472133,502.02832280538894,53.040547381808736,12127.390271833234,23.964919624433627,BENIGN
3720.527762068888,51,30,3288.041703481819,561.8147497061757,719.1345968215417,7.982127581437118,344.6112152471356,360.4653870332949,17.20749711801087,869.3677199037736,72.52266770895658,BENIGN
101.63948538341305,56,32,1670.351786876316,750.5080916412675,91.41092490166984,81.49270685981126,296.72849895962605,227.46261351808124,15.8884522751898,12335.569430533167,49.03732284290293,BENIGN
815.7868496541154,43,29,674.1831595905045,689.590902081452,214.4434736974332,12.592975841832496,403.281295525456,159.89208516430585,0.2727503115114465,9353.4388463389,127.11576823239656,BENIGN
3370.6303424611724,50,36,230.17656564341328,310.18463602364926,427.598537533569,51.30469086605031,321.6934314148042,752.5498615896297,68.91950328301631,510.11798413653634,237.3878054272868,BENIGN
900.0763550100638,45,40,500.4590945522342,755.9739353435383,618.4892960326316,3.309778957384074,381.8369420697634,144.3390211694226,53.059067038122734,40558.52541322597,79.4361443547204,BENIGN
601.8777734923394,36,30,12.64639909246584,198.738323013574,537.3217775260158,28.320603060980982,422.0056712990428,279.8870527731213,12.41272155566027,14998.33734790866,53.20775553041701,BENIGN
133.1459597170634,65,41,385.25150224512106,357.2109186282271,109.5951022772658,77.6228071350991,252.29261286360867,674.190917705247,23.16601350303692,5513.604193119626,7.649133953974475,BENIGN
235.3303564682917,46,31,66.24181533803602,324.18839916564764,183.75427467890864,36.18195131654115,220.92670250117,324.8770984446504,42.69234876517388,11989.9898658986,77.12299225610269,BENIGN
3434.592811184292,48,26,918.4847991373648,302.45064599806415,152.71208553236542,15.241578532327992,266.696182113482,149.95842116954023,23.48802799086492,9560.102545278196,27.801720533569235,BENIGN
2895.5616031208324,51,23,3744.58028709494,147.751878578248,509.26480740349456,21.3774087186443,172.02284364415308,269.6103756726061,8.282325544070922,2962.7942382165675,108.63503057027908,BENIGN
1838.0437261905784,29,29,1235.744965757284,2.4099948531514466,732.2697294599833,85.02399130130803,351.5637190028323,169.21480469286934,25.66821694821209,20536.12966456753,70.92678459102729,BENIGN
1207.2084716530997,48,34,92.84917163508976,189.48307964372185,51.703119880070695,34.501031931393804,305.7481483929942,523.4872855713728,33.44564269539157,2499.903735063778,114.92935822423634,BENIGN
716.9900902175577,54,32,2297.0328356700643,97.44632044645036,384.8509919528746,8.183818392443778,410.9258625358951,131.603255423902,37.02114299771967,898.9874887835323,398.2447760808007,BENIGN
271.20959168716195,46,26,1907.7520791779127,185.3757583087917,737.1969606995027,12.509647344767208,257.1220490783808,245.76816216738007,40.29748345873242,495.7381269777369,120.6663914881163,BENIGN
1743.2516888112311,43,28,609.9563444231432,2678.0369577785536,94.20400544868085,3.6218044594001615,178.0150588294522,124.93996045518928,4.61902700852986,707.5398669182616,147.35959307380406,BENIGN
1140.1463466715084,63,28,175.59800261498475,21.43656214847826,364.2513151920113,157.12533118757975,256.35940747174163,587.8518874716568,5.205370685381668,8608.683220548444,46.64263511176125,BENIGN
1700.6959030194785,56,30,33.15915285172329,99.48280322307322,554.8712978624983,60.96733251337822,384.02826101150896,918.6997726929484,18.143563881595973,5599.221052487482,86.03398440271903,BENIGN
2752.194054448909,66,25,1613.1183058149004,172.8931092676794,484.74816221557074,19.631809276333627,279.7078797315228,146.66825288630628,63.29986577470544,3653.19247436368,111.3678866088596,BENIGN
190.19471280022495,54,25,569.8944047599192,88.61923782404146,173.9299834927206,11.77465766826525,302.1541641438515,441.9501119550383,52.95623771908895,25732.85872384407,30.024441269828657,BENIGN
920.3284227538244,47,28,3675.18653208789,931.0563500868848,306.4557014300666,107.15826859798202,370.4534315165824,670.1464552691532,8.783126172127458,964.7475989480484,17.793160892996003,BENIGN
4135.989596000282,64,36,1922.5848129331173,621.7218033542198,168.5054851673482,34.344492465071106,320.14528198955617,175.15137078708085,45.99640646803678,4266.490138712091,488.5335125533208,BENIGN
1194.1022324431974,56,33,988.4379998143876,796.5356883818129,219.0858906748072,18.93649049362704,385.7168306945268,472.9228790077768,98.99702165680364,8515.88307251388,131.50186916856353,BENIGN
4395.558417405329,54,35,98.9110001754956,1207.4872332994044,271.4905820783184,16.77906842899118,261.9136265247121,375.2675302352868,14.731225218940228,10821.37288997543,59.06794619524183,BENIGN
46.04060995765256,47,31,2225.612990772982,1037.3126343935423,812.7290132139294,20.72553858941018,400.44088363040754,278.629216475597,1.881571923353473,2967.648289387921,126.83595003295976,BENIGN
1428.324681714378,46,32,883.3226980108328,1096.0741590076757,284.8307141239819,6.941960751912224,443.9980413743252,230.5332582661379,23.208693710924308,9121.26084773656,145.43160407857957,BENIGN
83.5772955647598,55,34,1658.2236913466377,3130.1135819040232,496.21610222444303,2.628483968696783,543.5330805761844,533.1167165166567,10.35942466649984,11839.564646240591,67.0816433106608,BENIGN
243.0155469662972,49,27,28.73776199720071,428.8777910200036,544.2695813610436,116.24241721799378,382.48542846368827,606.149309818946,35.18491966867965,2095.4424989549643,13.996857238180096,BENIGN
169.5962919146052,42,34,301.48783151707374,2456.329067194187,117.74161473926436,19.698967888484724,260.0850926724196,189.82661571103375,36.23314239891896,7165.630014851401,107.40285340862104,BENIGN
1029.6887677502348,58,31,581.087389971992,1633.0506256259805,328.1853693585508,24.46349087073533,342.8647148463031,301.8787997632198,17.22744056066628,9.72785867767694,80.63395249703431,BENIGN
111.38012766315975,47,22,2286.152749736856,575.5493494140803,40.14969357336945,4.389060727971887,335.5782491608479,69.92537540553484,39.96182130887598,24333.0023476144,25.93869465821312,BENIGN
1978.9493282961405,57,27,1269.925621369977,538.4422228897398,281.3422874544852,145.89354747647752,129.3268997543582,240.8284314101005,20.442579924172588,25451.42508266986,418.34931731989553,BENIGN
1486.6879246667258,61,30,2729.4701511835865,838.8324916243986,499.9001105964777,43.64121852005404,270.66785712362736,196.7190165448959,18.40091850646932,3962.512170524567,152.97403194310223,BENIGN
870.4530682924436,47,27,285.3791869740812,328.86114093223944,290.167067846885,3.4139810442223277,358.5420980497856,427.7831097406833,9.370746868751908,17783.520706478375,6.052420758562178,BENIGN
2664.968013182787,62,29,1953.9796402565803,1557.055728803395,252.7801701311475,3.0632754208753323,234.1371545958993,15.688242205474074,15.42551786524481,6179.230392401498,86.28258878256321,BENIGN
988.0769289348262,48,40,16.97143228746275,375.8258910740549,301.0749126745736,27.769229569296623,205.37118849929777,38.76555840902126,2.4107752078757567,4501.299978879271,34.57491888010738,BENIGN
352.807011587779,60,26,496.04036388557,273.3407304013501,1075.124812635769,11.347890907936984,440.692900263672,431.6889803964519,67.64071951375159,10174.584038686393,141.07296385824444,BENIGN
3680.639977890095,51,26,662.3547117476023,2971.19752102734,44.63788283249585,147.5416782526904,287.379012122961,543.3692596366153,22.847925222544657,748.7415821395277,67.282994189797,BENIGN
143.88795539029894,66,26,798.9242295769038,555.101279527023,277.28352140168914,24.30307791694656,407.54134821544415,49.126039961175536,1.1566915629690118,1012.6812071119916,147.67325336149452,BENIGN
380.025611056787,57,41,1182.398002012536,1085.2233653175847,12.61215563736836,76.98111612109454,296.42939086349867,77.98286085277488,8.79251305226356,19893.776768573174,31.28256024996708,BENIGN
1721.8079635410031,50,31,407.5884478408024,247.8111081412035,524.5233425609202,194.80174136246387,180.00716198552897,68.08627804999216,0.8655952694531497,23572.8512046679,61.84323040693415,BENIGN
497.3491296616848,53,35,729.5906351513981,1066.641351977583,435.60744196077445,4.224847638910962,492.4670565540383,599.4639675163293,76.63494124930685,727.6867986667141,6.173018076594497,BENIGN
349.969609380049,53,33,43.84531222898153,630.6426407542593,112.91368059068982,21.33005050117851,227.3679087524605,268.8382732418443,35.95176928923333,314.8377579686493,115.99170225189944,BENIGN
63.02282756016341,52,28,1105.3279088397212,350.6851523372722,497.46777509677696,31.925462849121324,347.9323897888731,637.7602060419573,30.136945419386464,988.272681137769,122.08446347501268,BENIGN
123.95802056890228,62,26,1677.7288640201605,443.0685062556556,633.8246702439759,29.72067932980662,336.741093301348,67.1994234206515,24.74487566400636,8107.070263585243,156.6161838645818,BENIGN
360.1373759277892,55,26,193.4641619004537,578.0672505398873,335.50966715356816,37.73769471588253,264.86537466263377,187.4510337319192,69.70911959132425,6026.371049687643,190.38518344691357,BENIGN
132.21343489057125,47,20,1700.5773465762004,379.0741252947335,400.3501567850949,25.814039067583188,356.79225718943223,360.713027338604,30.21861917992748,18009.133478889285,140.85443012303398,BENIGN
991.3991764332204,54,37,362.8178974731301,1757.3330866480894,134.08042833536987,60.6714186877372,257.81939190262887,226.7671581113586,62.384622623938,2501.5701593835247,195.2945949642388,BENIGN
960.0989165734678,37,31,118.00095917669309,681.6600623414398,239.30665033233805,21.254185468511256,398.0071201624737,367.5646916179372,0.7149549771402213,4177.073662450092,69.97812836341136,BENIGN
1901.2354942631105,56,40,503.83855633302335,936.7988056021552,354.69513393524795,1.077819721243033,324.6279234388701,578.7244981868956,3.9622376491030096,1343.2604241103631,10.414867633830774,BENIGN
1324.827774952901,67,31,1996.4324892101265,857.5953519437297,439.1501876016864,30.70727248417037,335.0443148307781,308.08150613043887,0.3425463383718197,11716.22449258497,2.92415242882491,BENIGN
1186.2670107574804,49,32,789.4088949604419,363.7511432335584,331.8067643849716,41.94263164842787,179.77368817711704,369.5789926338453,9.991828137248133,4406.533294747877,202.61103641233456,BENIGN
264.9143668065442,51,30,29.31987576334991,1170.4011684875616,455.4387090445442,1.9483478984184808,398.2914510612468,562.1346912110174,57.92319610001002,5647.806428967394,127.64650584619932,BENIGN
903.4914421262092,63,32,1934.422955939809,1394.1318599736362,31.939907512153187,17.003736519922104,343.19684219292805,63.12030981579286,6.35521654939761,40966.21243956324,43.32062704506867,BENIGN
929.0961689818496,52,31,1253.5561398530072,1233.3256316573168,364.3365450991501,85.78168188554066,326.7554571698415,454.9466667340325,200.0538781846172,14543.695188061316,176.3264400138332,BENIGN
273.7925400343189,49,38,365.7265400709657,1338.576100580284,1814.029929978037,13.541620331346124,187.24460000146345,180.8737967441948,30.686756703568697,2204.7313204338816,136.63163746910996,BENIGN
2730.227062302025,50,32,1148.5579214892275,1540.7273026275582,753.4826038045526,9.93365817467856,360.9345878813104,217.7019154413021,24.4978058754828,3827.511663998273,125.4129004790941,BENIGN
1884.1517017541253,40,28,3632.824720673085,113.11427003274524,682.0167794673803,48.79647039818517,354.7328960824461,354.2416721090796,20.01804080333371,772.4612231563409,149.9380233645021,BENIGN
583.5881534227699,43,31,1209.0111422025109,581.6704170880614,37.84639735044942,24.2509643846476,324.5164934993302,55.54809686066404,60.275352037358026,12271.763909996394,3.4566414356124,BENIGN
239.6600813788579,41,21,560.0204545434995,1509.6075318137464,274.59280557607667,34.18337279874039,538.9685960878376,150.23190788281408,1.4432785875861192,2896.339747434234,63.72305452624152,BENIGN
234.2435989003616,64,36,2339.4901284315724,5071.55838259519,906.7641488076912,7.24951615212517,404.8777990273815,424.05857234358655,106.34469329987358,6907.5150701431485,81.31957962575686,BENIGN
860.3396314188838,45,29,3780.725068923675,1674.0333017964088,125.86935897034031,112.65439091452475,304.7787340896838,160.1608842255199,26.439483732486284,9617.828505073476,62.70385291572631,BENIGN
882.444609108554,41,38,916.2534756198432,296.6896703815261,434.84707794662506,71.32964308139826,432.01866855504943,210.58203840835924,17.85813293817822,17156.459919260815,135.1720054094427,BENIGN
477.69034477989993,51,45,145.127311970502,2101.081790116938,255.7215378261843,123.59990642377872,74.7589515851237,573.9382532588642,0.1969190866342534,12884.703670577454,39.835087470785936,BENIGN
119.44869694560364,47,31,2027.015262938905,290.3205988965921,802.3417706138683,2.411434826696688,285.140044710125,366.1116989614886,23.35047729716658,1747.712540827446,272.92343887684257,BENIGN
1176.5381070998153,52,25,623.5736752320944,1356.063676479016,287.24537875567745,9.991824169476317,169.79407563584348,486.8445684655111,71.75149532407328,4208.402152962656,102.06435910426283,BENIGN
617.8511139964916,55,26,306.6468279740604,2102.545506199609,531.2261630616098,7.67838951144698,262.32237599183657,89.9279596311322,25.158746573038325,1120.8945872353786,179.8814492580526,BENIGN
522.2317620615014,47,18,33.886377657211774,140.12832091801607,262.8445891813004,99.33132967929188,116.35050062921512,106.99275491601745,8.669892064171377,2626.586781044594,231.3723568450336,BENIGN
791.7061591687815,56,26,62.18562281658495,209.1046322052363,992.9487993468566,44.16033983682281,301.3051119874597,72.87414243601549,2.8992262139280816,11717.153633146168,94.12568900188757,BENIGN
117.6559048780725,64,37,146.96197618417708,440.4882707596204,333.87324250467,13.613446072560675,163.05322991239174,107.0839529050452,71.03033191464338,14122.34461160677,42.421111518782325,BENIGN
132.80982330458872,51,37,5483.279328565868,57.51679655829937,1005.5529143156964,47.3176952965421,337.1355232188601,340.4527181253774,0.3400346013629302,4572.354686375385,60.11880317394522,BENIGN
417.4027537468337,49,35,301.1000055758633,2101.187702230759,199.53862587356065,25.03342424990478,368.5342879474854,507.351079792456,31.137743413546485,5590.473284874171,42.463961273061976,BENIGN
132.78406215222637,50,22,1216.0416549287916,431.3170561834073,416.9448030092029,58.08848695851224,403.831102892112,178.12253094050695,26.58672468885685,21125.068406256607,2.74023907864146,BENIGN
281.5042799237869,50,37,4532.011167052239,351.8310933812265,297.407029909549,31.26118929344669,282.41237065414293,594.8008136012944,19.370584066096917,13082.007281760389,7.672177140274616,BENIGN
74.48198725566498,56,21,2487.2348209468823,1744.9792144290443,476.6171989318788,112.19007800703515,240.94693694543835,310.01157035205887,35.75821970480769,566.3272145697478,9.42144709407746,BENIGN
979.8005772521858,42,36,797.6094692490865,543.0881906168263,365.3452702615334,165.00998091697306,203.1473637123086,274.583993045767,2.478077365132735,1531.5240996196271,51.67122299745222,BENIGN
871.3706491738637,44,25,46.637482130855176,192.6201469426794,431.148328827609,19.41184538192275,186.65713250328287,96.46761772116956,1.647280184039846,1723.3447561495425,129.805164267812,BENIGN
315.8159142692778,44,36,87.78217249873245,152.05687723731666,454.5051185241386,32.32757335373425,258.27711910868925,45.59825045002084,4.213576955234133,14718.23824100694,10.113067314588337,BENIGN
40.42501639770315,61,32,10.699691187802408,3410.05262181281,702.2024734324218,172.56355397037242,454.571855794998,314.10851559315324,28.94187136115422,10467.349428112784,1.3642966681416993,BENIGN
1202.772090878001,47,27,2147.618341812985,1278.2124092823333,593.9154264303392,74.21473326730693,175.54520255286567,164.00886948537067,24.22288273405509,11128.536364377387,8.689372267678861,BENIGN
3168.5183433152224,47,26,303.53710198133444,224.42967704855909,137.67494598929017,159.5100258716534,366.2934464574527,56.67077336364383,1.0653697253666496,13209.318055932208,84.79858072890369,BENIGN
639.5938165672087,50,41,1177.8156074183858,227.14911804227063,879.9874212127684,7.977749568081599,281.8804076375769,42.43705266036012,38.8526953188954,4222.901929070804,50.44234851767209,BENIGN
5457.184630633821,51,25,421.195438529445,1399.2163489715435,153.19250787122726,33.532670304442895,479.27473978417447,460.887722590138,2.709648675438168,11475.924523916785,55.24916324044752,BENIGN
1407.0574526625855,51,22,1540.6305373903504,2085.417101109118,344.14015225995263,0.6444504604811108,405.8052782001634,740.3432185928064,13.135096554008117,34.251123128802895,280.76626678868456,BENIGN
786.3207766462897,63,23,76.92986399136241,1750.270059019147,579.0843605753863,15.64115973085705,221.8910257325518,516.3767930306938,14.719238105706948,19759.558702290266,256.3353165140696,BENIGN
3032.640798678816,57,26,1044.513419058252,2120.218602901331,159.6492528132978,96.20844930287576,352.7322433793672,422.0716920142789,27.595865349381477,10933.176747386837,4.192673563373396,BENIGN
1290.1364372203775,52,29,1361.2777784619775,171.37065312240637,411.17936462354265,41.8396989061637,347.24039953769864,19.337956448472383,19.77368256684564,833.6195634701074,76.80021198659735,BENIGN
345.51551200240226,46,24,1030.4159355021948,329.6412969433768,176.03498948410976,97.37316283983198,281.64581667975483,428.7651357329637,0.2013862700127894,23543.825114236104,223.4649961131533,BENIGN
3111.102529661882,44,25,696.4101116237754,24.35964459014271,298.1612668898075,199.10417067205657,355.5735814802039,159.12946574088323,51.70141178870496,3569.720807511416,51.4652221976043,BENIGN
95.8745300188066,63,25,1523.8972645496,3746.568765190758,169.48294912638517,86.21437474277907,271.9820880646715,52.89015699038135,0.3169748316869834,4567.273503546284,26.717508230488107,BENIGN
185.7186162957548,40,30,667.5791388879024,1394.4849512039934,144.63279750387147,27.54471421845192,233.2811990816149,368.04124956766543,4.49181197931038,460.0002408824793,187.4997649692897,BENIGN
1606.52156396019,49,36,937.8693952352504,1375.2559019376454,293.6398454739277,140.60464013179254,399.34910190625664,340.7775549627847,14.169044621241532,11461.405035565853,417.5523896208638,BENIGN
1511.933330383703,51,35,1224.9804820700454,5.073726864769248,463.6299668670644,19.131486210180817,359.70361583498936,326.6823960662815,7.899203825281154,6954.288727889149,27.571604187258863,BENIGN
135.75605249483726,49,28,6672.835358665941,182.58401448356648,471.336365863929,29.532111534203104,333.876066878624,173.59751530368194,5.20008690924241,34236.990972280844,18.286856727665363,BENIGN
888.5090469242499,51,26,422.33522515464455,98.12541613036517,558.7272752405712,36.08123206991439,421.9359790262741,156.22368405368402,56.7104353428447,15885.487728940749,93.44154266994327,BENIGN
1413.5840281196995,48,29,102.41184198176845,882.5800021399302,462.284092263594,82.59030840868522,295.6873985066516,64.20393820232586,13.750882267498556,35824.89207203416,24.08675743193622,BENIGN
492.1302917942186,51,33,646.5583237144218,636.2991816913866,447.2793874323704,3.2979521871714077,325.3039803784464,328.3298164036934,20.666078771443285,547.8858491761636,70.01852012569098,BENIGN
758.1229475460697,43,32,1417.2316501472865,2533.6404995659145,429.415010066267,16.807387205439568,395.3660472646449,591.3987059805238,9.160435110943814,38539.95158509763,203.0784196438343,BENIGN
258.8740658365002,49,30,100.44636801617912,371.60142358907336,327.393586514157,63.88493455495621,352.94631681088595,107.09895757988748,3.533297090014901,17452.566540357926,20.488960753080026,BENIGN
2606.3161770524016,61,27,985.0473289652124,1984.193307732459,117.35560351188354,107.9873631691498,350.30430729300684,242.6200749079017,38.023046642809824,5993.219229705837,66.52061002242327,BENIGN
174.43867048912378,52,34,612.6193944138365,208.35966683922308,125.11239661510822,32.91609338952385,374.1782146646822,752.8263956957315,13.815446145488703,5853.098097391681,1.254737428514745,BENIGN
351.7379812300988,49,26,11.556618707261649,2929.751058051257,159.1170221388085,1.3922951207653018,263.1040686821907,175.82821314718078,39.13368385118436,18051.55229689625,6.618475025444957,BENIGN
3098.1034985563065,53,30,733.0201630307273,17.148937959113525,238.6662271170977,34.92082037779686,225.88610768602308,283.3416134370083,42.18819116482847,6456.217134749109,297.314891652734,BENIGN
108.83751880671802,56,32,830.2509024350192,1655.568246087368,377.1242078889609,61.11541477084522,176.27741604207918,277.6649648951812,7.303138328570576,31663.605334088912,62.50435809658097,BENIGN
328.9691091865907,53,30,328.8040549864897,1027.202155316966,293.00540185133065,86.44690691345279,329.8603676043493,207.63644700794893,11.157432038745124,18949.199419231787,49.27338303631753,BENIGN
543.3193322665865,50,32,919.7698599958304,1755.018218556298,119.1363488106052,166.39643769245757,231.4537588248969,275.4223107107365,6.330620762703407,15425.26993249968,48.50306686810468,BENIGN
26.890535224316885,59,22,581.8723082704402,294.1863463076515,222.988554269141,53.41697894685752,405.63241322750525,172.372060101674,9.031776725079451,262.5153279891504,14.56243918000932,BENIGN
140.01216907623092,56,19,3303.349280066124,114.0927614399524,157.71710899731886,51.11367240556616,354.5199780953324,528.4823193924112,25.14399657326671,15921.13982454402,17.459716057329775,BENIGN
1436.7569459094216,44,31,1956.2321032637285,1353.4573232011828,217.78370097047957,267.1094285424971,156.05352809271727,207.52473004000188,17.337911983690674,4012.4273995575168,271.1316400036407,BENIGN
623.5869732832385,38,34,1819.9984936061264,1829.7217954412376,142.02662427931466,29.830238143890924,230.51216996681623,131.56797471286566,78.41278646416158,2856.5070206456585,327.6837684430251,BENIGN
0.5981176715128856,61,28,1493.573276704294,610.5863930505075,382.4050994265031,7.564845710865378,277.4560779213677,479.0725133585624,49.40034875491629,12535.051075602309,38.36764682740032,BENIGN
144.1878005901035,42,30,2423.1946154590414,466.5265724491194,425.02744972144274,2.394363837162054,172.10639457591049,62.49473837266501,18.471746420736466,3542.460643413296,54.77494489033153,BENIGN
1294.9605629166842,57,32,1301.424644968936,706.9819073134784,194.41421029897452,66.68403034344978,253.85355592414865,456.10728548469854,11.43274432147476,2759.3474871120497,160.84928437288767,BENIGN
125.94446448603402,50,21,2777.926197827277,486.2118272518883,755.407218417407,27.41047238328655,191.7425566092345,366.03739442560266,40.27519451178623,12531.371586573803,85.99930769309422,BENIGN
22.06504935500153,50,34,722.1830118214215,735.4521720221046,394.80818362758015,20.57625307170417,407.72160299540553,220.39755251479724,14.244355320781562,30148.455115551136,198.24989210822665,BENIGN
1328.2935787644003,45,32,344.59971502994426,543.9595506208929,422.14751535717534,68.88192838625064,396.5205886736792,169.54580050313626,3.767837699295921,24173.34004871347,28.943222501647544,BENIGN
1857.126565417092,56,24,1675.7236811984658,544.3051303391285,979.1376406949998,35.96014605438314,212.2720415065089,366.7920596786166,144.75543402218602,27046.177892189557,142.47709539958112,BENIGN
2932.451960942564,56,23,369.1709253179645,1501.3454384122756,402.35280373723,32.710256085150526,349.8280998413479,199.1022530513728,47.79059590966216,16043.135381266158,43.69266113273048,BENIGN
1362.3680618684116,59,35,2075.8580167967084,4120.499054995443,465.2852249041807,13.759340123539168,211.65312056683257,360.18237906472774,17.95458392531518,2407.744046971805,102.33567911498314,BENIGN
2375.6070749027776,54,33,1766.2165594299786,1556.5729744295138,327.6744597133221,59.64462832161735,174.6622093313725,113.2856899894385,73.0645720627543,4968.208885778002,98.95580130040604,BENIGN
64.46527291658663,43,26,1385.7973933988756,1265.1884179435783,285.8692685376469,24.63091722663441,207.227279383008,43.26747959021974,14.6902613003427,12235.27237880428,316.52913994255016,BENIGN
770.8830241238818,66,29,1212.8193921670115,1587.0894009483602,383.5483685337153,49.38014750480242,312.2944912113947,683.0957585294799,19.37692103000704,3735.302781655159,50.57293887162631,BENIGN
1255.7048609797414,47,23,2781.827851143629,2129.9690890417664,499.2737896337952,81.58115098957303,179.3038638745311,232.92523319955845,41.48463248881462,1120.212149005992,14.700341529646064,BENIGN
1058.89974609222,54,30,636.6721319196516,619.6220268125618,138.49691770722268,12.166809627216407,394.3207947623554,275.6659993871144,9.394949935208713,31490.529609103443,11.77316620493554,BENIGN
508.5998156695678,56,30,1110.1071621840242,2217.959237688458,391.9646529796476,41.22121078736668,411.78765104452833,89.90507988266958,35.82753413417468,9348.16589540481,49.07674962854912,BENIGN
469.2810797548315,51,41,391.0314997028319,796.7454143143939,127.84263124143432,88.85000390316075,538.8764673371952,27.230669849310985,5.88960299252469,5364.499630504969,65.57956540725158,BENIGN
1997.7380588267936,54,19,553.6689804234775,179.04009103258704,69.8243145336744,23.97986383417304,163.73442447030857,240.2125809911237,0.9845832472270126,3474.561482814405,127.33468441970346,BENIGN
418.406403770263,36,26,2254.5612914378203,1410.3440003962662,229.49457995776407,87.50759352052073,221.5637749231995,274.4232862408128,13.151760107577884,21778.70622699157,256.9944500186665,BENIGN
450.03458303972826,65,26,967.0383886580122,735.7264558126094,5.7424213978606575,56.96377314157276,336.1438345043315,216.1514086816969,49.7120673460197,4250.962909578077,54.63970595558525,BENIGN
1492.740140285175,48,31,3677.336789507584,444.1464906385306,153.1675361803435,42.314832363938905,58.03326108261305,684.2053108286751,72.49079902651374,6234.402644018212,33.14311085765439,BENIGN
3723.557008699993,41,32,4314.526461794467,744.4702610193058,96.42520605757387,88.54374803622103,20.65861951858949,300.3821943942363,35.99929064427195,44.9899662457545,1.0394860915051367,BENIGN
515.8049647422996,44,34,149.73546225206704,384.7361981648907,423.99786345063706,13.673545428963315,14.372135572387208,168.07699035736096,54.52381753437452,20836.34704834708,1.988053605334456,BENIGN
2724.728923000118,60,21,1887.84426358299,22.71772185871447,235.47125764103373,9.728336688561418,343.28642488223943,122.06076823776117,19.83117043329377,17257.211520600562,394.2704092647462,BENIGN
1298.4914234202142,45,27,2884.7022652530018,748.3202217848886,454.2807504368821,105.18528379029422,221.84171791242096,452.0675985406753,25.66797203954983,288.0986949582108,158.88079748893804,BENIGN
1319.7636186471764,47,30,2091.9297962114,554.1513830573829,63.697701165877696,49.87506672355245,234.64527172328215,311.25348233026443,0.0039005916898303,8051.418532231131,128.0672531642281,BENIGN
41.18750595694294,63,23,115.97298935167936,1968.0888425191351,74.96034388932814,41.46144130112581,268.93589183760696,536.1523173124368,14.950217993579194,7433.31584576329,3.825039383146315,BENIGN
169.97841263755953,43,31,211.24956766398003,863.490510860006,351.3426671273876,37.851574686039854,224.1004287194529,402.1821227888472,36.83683639949669,54483.06192359398,26.31254021841208,BENIGN
612.5420770615798,46,21,399.4408652347429,104.83467625988128,163.62803271882495,175.82989996473538,474.289097485002,206.41829151731275,13.608459344631235,11806.672603912444,58.79005432164759,BENIGN
757.0196375133226,49,31,719.0209088479999,402.3480833595038,627.329612173523,43.9418731260677,335.9198549305347,476.06228714000696,23.446903336855623,5841.31348917268,1.9984932022325417,BENIGN
170.16777335054286,47,32,2338.2317670260736,258.7513182812425,574.0850577165343,56.87970705679971,570.398249755476,415.7335250749409,83.73369808959839,1193.1311274059624,33.3494151397156,BENIGN
973.955972391981,57,36,293.47929331368533,635.4390639872336,434.3504776211362,3.542846662958905,291.66687661326023,267.4692656385499,29.98317422075231,25619.344819213005,162.69674338821207,BENIGN
175.1627440045595,49,35,1488.063647874334,188.78570776807655,668.6105396095073,97.65193300968936,373.12213698471,327.8455864996505,7.009762363846916,6245.042820736464,201.7982024961209,BENIGN
58.02696384483622,58,26,100.87482589665264,194.38851754856103,220.95245885741627,31.823088891708306,296.12178141940944,121.57201589769552,42.48348693687626,3771.651224212145,88.23669835730533,BENIGN
316.21359103256594,39,29,838.0060696807103,622.809866875607,453.12541057201184,122.63942318681772,178.12953809884775,236.2994726685725,60.207667990256255,11589.99823767754,98.5667514012266,BENIGN
642.3043058166896,66,27,2415.73406911724,1394.274205195978,533.5682466403956,127.79340701784734,429.91455783638986,1481.2877572113223,25.36975698293206,17729.35050072025,45.29894231431449,BENIGN
382.0655754648315,61,26,3408.4147271546426,426.1956161369861,601.5984275477311,27.516437600636785,338.900959554732,159.4407899116722,86.83742886609662,13553.63882007306,211.6964643856443,BENIGN
688.2389499473695,51,30,2224.87871537052,2823.2944109413565,889.0382720964096,95.0675244465818,203.8685979949828,32.23626426073027,13.584735844872927,27269.87861048025,31.921200887395777,BENIGN
499.3874970400238,40,23,1682.149414054978,185.0071155898404,723.6271982552237,192.16878078515705,308.22147847134346,271.4322855009402,4.75958539072043,9035.181081146577,289.9372885463106,BENIGN
699.8599218911432,44,22,1350.3312650013006,2132.112148704318,540.1781093726072,40.58496136038697,337.8306847869947,657.1484764127924,93.96456041763162,925.590910653352,14.686019654623252,BENIGN
1757.6656392285076,40,41,2092.057516151087,1189.398044066686,181.12160184784807,32.951354638655886,572.6625665793738,406.6997805202438,50.777633678829226,17488.2476512624,67.95324686159329,BENIGN
511.1794794483153,43,27,1123.310226651701,339.1518853600189,478.00468321108696,8.507891725767154,308.0344718507161,405.9160335132639,113.58967474826868,3343.905589886891,154.60391968581288,BENIGN
246.8138568001089,43,27,407.6346771190995,1274.230315009478,1129.567040797241,14.734303693814718,486.24831130456255,266.3294735921563,1.5075167381298205,485.4131252296128,125.7405908513476,BENIGN
490.7388700351496,42,19,2850.6722613473307,99.34933337144106,148.7855177258467,44.7047273936349,312.6927187335867,428.70741995572007,25.73922321306961,1974.159717385568,16.88082459459456,BENIGN
1138.332648626447,42,38,555.2317128381064,693.4837661939604,401.1289991254605,19.555780223986403,280.85069199820754,273.56927053464227,2.890135881451392,3153.298077202255,0.2355207254777237,BENIGN
1320.5070221648266,49,24,349.46663149580974,777.4567019521966,153.8228847855711,8.089809251327,149.2951083180695,402.6728456284021,71.54151135982154,13426.137635403886,45.184757882699984,BENIGN
923.6751206847724,53,22,1474.751869064918,2133.442165855683,196.67015783186287,175.0392486236691,438.86063084465206,493.2343253312089,25.876040640696687,21893.026453592167,26.93041133118635,BENIGN
355.7944369921287,51,27,2414.523789737699,927.7840021553232,191.74119625180424,26.76386187916746,248.8879938257045,294.7377586437462,43.74104963817323,6675.315591198187,28.69360562570162,BENIGN
159.1871344433472,50,26,451.48345081490095,46.72012430648308,196.2168002671276,3.3454851161789105,300.5650537992429,227.28595552961727,0.5319437957758624,8318.946512595907,46.66154132996715,BENIGN
2481.9575370836897,49,36,1084.1475132862688,664.1753246047092,284.3467720512322,24.92736194668733,214.0537596514285,519.0514119250053,28.17317959389705,19094.676366089945,18.111788243278863,BENIGN
790.9301276058035,60,38,2253.2317944732376,60.925271842994775,1626.690155417988,51.715128236863336,236.445890921137,505.1856139241265,34.63507253484247,4661.876960022079,307.21414711480384,BENIGN
87.22039666546804,47,35,3671.595188145282,1834.830334077195,538.3574267518759,166.0391338449239,291.3514702634056,151.54354674981727,26.049938309328247,14293.1771566551,152.00105367941222,BENIGN
3826.793856464401,45,27,1011.6151992961696,1038.742715710568,169.8361617696832,52.52879175401716,262.2422983484994,335.3826712340389,4.813108234837912,449.24891732113616,78.89874291310662,BENIGN
1032.7025877237973,47,28,2893.2061624970243,530.0724725695193,796.3137546142879,4.628674551601458,385.4367529873415,71.9428480608524,121.93477751224384,3040.477039334056,92.42191886498638,BENIGN
1640.9351832266425,43,34,3798.430988384543,729.2342976093718,299.771520022195,73.91737137464467,189.49783256464903,360.8363795686943,4.786290509392587,10554.345030837369,23.11027570035783,BENIGN
530.9570666740723,49,19,900.1184461387431,87.69262763893988,200.29398273710171,2.318849572194794,279.6131312673461,192.5714700903068,24.85190480650858,16750.29325582148,9.80753803848273,BENIGN
365.8821279147373,62,30,127.12558083834465,198.689280984388,530.8287108420308,35.78275875863079,324.37142886649804,313.60952913043275,28.23769667086481,6297.902934338323,17.527893172223813,BENIGN
402.8156695729184,54,29,139.0293450885309,287.0047793660764,321.3033768669885,43.79810609044203,226.9254618832656,260.30358483816207,42.96941285527829,3416.274932305778,53.18645108850668,BENIGN
1482.45942648968,58,20,5240.973019002766,3609.541954362627,120.37601296365273,15.411692949496569,432.615314293943,584.3656736683571,18.24168697941762,18252.57054434328,642.1448520338741,BENIGN
231.7024407520501,58,23,745.4356010480184,99.6599766419586,717.6344368621632,280.8859142053759,179.7553695776628,265.41590920618484,11.751064068621428,1951.7534314416648,65.65970571636393,BENIGN
722.0291550331277,51,28,882.1709894547691,135.95742268634447,610.5987333346657,35.16714014082384,245.4887785881135,135.20900111961862,0.9023923593397096,1852.463425740218,8.76532600421675,BENIGN
251.1673382758245,49,34,3410.9662971753223,708.936432837526,138.63562180642705,10.853612275086691,266.4766794452836,176.82224197163632,21.06253742590992,12739.36233651134,14.959945351902682,BENIGN
1315.2378349869207,49,27,2169.8710804683724,38.24015583955118,267.1508236532946,70.87094614218142,312.01450225865693,857.1441656438266,83.70391218659456,9270.538533665494,40.05210363977596,BENIGN
886.7330544624384,53,25,567.693988944725,52.0050923422859,305.67042473445565,36.22116052902769,225.31314973255135,130.85205234808384,11.128282638793388,938.0277525298196,59.88464461796909,BENIGN
228.2369865434577,51,31,1281.8871329665642,619.5539512480418,268.78479544692414,3.7515686790716822,312.4126178348431,167.1994821351406,7.220134598624009,7940.761392175363,47.15847226440209,BENIGN
1069.236468375308,46,33,907.8961180609256,319.99754317254934,321.0908392312717,106.91194806128487,290.33995570642486,231.50517347336185,13.428575575172772,1008.8806245040104,254.9361217647697,BENIGN
1326.548433799724,43,22,1060.8119930298894,469.24908689075806,359.5141943506553,128.17989589544695,357.9136008641835,559.7910883691156,14.64319703218452,9501.73838013634,78.11227205088439,BENIGN
1426.381868893206,52,26,763.9769767250565,5.616618824748437,1199.1175109168869,111.56711077977272,392.76579082142575,371.7672634323372,14.3333063438427,4277.750079982529,7.207972092156129,BENIGN
78.61585344916982,54,34,255.94465272570625,1104.2272210868873,631.2219016426868,21.674374524725792,279.7118162937397,663.8448496179341,88.01938892694619,3164.0864027276903,69.94069829626845,BENIGN
341.3465214844297,43,36,690.4742549670299,568.5865545765904,378.804395040501,16.695916812899327,392.8130379491381,76.83242711068955,4.886968939117025,650.6501300611562,9.216147587257163,BENIGN
85.9730569023787,58,30,399.1862763753498,5034.872585039512,724.527239558327,28.90174991404756,292.68522189727395,118.0547099538106,10.594364880876933,78.10115684943204,130.5842935577199,BENIGN
810.4982991156206,59,40,190.57764088396155,1540.0058776176477,924.0387288863468,122.9679914349683,131.334836253517,70.42200195751838,11.185344831971292,671.5355690180417,72.49262626612783,BENIGN
533.6663339591021,53,36,3974.2883468381824,1334.2310483031542,172.1802156609833,135.29020014234555,259.53705328794774,456.24810662682415,14.470296834938052,10749.356021797916,51.13505534603478,BENIGN
412.6172377703469,61,32,623.7485171022261,334.43811788126084,69.3578333519045,102.23107500778724,217.9644134980457,312.77510515617985,36.16602787554612,1327.1750969732896,68.6704053508134,BENIGN
350.1885653036253,49,32,1707.5642681911654,1083.5930402875936,457.3578959412652,25.42534332770161,214.69596474493284,302.5542693906565,56.20466425658272,13251.234905583564,12.384130023279036,BENIGN
1091.297263786332,44,29,1125.9618664654913,395.4864333063994,239.52792242727836,12.600863934391436,250.7152390024148,79.00034572225952,0.0646767979796428,6991.1612778927365,118.46168895867908,BENIGN
68.88365735912734,42,21,974.6066524992184,732.4582609719546,646.9028851116495,70.33007632066104,349.4543649308862,141.9649141538884,26.364968728445348,1327.712416157698,52.75991199525717,BENIGN
472.0209996191256,66,29,1087.362570363037,853.2059906084789,263.5866251437718,33.30774551607818,248.7185478780232,208.41724609854325,1.859941833239668,31088.480681702877,102.08465159105134,BENIGN
7.591618531415689,48,27,849.9687815427965,2224.971789416554,519.0420427236825,9.564666299142957,462.611827129017,519.3258127138503,56.15748354876273,899.5708354223033,267.9010838643286,BENIGN
817.8998397282467,55,35,2555.8298430966224,1956.3357207899703,411.7604380148164,13.07329080093772,257.9892796540083,447.6322479040937,2.709902655738812,3819.173426343953,158.0758838037777,BENIGN
481.4925344270289,43,39,171.861745550625,974.0274442580924,507.81282603050937,27.90577617446585,308.3254415535933,543.9778864659145,21.49513267183502,18265.097056157105,26.960502344332262,BENIGN
12.18238000979597,39,32,776.1587765561302,311.34649133706773,397.8011013228891,54.19370131548822,219.42583636705243,292.3962260475194,20.848827228658763,29323.902199426502,39.20627619282311,BENIGN
1676.570401485165,56,34,814.6925729779339,230.64366660696865,592.7122257948628,73.31606782316685,71.8836162792845,313.20647115684665,4.492364102013541,22145.740919828968,377.980649378453,BENIGN
415.326013068567,45,28,2060.7467918665325,2604.348364198387,387.4438174100358,101.96997226716336,360.8350426962797,553.5517581472185,55.12414933920751,2022.5553346945203,67.02033145337421,BENIGN
283.5001988145519,56,31,2009.1349590533944,1206.9415679034505,277.95557797761234,9.515147071733455,166.24587723154067,202.0333006301659,4.941165198697431,8692.674598140937,69.44432066997783,BENIGN
482.5363979743863,64,25,1473.0474375928638,2254.5154833079614,329.3865398744566,100.45037651127024,168.600277675274,445.62185516199287,41.96719603500009,44064.59498275597,67.66613192492757,BENIGN
1575.7269365677423,40,27,1597.8828490635372,1226.8968502896723,727.8831602316686,215.73713974745917,384.6821814685686,428.4739815218063,59.3493805861332,395.1398777357214,44.07597434190368,BENIGN
374.2422589800525,51,22,1819.088547040225,615.9990543423436,252.27946796762825,55.17811621162016,245.3863014638851,257.2432198429155,9.443157426885298,2455.440284574373,16.323709322180473,BENIGN
485.50081427170977,69,22,360.8668768399994,217.43698439333136,854.6891823765858,14.976042500155792,329.1794271072261,100.18568698182132,50.67330662026452,23871.018401872465,52.772212884127626,BENIGN
3080.223786441709,41,31,132.24796637885456,112.02509276399464,253.20965976512628,22.64399851893752,424.2830043861861,324.31054071071804,67.39180623090039,4292.339678180372,42.168547469406526,BENIGN
2696.4410253979045,47,31,1583.4360621567905,307.5358495334838,359.1750663340411,31.50484481319684,276.2407298847838,295.92921805290393,22.452963450864768,350.38589696476873,93.74638066584974,BENIGN
19.30116936558584,41,20,430.0477490605823,12.373904265287509,304.13508750543224,2.144767021646319,398.6631295315412,245.10219120741297,12.448697805926855,22219.61683157892,90.6796315775042,BENIGN
237.1485938913611,60,21,114.59701776129192,46.73836444038601,211.9793550998106,23.7486842898296,463.43453579019376,241.3494519874468,6.751829146845804,4181.694291764653,307.3524564714682,BENIGN
1675.5754032826771,50,34,330.9607703991574,2661.858496371387,42.91418031001725,30.958883736874395,108.70706031964238,981.14228319978,9.117215489725812,1486.1181276031691,155.51507505493623,BENIGN
3004.9581125357595,37,31,773.7331265600518,769.6762266609787,311.76035852931693,79.32610382106519,234.2497386697604,37.1403733915471,30.12001268914559,6896.299111212879,53.254274984295016,BENIGN
234.53237560803507,53,26,310.781384318602,372.37733903711705,217.22823883191455,93.728804909839,314.88156076820275,769.6268106663643,13.270555992498322,13649.267091210437,29.97945689053897,BENIGN
148.64537055384224,41,25,1082.742012146471,1729.9319975805388,460.54608479196656,35.47366256283724,236.53141981967056,325.89478886508505,61.70637094850627,16677.277673126835,27.5838133338884,BENIGN
460.8944761872568,39,35,189.4606754189574,5683.742820801963,37.01607766515183,136.58305286628996,225.08325264803847,309.3270710996982,25.63329705076381,10629.152271311828,48.14068660464251,BENIGN
535.8454514010092,46,30,1935.5466992312804,1622.1646274980485,802.6346469691189,16.563206876226197,165.1144755502947,455.372888403603,37.96879211014503,6962.247556820393,450.5428424659112,BENIGN
458.7721412896034,60,29,1572.021415764713,655.0052203591347,468.4343182138893,16.736650070493635,278.08349061237743,423.6163682823241,2.628684767561236,17463.201652270895,44.46186269598424,BENIGN
469.5588809727146,52,30,2155.181504634841,782.8470613606526,157.22068783001924,47.62089680860079,617.0738588125253,312.61034141001545,43.941292806117694,2422.9920470712877,16.915184221779448,BENIGN
592.4977233839371,63,22,1615.2658628529712,862.9230129869939,439.3978600810172,56.43251925591306,140.30807969929978,220.77211438655797,32.56915944602039,18210.8603737548,161.67998409386854,BENIGN
1442.2545037326363,47,33,160.2229714180652,1139.0644000151788,544.8750906412306,39.092527623643214,284.168206699588,594.372010256501,7.771970295377732,4990.211513779528,70.00852587128938,BENIGN
2492.149615784549,44,31,198.56187576688143,201.69204822650744,872.7713861266592,23.168117121705595,321.73215199746465,736.6724771512593,118.51158896712214,24064.678072258062,74.06654750942823,BENIGN
1618.115872596726,58,32,169.0655472538798,2351.2010705140547,393.05482678003136,32.80084088224015,184.7175916290012,106.53824020881854,12.591131006290771,5982.315930426076,229.8789949647708,BENIGN
210.56712846290915,54,29,1004.0571724441158,231.54284952854465,448.8723666610642,20.68908995448113,265.81772400652244,62.61058189188478,44.23087249822118,4781.772592389513,72.87635536527274,BENIGN
134.62364191664372,54,25,188.35486007901596,1231.62374247395,310.25688738717787,2.815237459016771,365.2220075538712,93.48458169067855,12.52894601890324,16842.4329519174,39.68909807488273,BENIGN
739.212440933873,57,28,567.8189178170383,74.15222584416465,370.9095845539501,23.027802543923617,239.02692608090345,258.30203592049054,5.576387375130044,17385.619629410437,60.98640847457363,BENIGN
210.64219054411348,50,31,321.8533673984103,31.91834399709036,61.68731951930234,52.85403590038737,339.38824847801664,136.57615872717798,9.18806809351422,653.7314266189202,157.81804237316825,BENIGN
1011.6301863237578,45,34,207.48280017291088,128.87147538405816,216.42903756274805,71.60868236158518,221.66959544344937,213.4703706942612,5.261313769422748,19750.481425523514,95.23544488610042,BENIGN
690.0364218488851,44,28,1452.88449406015,2653.259221915263,213.4797139446485,62.50418438274161,167.70161947325272,195.92990951162972,8.258085540716346,760.757124159381,78.69814287980704,BENIGN
4495.467827117785,42,25,806.0677568703672,513.2072821041912,88.42357840819403,66.77175482080409,140.18637848031796,284.519255014299,62.84289213015966,9184.670357663355,347.917162679955,BENIGN
4334.833584320393,57,21,1961.7708495553916,647.2938805459922,796.1344179274854,282.1592044527912,201.50671317367056,116.82225441516034,50.40343430237298,14672.98730930881,3.01110066574139,BENIGN
100.61021126280096,37,29,1076.2005246993135,2045.3791994050955,256.20750396146923,2.248707808380606,273.7730433058807,219.8888612093047,15.316336455990257,2611.2952321738903,34.77409543711542,BENIGN
5.775305516253854,42,29,1043.1836533847652,25.742248161853844,154.380726788546,14.366159139649303,409.5396755976657,301.8455008882908,33.519766362604315,4528.656644195874,175.46961416575363,BENIGN
782.407083207746,52,30,48.95751797505456,527.9932418150509,372.2197567740719,33.65945939032527,375.9888877544163,223.86535736975304,72.35818867412254,1613.7459906651814,30.876822520841053,BENIGN
707.367099558632,48,22,179.8782095901004,790.9455247389428,180.8438134506084,19.620428032215298,343.79746307012016,133.38611028630828,24.24829138713039,2506.424969225553,27.98934652176516,BENIGN
2006.764817913147,45,26,3142.7298919043747,1122.2893004264592,507.3581832251905,34.96529747183291,332.06437940905107,218.69989864478356,35.47170144945794,30.05216899822023,10.255555400913336,BENIGN
1317.6077791304738,50,35,5440.376410175213,122.6687843046772,568.4020558884265,54.327484870338886,333.6325934169879,662.8039270590613,19.03439669215035,26524.79362776496,89.12034940017097,BENIGN
2246.118512465589,43,34,116.31521468866688,280.015257717482,828.1443766908773,53.37035860114291,374.2106175050191,293.2015017703256,17.336040734659093,8987.967288941394,4.936166223142298,BENIGN
188.35486366007396,47,36,251.9019400582389,407.8728865099646,646.2137577953321,111.19165988851994,284.8015961132615,275.5507283603887,65.2616072220444,9517.62101417774,22.98509963431289,BENIGN
85.15489988895617,48,20,2203.7550686803006,173.84324807875433,243.33929106898884,91.50718546579743,238.7195863967152,562.9990252870169,4.766244462312764,10747.918219735728,160.73402634865417,BENIGN
447.8099755798221,43,14,613.3718089085373,118.50876660682783,60.2743271180456,4.5125795861416425,229.414770738366,573.1576812670155,16.24309276116486,14921.455659986146,30.70146386954901,BENIGN
446.5850242077447,49,36,76.55124154873737,562.7181289499638,128.75722023510144,105.1138431081348,67.49429742783946,120.45120113047572,4.817160305434813,918.0502503752462,90.52401320393146,BENIGN
1115.1550102972933,50,30,519.1761478240569,946.136224443164,498.3145885543013,39.54736185963086,311.0438461591738,317.2192941210305,19.25879148545508,1867.9142607935312,52.865823672425584,BENIGN
1270.1189397289663,56,30,270.31781452732343,1586.398318161837,241.6723425326748,83.85059915020571,283.6950594358593,717.9615149786141,53.229457201217336,7355.217664517797,13.948776640626928,BENIGN
678.8884896425268,52,36,2564.8489932995776,1014.193589571631,774.3897604566401,95.14671232439278,332.18253169030584,303.7519591876689,5.52394806461185,9974.561556419523,120.53351760647296,BENIGN
3545.676737763038,54,37,574.5791466890214,757.6517966894835,278.90509849374905,2.5713695350981074,358.99661341936417,287.89684581532555,47.37151831499841,12199.351234612875,79.8871822551122,BENIGN
76.92926551379635,43,36,368.9805490178052,113.09710409862264,1268.37227411222,38.82139072134256,441.13331389185953,701.3248058051373,30.61475506487725,4600.870297395444,272.8227334069478,BENIGN
1529.6439433665464,55,32,246.65148996963168,2618.504209853423,436.43735742587256,16.993730468562937,310.3884967670373,28.264013149787534,0.4645802632341789,27588.325109561403,36.49007154286409,BENIGN
219.9866518938648,46,21,33.968793250717084,754.2378358278436,1021.6062988568848,43.27007486338588,468.909079041107,147.94733881275778,17.470896350866457,12243.820097787664,357.0611657561196,BENIGN
1757.4954081989688,44,30,319.2558857425944,760.6404652041414,349.1137384226378,66.0251224995374,210.0227072736457,191.8265958226437,19.05470781410449,2256.248004686721,42.66075736775415,BENIGN
307.388341009099,58,35,644.1766502720565,163.3038192034294,274.75839634008963,48.40691061356191,315.9811899462041,313.5550054550966,106.06855473012772,13236.53973493158,6.572506438954752,BENIGN
105.63340146874664,41,35,138.08152957662597,1138.7277341241763,153.3462868970474,28.52896284223804,120.80211024994026,278.9473327658245,9.858390665541805,9593.264245801163,105.81406058085108,BENIGN
6.065400592387342,50,28,1468.8689735663063,73.0097089800283,309.42229890870755,199.625964275404,393.5505053286745,398.0574114887028,2.0611894365631938,18632.238914505084,11.178783453932196,BENIGN
1816.25964092279,40,29,1496.0806851199377,570.4894254044494,570.6736745036295,78.20159508945062,123.58292194837269,127.18741214933831,21.361566963896337,12474.435232708118,65.23896583657375,BENIGN
141.25114015268525,59,30,579.1225321604298,672.1151195928629,250.212374906526,31.67452653588516,284.0329642040575,122.19319699763352,85.37270517730845,19047.367328777957,107.18117371999168,BENIGN
750.1432503493903,51,29,355.71956646541673,1757.5130819051735,447.6627246062232,104.80067441794618,325.4604161693845,310.3318594319459,61.723788377538135,1186.487232479072,33.38659351779397,BENIGN
12.231269408971247,34,26,1332.064658668501,549.2606274189918,223.56997988216224,29.62601242055344,331.7541976487597,593.0248906313736,34.92185106837654,2666.194888394948,120.97548950408344,BENIGN
1614.1425697063462,47,34,6360.964347918798,70.88682726108775,62.27180758219475,61.16812886497007,514.1457436078686,168.60220116211235,11.472163460459598,5487.468057650138,201.2601888775411,BENIGN
192.22819045912152,53,32,3524.568094456812,782.5712522767049,480.86761849194727,40.38971122402977,333.6966499154636,230.4729988591436,8.169426000492805,2746.0132848912453,167.8466883784885,BENIGN
679.1594104632081,47,28,1289.8388488427383,535.4537141291357,170.14437087971783,52.000010246829135,233.69993956646303,206.59152157429247,0.1564808629644374,7173.960690352078,41.69845484498245,BENIGN
408.1469825093086,46,29,779.4119334570617,69.2209524052214,73.32375560312107,160.6479696485104,311.20602358121795,263.1117661967804,45.974782667576704,2965.199478152456,82.70511533946251,BENIGN
576.5712967708981,55,25,793.3146448597696,173.91356341917836,404.53893564739127,12.002419284429497,235.3117322360756,155.9014961038255,17.975384955849954,1401.3632331077008,0.469023762897412,BENIGN
1828.4555642147864,63,31,187.7555840045412,212.48198208350183,320.2638821984772,65.0243367147953,251.99774131601333,257.05089156202456,19.8041408216735,7285.149435964966,151.4028563000193,BENIGN
2991.738525033436,56,29,2634.862490756667,1103.5592883476909,303.5562731175204,121.77330580451932,415.1321583896498,331.8205695188382,35.69446651076235,3551.37014669222,36.59454104182469,BENIGN
782.294585687126,41,32,691.626656433065,1610.6364808642431,174.4377920706977,35.917830142187675,400.23510029313087,57.09343310565124,12.753886918632055,18269.474653056728,1.7664230375621826,BENIGN
260.5414369764079,43,31,92.7717550517096,1466.0273960168456,1064.972459743264,16.8845959523375,330.5353913735264,226.831295804875,2.2103601902931898,18331.38747728844,21.596294868060475,BENIGN
177.95404485243714,41,35,1683.4366069766284,999.6301637086988,238.75447204112987,11.664301747284036,362.3365333377109,267.3469890690476,32.283426724433546,27419.654082987512,27.151825655554173,BENIGN
314.0422865163482,51,27,2358.6467263335376,1262.127689855725,137.92353040700826,9.986274324145196,294.0770225141778,518.998009470261,4.8349360168132325,4124.027280477224,218.550694206202,BENIGN
1403.4334383200408,44,22,1382.329902968426,403.5403033374749,370.9435586498875,43.816938134698056,395.43426865369776,406.46572572042857,2.4226337023131634,7002.089307732309,105.026371680106,BENIGN
541.5336391128353,44,33,494.0185921206896,244.05387751287716,139.84823446720816,11.476941732839382,369.05715730620864,315.0486139055051,7.911698424740393,2315.6463112163037,268.509139449413,BENIGN
1579.564273602735,45,19,1889.232386366558,2348.7259233721934,396.8237705753168,14.914764248120717,381.5049481160777,152.46083716307993,21.266888652916123,4075.185425619357,121.3256761023523,BENIGN
59.838768608680674,51,31,1250.0136918405597,317.59618871031154,635.0565563185376,40.66267061959565,420.6741352443282,160.94839489158065,15.119527838033894,16989.02472474669,19.754734015488538,BENIGN
1214.0869768808548,35,47,1656.0339958424292,4536.447165501064,256.3251554868015,60.88335219795881,274.12420899915634,174.98508112197155,17.41507565825327,3367.553061742905,266.2324403821437,BENIGN
381.17641381441285,45,30,670.5680574256766,919.2779519878133,348.1627355250661,61.37206045983892,353.41893442053066,325.74861801234704,23.16466423223506,9153.850853277778,95.05004402847024,BENIGN
1803.644794246297,59,29,71.53152406942746,1037.7030284536477,543.577983675545,21.738874524681545,153.396981682326,875.2168553821732,15.089321102215008,17117.783428313505,78.05327314895145,BENIGN
424.46057617394007,43,26,222.04742386442956,1109.155618044957,1171.2780985214642,0.3982690843909809,264.2312235244737,449.5424382428342,30.189072794424508,21622.65331075016,2.617909990368457,BENIGN
13.959112564237628,40,15,1369.196148958742,1270.0981387325749,1027.7275600285725,146.10966923506504,264.97763553339274,220.7749802186108,53.28322221859226,8363.215038977743,16.007078282945688,BENIGN
206.4917454545804,51,38,1378.8335195652949,385.0659970506045,159.99369431744643,164.66907156573228,320.7311777948992,537.0770849432489,36.29778718539806,18751.45247573722,166.06917632903912,BENIGN
2235.769839287117,50,34,926.7988568508122,1041.2899793030829,37.108243632744006,35.078085732515284,342.74776295077754,103.45452246412302,2.3043910656729847,510.6430990490057,5.271946936907881,BENIGN
562.0929783514891,47,40,1276.9444124917702,2449.5331958771403,474.4060714992745,13.47813196638294,115.7412098945887,157.68093876473998,32.297142328349544,10818.875481671806,29.361461724145546,BENIGN
69.60110652141279,45,38,100.44058202641898,3354.5775074179483,268.1720098683838,13.14294283733518,400.9236610632315,242.5077911424459,114.23708560997954,1844.484238901188,0.2389496569221918,BENIGN
1548.2817930749604,40,24,525.5822566310394,427.3357260012929,572.0119031460683,60.24292606137314,196.9438179421581,862.0815219556462,33.23405254040223,9789.848250187004,123.52360747225636,BENIGN
89.21102898989729,49,34,1564.5060335016235,212.8816550743998,312.9665338984354,33.77646969334276,488.3137839605965,448.339969287757,17.80296922973501,4113.851787474105,7.757384359912654,BENIGN
22.156991989469397,46,34,2149.7587176495867,1918.7156446612832,51.052209733142575,31.9647697692528,279.8977399931319,704.0321945092024,30.07622581558732,4580.0066033786525,83.28011501551664,BENIGN
704.4794557708601,45,30,1655.8354562035822,290.65105727575843,159.02198055852847,107.7251646828579,257.3086130227797,161.35131199883256,4.679866598962984,18756.1650416853,16.642276849228082,BENIGN
2226.4085163237464,63,33,309.15346820606374,241.1639405008989,236.83505844878744,102.01689945559129,320.3027032467198,477.0345787923725,36.3898051547606,26400.52073124053,230.67765874424384,BENIGN
507.2579937424304,50,17,24.18972387786953,536.7304173677645,256.0152315723533,15.104397356178604,271.34263375503133,297.48397790563587,0.639194370779224,6490.546356072912,32.32349975802736,BENIGN
2151.444375888644,42,31,530.085868139105,1099.9442693759554,513.0483752105417,28.628106908835832,264.97564036879027,482.3881818931011,33.82792956453414,2293.082794961562,69.61893216707841,BENIGN
39.776720774783136,43,17,3597.555325037496,189.51924901732917,164.4186413666558,45.79528619214691,570.6500717463089,169.53037531089873,6.866911134572427,4768.407464249505,68.43472486995874,BENIGN
553.7566192586073,50,26,658.3664346503343,862.6176599099391,930.20180296795,81.18296917164838,249.2124402536913,244.94783650406103,0.3829946780560921,16617.46349089234,105.952089339699,BENIGN
925.0481327074116,38,34,147.59469830306554,334.4376822658572,1392.1792672055594,19.29124427024619,229.95551262821036,160.52812569895377,52.7755080079204,4015.9715617227816,94.62798586967364,BENIGN
423.1457534858858,41,27,1399.894266495213,63.9335690821428,249.2714185879464,50.24886334218544,283.82832155735025,182.70321460999165,19.314360543484817,610.1068561422587,50.59362558695155,BENIGN
194.2257700233673,51,31,535.7836606968932,181.86248922614465,350.5243205278461,105.0545280236686,32.97759488785806,114.54143373328746,11.735792417030115,8249.444663779179,37.16344799371923,BENIGN
444.4614016780681,42,24,79.48160026202,582.2247412749884,170.1373938251808,56.611554897921565,229.13403674149828,70.69597669567167,1.4667744984914493,4924.079407966382,96.10561468509825,BENIGN
25.77715439667666,44,35,3316.811521915295,537.1419690990261,503.428977944699,44.23285273246698,293.20456315775925,139.17179253359126,3.8586448195978784,2661.9247250639214,261.0829611247485,BENIGN
318.31174220804604,54,36,5156.524824199456,1565.880238624405,174.7903914838834,101.37668315180122,359.36430625864057,44.97594376388081,9.2510320369082,6425.196842735594,64.40204854308192,BENIGN
1386.20555887121,52,28,972.4919944338044,701.2438489983024,187.72177898499976,122.35744109124072,345.94379638530467,521.679934891094,41.405170371118366,8189.437207215891,49.619960871134985,BENIGN
2283.082010066477,59,27,48.33249401672854,2270.1573803238603,769.4064992663541,10.121176401567718,396.151142449532,325.04739256779027,12.414105251705292,10665.528678938625,86.58290278922797,BENIGN
1011.0887957798544,42,33,3503.7257350511863,467.6153638105552,582.9936729615562,38.432742242031495,223.6952948875232,268.5103179972438,5.211566919683369,5864.5077469154685,39.17339006148464,BENIGN
1187.283150977474,47,36,1193.3477892220794,1401.8461832090543,1503.1107199435926,0.8856720296414035,255.4784198751076,412.1686375928459,52.75219396447792,4380.728057739317,20.2081605944858,BENIGN
161.6363423177122,43,30,2243.163440981407,1018.1481497526707,342.6865951358992,65.1516397824545,294.5095180638603,237.20807658124392,16.552902962219793,3041.7255086631367,291.2353745877176,BENIGN
3400.842016122056,48,39,14.75415745568994,835.8604398040322,226.57100053195788,35.418040375491245,271.37426102614046,261.74204012011614,22.399022949781948,29031.17896516932,250.12640032746512,BENIGN
141.77056472400685,43,25,299.8659086550852,1403.2241369224862,416.1764486137759,52.46935906706967,368.7004064962324,842.1334427536477,7.504133094883244,470.680655593774,50.01967750841022,BENIGN
69.32179560363473,41,27,3623.777386020272,1.8044770250747355,289.88564307798725,11.978275882469484,356.333958853188,115.60848136422584,14.986441194031368,9839.264765529397,52.19805147296416,BENIGN
848.1003370649202,48,38,792.0492745812091,101.81772521845498,197.37921172727167,123.65603528794692,243.10488787881425,98.90127756635458,38.18681124505178,1514.9601150232118,145.9665173161593,BENIGN
2173.1525955061657,59,26,1339.287263940752,1279.7279416911647,554.1215909853152,66.24182979744889,155.99276863650624,235.06506711299053,1.9355823125150644,9535.26778470525,235.190147613173,BENIGN
26.720816866511363,52,27,183.17047428889808,327.39949045553675,289.2522865190708,36.839346621399045,447.8132195749189,332.9877713707307,27.317546571710444,741.4679307947608,80.7083747325384,BENIGN
118.8273456974049,43,30,2308.2592976781298,94.54876103058808,398.200777482328,36.00944290405832,325.31838209956527,300.19128784499264,23.56063620211463,5243.775603976785,15.125409845191912,BENIGN
1062.1623885347033,64,34,2675.631663592414,139.3846497180688,160.44560546073302,11.3229372942898,393.6000871192576,28.37025415803582,77.77859588439664,26070.130081055995,340.2353677545425,BENIGN
168.215846863097,46,29,1442.7500847152924,1886.723639170644,295.7090288477637,4.400881679297799,298.081829672527,5.058168126426924,5.880469173724219,13181.488690166452,23.186947456174902,BENIGN
796.0875862478974,40,27,3378.062557942692,2029.019101211456,114.28168484233734,36.182368355731256,393.5859903894468,1081.417606105478,17.37694482758035,4648.975665267463,24.242484305083718,BENIGN
1103.261475071069,54,29,712.7515306637684,415.59613629168,232.618475804622,2.506917944300308,234.62436904138812,341.16061463438626,26.4320903673135,10064.825489400906,150.0287025865207,BENIGN
1090.0183808326894,43,27,1355.168030478416,199.91803986053932,738.739736270825,23.703249515607236,306.16485595913264,156.15979327875294,13.494468234490125,7920.062157637979,28.557725791242262,BENIGN
1825.7181108184427,48,27,202.90879815610452,2181.4158348562614,697.5438244091766,61.57653918494898,260.988535500054,152.6309903121505,41.67654349212398,2652.695447508167,17.69698149046274,BENIGN
1131.4601339820856,55,32,2281.006802654911,1600.125976271239,292.1355472344816,13.256146729990125,142.95146854255745,341.2535063031865,52.89903879225413,2167.208442955269,201.5437451079634,BENIGN
228.71953383094623,49,47,928.0270155626728,602.914782168649,604.2863307813763,22.231785177028197,452.7266107744541,125.80570543297674,3.82239130355224,4779.081135863203,161.06950652675403,BENIGN
423.6422441660145,49,38,427.859273304797,337.130233814129,975.1769051878116,63.885343653322046,370.69651294092046,486.13318880233976,7.349781911732837,2008.0252215004932,14.440869465569472,BENIGN
181.4677957066348,55,29,1023.8906611278856,755.0198029595368,151.8185865459919,134.68661517683594,426.3375750516192,106.94326852516772,38.72135235689578,16414.086419844345,18.361746261796487,BENIGN
1926.789767756658,47,30,170.24183870143,830.1391753468974,1017.029152676257,66.09867004126143,296.3335524746208,258.8690803748007,25.12966509507796,1538.313764123504,217.69781716741065,BENIGN
1029.4456297007428,55,26,1742.7636457020242,1272.8239242579248,223.1876004439193,7.453855931755644,360.6245583989073,176.3884602295927,71.44446630226682,389.4739028313636,238.76554428533817,BENIGN
1144.1413510203515,47,40,79.20340221739443,1334.6283353039223,176.45318009137475,354.2611608548599,398.7674180452093,280.7917643881166,7.660706189525293,2796.102225768393,437.6409043753144,BENIGN
600.3620484245429,48,32,886.4784744749824,946.0418391997316,1400.549691581061,27.599143255965508,460.3249572330991,21.009903954907085,0.2554027134006108,61885.38201175868,89.29657817691178,BENIGN
333.7621802617039,38,24,1069.4374392325324,272.7973286144048,372.4848224273047,15.897253132499255,238.11367081958048,338.8677805797043,17.239029520428282,9443.992566376424,67.30434185252679,BENIGN
4845.41405265386,45,25,1138.415802071038,1555.617508891912,134.73211938817718,73.54991980108795,272.37937467922296,141.57984875566626,78.31413858793924,5191.009395304181,306.5202752791433,BENIGN
449.2915972898056,46,33,152.1575828040955,218.35254259172808,211.70044623178012,26.345343516615134,438.4122976893811,286.11679058272966,0.3836934409392687,5233.961012286279,162.7727007083175,BENIGN
145.27703333957547,57,24,1410.0765266248395,1785.290894672257,1174.5152548612602,16.566030993521533,248.152891172034,253.9886429334252,28.64667331146977,68960.82711742115,232.20585988206088,BENIGN
408.52720085878514,55,40,791.2428007033861,2609.513253614906,259.47123786885896,38.26764643005533,463.6830497105343,364.5966637135929,12.480365633884023,11263.710048838251,39.92956599008146,BENIGN
7.693552270400302,45,25,571.0578073483052,192.44019699335095,109.91060671531014,66.69140851433875,349.2927795228596,331.7964406432684,2.3713085824673046,4618.419757511248,6.883669229128318,BENIGN
338.4673668890539,57,35,2007.547906408685,426.93641982946417,246.4381775146308,76.2662719361366,330.8499594654536,350.08425377823824,16.909618663782158,3678.734935949564,22.82900364088267,BENIGN
1005.4062247174016,40,33,1341.1621290435462,852.7450160588462,485.4312616115278,41.50095693193093,146.40265825116643,404.4567868202983,1.723342917076643,2367.645757396544,69.01899836663166,BENIGN
1303.3175780816855,55,28,1296.5439773187056,542.3344282280189,808.3905368040225,13.711794265348376,242.72535484928616,1241.4074818467295,46.19093280747043,2863.264767333211,67.00440847958242,BENIGN
544.7461485452169,50,30,2210.383389105412,903.6138907456703,100.4455192328746,68.76809304397344,393.5187667479984,40.49971150141757,2.19951800964845,13282.792682186451,210.22103856127137,BENIGN
2648.292594543428,48,20,488.07588164535343,242.6965324034126,861.5546879554381,74.96459331122003,321.8031913183337,429.4743831048834,52.10507064729734,2662.6830273639307,162.8561100566036,BENIGN
334.4579966637421,49,38,1564.3385691601006,557.1092031037343,315.01763642506046,32.1629798960608,297.36847756695346,226.83376820846652,17.44479777765255,28001.63228306585,42.71686547660224,BENIGN
637.0842867894617,63,25,1491.13550639929,1504.2512954980682,170.6682247842185,49.6874394278669,336.6880477471764,210.50427604111763,5.043130148611676,1551.7942336859048,65.83092099357589,BENIGN
1528.6021235958033,37,36,168.67409141876593,39.64040393213563,609.7458863985507,92.14028007203343,219.57600781302625,155.49586739214334,1.5351530305251742,6637.984178405878,245.4587668652773,BENIGN
624.0662164664813,50,35,3063.5423231313725,1156.785458693303,396.9188290412726,16.228075126390276,441.9456183233841,302.17470455250674,13.154813779271867,13839.21092233276,290.29998349478416,BENIGN
1474.569733059262,57,25,491.9691603662374,94.40426010831844,155.6342317356085,45.85866619439409,306.5686666080468,120.07095350984208,53.85032203026084,1811.697757898224,38.271593188384735,BENIGN
172.694175461279,62,35,1608.769504820983,849.8381267183182,789.9753617098621,49.2943868307382,338.8675300176922,224.9063628869881,30.00501264760533,2419.886281116932,141.44433774514567,BENIGN
784.2823821777635,47,27,361.6707985838318,554.012712398733,301.5200678800476,38.911645333772285,419.7096248519951,197.5645685238128,0.2239455712204217,485.9725632389543,89.45424376524149,BENIGN
2063.9079905255403,64,35,2210.637551605089,816.2680983542316,586.2830515526831,101.16841076018132,1.2712906054043742,340.235848118403,4.562966181256456,4098.14077692156,99.10993463809304,BENIGN
51.89674360981235,55,26,612.1772542979559,193.28951677967697,114.63119990175264,57.81217526149434,213.12336046066665,222.5421455185292,7.359716237046243,8479.099687447748,167.3606828410688,BENIGN
118.3253076111503,49,23,1529.2322450441477,2353.064815277716,524.222912235546,87.54280962271488,345.8360253597553,203.58552463999624,1.189226079766814,1995.3182948672093,51.74405421222816,BENIGN
204.38859950790572,46,36,1004.1177699748226,395.1287564666098,262.7713446719342,44.05218526474399,492.171879107792,456.0941478238263,65.60610784964923,7288.54187448944,73.71730624074591,BENIGN
518.3998787738292,56,33,53.80595492481216,175.5562483489188,319.9785529382084,113.34110410161982,310.672002090079,119.76787235348613,1.476989681903653,16363.171597296989,149.34401528456658,BENIGN
117.2122473193504,49,38,1019.4381468736956,317.095402945513,631.1621997765589,70.63858348958844,387.331509929217,268.563562032321,23.873508237092043,8595.075625652382,60.843385846006335,BENIGN
347.56208426709514,46,30,1062.8445844374876,500.6999389881112,131.39847480607563,29.984275984941807,486.3165864332415,426.2070203354749,36.50400572663147,7514.000954450082,340.9702651049193,BENIGN
558.9382770530614,49,40,803.0606001377736,569.422231720112,546.295207655701,28.75238446744469,377.2898346447603,89.01633503669166,132.73598668290398,8271.126549359697,49.47214470302872,BENIGN
206.33346355455015,50,24,115.1468659005522,1097.111521338796,672.0276303138705,73.4664219033904,360.7714344169685,208.95278846494932,41.6585859070561,4636.589231257396,13.82114620603608,BENIGN
134.15992141991447,56,29,444.5145881191231,755.804125750892,375.14872288726025,67.6811521044609,347.17606847242826,416.8617174267599,8.956000610427175,7265.454172926591,10.341105667050606,BENIGN
375.28619848408925,39,26,805.0211072584759,1704.512310838295,327.2880040119118,41.703194963757454,518.0185778222003,214.6546395753187,3.985247288153461,7283.850348828033,203.3683035077177,BENIGN
3542.4699226222533,49,37,2713.838925753156,1065.0877231828097,343.0222683566756,124.20238126919622,287.3449655141534,186.27468437743732,36.97644999417593,9159.602519968565,52.98159106738611,BENIGN
98.69603918736055,52,20,505.6763893491525,500.9504512658129,612.1889231562849,171.99456395421643,335.53027418626334,540.9334045047636,24.58710758845306,158.69860123890754,179.7452856650771,BENIGN
69.6244072573011,32,25,1561.3253032627892,1091.326027210351,362.207105474786,49.47807899055312,103.84194571454825,124.07339366165468,12.947475339888172,5262.918214234454,32.62491363643312,BENIGN
152.2181225463228,44,25,2033.1591256465604,1248.717341460843,240.7486311490132,53.05306731249591,346.3572388247943,87.09788113244333,18.323522073882188,3598.7786701691844,72.10828401383968,BENIGN
769.9729842908371,61,29,252.10773960911237,566.2558742718627,139.71850128784487,116.88438137594818,367.6397413116149,573.0538718989221,0.9414483984607808,28738.656509827026,182.24565536410887,BENIGN
607.3735091953125,62,17,1447.009628921889,247.51045035882024,326.52561922873383,22.586421321099944,280.20768649526195,106.59501424602708,7.217986082799666,2305.19232994244,24.650753850623992,BENIGN
6096.553548607159,44,38,3834.1098266666654,1321.5858276800782,629.4080898098343,47.06957832447142,408.9521379949872,120.35337403582844,18.69105838995171,22393.61822533705,33.95711619995236,BENIGN
499.4271640815944,54,42,1387.8888141138882,1406.0371169037985,442.6772841020391,11.065239264209024,456.95577476467474,155.35384470667148,51.30186136506567,6951.458139057726,67.14606680247938,BENIGN
311.41846722572456,52,35,1257.6750514580942,3908.378256966619,95.1725297551368,139.3306269734375,402.4447183309205,798.4245206873052,1.090946744709859,3584.176417750861,43.63498898512445,BENIGN
159.08187931483596,52,39,819.7333340830567,367.9430121273176,138.9143571409318,20.68746978635782,442.7059403950327,289.71930543877824,7.269399148251056,13880.42999518211,119.84209641033424,BENIGN
931.8477025886182,66,31,2561.9336931814014,755.0405744475563,681.3743824397513,16.846546517388237,17.43393101153322,313.1331612430745,12.202826405122938,23084.69295836498,91.02419302727924,BENIGN
4823.667950531431,49,27,3550.4018336620784,327.2497372189062,482.0452565920544,117.81076475977925,317.802456903209,139.54155726496415,3.658250047787956,4085.035645193918,129.8494291359299,BENIGN
835.1271708032459,62,29,2540.196740332567,816.1944027819002,527.7538159019417,65.32246798460388,316.00443152660915,91.41570682731664,27.025088590373883,25865.630938222563,45.00126138026499,BENIGN
141.20291903516645,53,24,1102.4021205476934,119.38604739116955,159.702316934761,111.4410110821066,338.04544276270724,147.29728235362523,13.686377074888188,7353.7700266103475,25.041077148138985,BENIGN
1777.5558462914232,50,31,638.4413585006264,2767.6564586496293,207.7297487157537,87.55900976236889,222.7886999420104,210.3763025275006,141.85391004958117,32064.441228837004,5.352617907043919,BENIGN
141.06562970266043,46,34,214.38670501308016,1167.1238617640788,189.44465348960108,11.92802036389262,394.7178993082009,283.02463011962385,110.02767741216527,31087.059621197684,85.27227612026213,BENIGN
529.6525362049009,56,31,28.85098233780969,471.17183186730847,552.9445610218703,2.9750187081027746,250.86331825258168,191.719128614468,44.67073880856973,687.8580493453231,76.03955712159441,BENIGN
2192.867135568108,53,27,4975.293171810802,287.1641765398328,107.29805198506811,16.640522714846664,307.4422640234927,306.9055534666094,25.267580239606502,10603.641176581628,13.191626943599502,BENIGN
1166.7785960571896,53,31,443.37791666136354,1137.5568903115422,247.11919325203047,82.18031813850324,231.34163436021575,501.71570492307234,7.449122653670401,1471.91260513667,79.71678337109849,BENIGN
285.8236465465313,31,42,3144.096599560083,563.8449050125791,362.47544010346775,29.27886133453382,253.8776622233564,145.16769552953443,50.704435276264,5071.672041313557,10.548753783368932,BENIGN
2821.8454035853947,61,33,7593.645968753138,579.8525684075772,175.37724559248778,33.02919444455734,394.7101834505667,481.96691305207867,0.3686425129562705,30541.15129453771,96.67415926811006,BENIGN
1163.8615981336584,57,38,4627.559371106854,2028.0344036634256,303.2197959140195,99.58526111051135,308.81238158569903,697.6529490917078,20.08677120333576,1998.1101987602704,96.9474801327712,BENIGN
1190.6427327993415,61,21,104.94265846683018,431.98065694978,721.8684738265465,24.378639084510308,289.21275892100545,201.78132987880645,17.872070057800453,4218.234242464102,11.050265415270484,BENIGN
2786.1272652612406,53,26,174.23965906454293,37.60212463834897,77.7255985125148,180.13011192341193,249.15603304622624,635.0805907349096,32.4353040456354,3300.39780911781,49.0789876156006,BENIGN
1000.7497048351262,55,43,642.5612328177435,38.76658285587759,721.5637225867132,11.785644044821057,315.40527215805395,413.8815363398592,14.144226752155522,6192.798181093972,369.3349951257022,BENIGN
2753.2665471097384,43,27,3503.557446195066,984.1749851651888,42.636589641008825,32.381108836515914,118.2300043245214,230.81835433423836,7.079826089590728,8693.06481899215,106.67763060198573,BENIGN
1379.739307169751,40,26,227.78154424076627,701.3092977105507,247.04641894810464,25.135930167519195,384.95703396170046,275.79904747910234,0.2723532894144735,21033.87695016221,27.460236693016714,BENIGN
2215.0829071496346,38,28,88.38107620976648,342.15791765546004,437.13063329561567,16.878162862224517,202.12789625135304,260.5130806399657,1.9492342383440044,23595.425829979307,106.32036648440972,BENIGN
187.18339236116805,50,30,761.6784306067427,1250.1889040142576,283.8458844751619,10.701446311835063,337.4899517117888,110.41929140448272,15.841347208708996,17309.7976990829,5.409834377109756,BENIGN
363.48536139772295,48,30,4571.22263466133,189.95384526815457,452.6453983869002,34.87161884359178,272.0456892274124,250.830229610985,5.648869790454349,16971.52465778195,72.26442141604674,BENIGN
290.6745724146154,40,30,2292.4288164741424,10.207546813202343,582.4186214683664,48.22604972312134,335.73049726492536,36.75419926418953,81.56496154885004,2570.6434970623704,29.31814380737721,BENIGN
436.6294487848321,52,28,349.0239412877873,1209.6145804307175,107.95157515199114,47.14148745653708,327.4888017134469,319.6936982948403,14.74733135116822,329.30382037077817,4.530335623494717,BENIGN
5.243335834244976,47,25,753.2499971615351,1093.2326544077405,437.34191479937215,78.65183357839155,448.3144376347248,506.3300525329907,3.670845108789588,12208.189543345456,138.72438535159506,BENIGN
340.2469648986117,73,29,1934.6597523347805,492.9248964906792,1221.1182703818222,49.61079905708129,316.13145321876675,255.4903935796637,7.6616901755186015,11295.282328859064,86.96763109908471,BENIGN
426.70405559453656,43,26,160.80726308229652,359.1078692757355,186.9683651200128,0.9645901183587424,289.99542643889333,567.1938639848868,3.0677928283362244,3970.490882088276,4.005381268739079,BENIGN
2724.683349435252,56,39,247.95725210449623,824.7078921326315,106.0826263402904,9.03262685621837,260.03928918859833,558.0811265289841,48.90599009091076,27753.323051637875,8.260749599499464,BENIGN
1873.7439572116875,47,27,1703.7505446897594,227.25667396972176,142.76592548219068,0.5716363080984779,237.8762626067409,1209.3219574124394,16.40696936422004,131.81178068105297,303.9835994667071,BENIGN
356.5593956246741,54,29,8310.120567647424,2327.6365281504472,353.34975232145445,112.10375443222632,398.977257751729,187.1340769079895,7.644505771884343,14479.013551597896,159.32419410919374,BENIGN
1305.4121294104905,49,34,1355.156313897373,1119.1462783370353,284.9576369598703,20.37916303511153,271.71765695237343,107.28739590718727,93.498193893533,7040.717118157728,69.4764887612548,BENIGN
64.4932886875834,35,31,465.0702849096453,236.2500943957754,1159.6813459324278,5.166918085118929,447.4948909729027,98.82742850173202,2.454616273189432,9469.484785843004,273.96947750710945,BENIGN
197.6764606755113,47,33,1891.9183261497976,84.76191469139305,597.022154059418,9.874073746571032,409.037475349708,48.48713613232888,5.766666241793118,11745.393737809794,16.75544083773325,BENIGN
620.8911092209177,43,25,332.5057505252157,535.6469923067365,183.29569027024584,20.13502816153307,327.2599715789205,552.5324230614632,12.597919741955126,3679.22953416448,50.4421968483646,BENIGN
3962.652213142971,58,27,50.2687778984462,1160.003103457298,392.0475564518168,28.408926888963517,492.36906793102605,634.0719524144293,41.221101227757295,4474.71715118344,87.02953467874308,BENIGN
3161.353569773724,55,25,1842.196521552072,785.8154789932727,134.21440050005853,0.2214359279451515,247.86678318248156,300.47131523805166,40.21206899177668,4100.045926339489,49.202692497741694,BENIGN
847.7157965038725,54,34,4133.916839342929,246.1826010533144,206.7872347348405,26.91995057566368,394.7751272726866,85.28238691764557,46.37713309468109,381.92172935440175,159.80992438295056,BENIGN
632.3543695829262,54,34,2832.445521759974,1774.8055775177595,163.12869891516723,110.73287377714507,240.3068175026219,549.9854045146117,54.11788707750095,9031.465576773822,36.28497521931183,BENIGN
2609.9774492099154,45,30,575.684250825426,516.6952075369917,93.91663569881833,69.05558885458238,348.0512216215231,453.7439198541922,25.191828809478277,10750.905480496243,66.91760118420777,BENIGN
1906.6651133282803,50,34,2269.4251743532373,198.5159160780275,121.8658797247354,181.6732149966808,371.84953503893394,406.66024554831,4.447871405142824,40219.44777014822,77.94896732287714,BENIGN
200.2030032902728,54,40,649.4378627539329,512.5159006376005,176.23736129773215,81.66685708280042,433.2813140150704,326.6065200037475,4.224979279720244,10295.157945058812,355.22871950622954,BENIGN
533.6107959234128,38,31,607.472855824861,1688.4496656122888,367.8921300665212,24.74546913301866,314.6107203118352,391.99515178331296,6.526328559693443,11980.657026072982,525.8861072941294,BENIGN
113.03088352047044,45,28,399.341865141073,399.87510442217615,507.733142010214,20.301752053278253,351.6686698548567,353.7316588107122,12.8315123381849,15450.374747724652,97.58357030101672,BENIGN
2560.801448616133,51,32,1962.916704095868,1338.3318917576416,349.6624095610616,60.29653180080112,298.21376716026896,34.941766616785934,4.370002746383186,13846.085398613512,213.90308118538135,BENIGN
117.24388509877734,61,34,3134.9901210787834,202.47017644874225,800.1867521408744,1.506255261025688,228.1341520969493,626.9706856745124,18.343483638194744,6006.362166068948,388.5023289735976,BENIGN
398.6160321004998,49,30,1423.7925142439124,2012.6883356052808,612.9652854307767,89.12852991414995,220.1082116770456,429.9452065849316,2.3399996576230584,16841.28428957122,384.1908282472243,BENIGN
329.57736836626293,45,29,2547.782871585672,846.4264561465267,229.72112086064865,2.596389660227272,231.25101559289635,404.127975912312,12.864152627818616,3887.529797594531,2.6368812447775665,BENIGN
4903.818230567541,50,32,188.10929577696984,800.1570721151242,470.35342676998175,32.71197879311502,271.28026589518635,244.7417323661437,115.7381430897453,6133.358969085729,198.59248575001035,BENIGN
3705.430375478479,53,34,1825.9866371010908,514.0025463219762,185.1632587824249,19.488580174551707,379.6712560021292,135.77379207733875,13.274501185180556,638.5283471396335,54.605382512502,BENIGN
218.67755856222416,44,34,3416.639420196883,443.1463878250066,339.71112849698414,52.89486199518407,42.69413341447898,350.82863840718665,16.093202998166127,4802.663833922404,107.75649710232584,BENIGN
236.61509123624856,46,31,4584.446540521412,302.9747712791719,131.6182555215369,6.655571287874934,382.2956249761108,126.1888382456114,52.50388644719386,12501.724649550682,54.53951449100413,BENIGN
25.28874391132039,47,30,156.50466782907992,19.05204415957879,23.157629100759404,17.863673288982547,291.582978324599,154.15877911762274,18.712772102911963,1051.5281957796276,395.5446311353207,BENIGN
594.7853986684247,59,39,135.99782239544817,384.4040036487408,147.51590747161006,38.12359700356729,329.2024914054173,78.34411515292507,7.8693790627566065,19848.80873863164,44.44080949043905,BENIGN
2492.6998435376413,51,27,267.072461287281,537.9539059245143,366.9355579379501,16.890354845604143,284.56260672290966,704.8572398032105,30.587579955048632,16727.553659994737,340.5408383962572,BENIGN
3979.0761788416826,55,32,5423.54847166384,321.4840750466668,506.32267541643785,37.28347863637843,355.0603514654189,441.8537244939648,35.59605010683814,7719.32379146273,12.709726183440855,BENIGN
48.34679925243193,37,33,0.0083050365981591,38.6688025052347,14.95096330251796,45.9415561667459,162.09743416907588,65.20696128093975,9.781511867144069,11529.601266106543,2.6542947512910824,BENIGN
0.9438605639029172,50,30,1835.6623312888703,3904.969092032539,423.7882402909276,99.67467643271776,325.11476765791696,300.522808595171,26.90093672632173,11901.524908114829,130.42287975317385,BENIGN
1010.476988217397,50,29,3233.3841161493856,27.103638409758545,193.23052238083648,44.570238355569245,331.5499715568214,173.07099695286524,29.716664849470536,4592.978721101268,320.13189750708983,BENIGN
2681.723523973739,63,31,1277.219800693005,159.74859294218646,440.3309965805535,143.04646141282734,307.5845359944685,788.2989934144127,62.12743749094631,21867.65064290292,26.09725573449812,BENIGN
1592.2725389316397,53,24,2657.929912273455,115.67510475199984,645.9313464959638,46.392937008293664,228.53696706456827,221.469978676518,7.273999306623201,2892.753844789992,96.6616405924232,BENIGN
22.371947734473864,47,30,1697.6703939760685,55.41409525839796,378.370024777387,73.9481807478421,205.4899493667492,882.9733805748496,15.31717958477503,35014.47706563055,76.0077734932733,BENIGN
566.2435996412855,39,30,1339.606693948198,798.1401995211129,348.87887070060395,23.33112910120593,351.7411795318243,481.87090473205785,89.9997733159418,2811.692704640888,22.276398277145155,BENIGN
468.8375825522896,58,28,1299.8022599379674,89.24669845500244,529.3613765329466,19.21642988651485,199.25132652018735,166.03867296268845,1.6690734806041043,6018.047825341742,34.070813598880314,BENIGN
2887.1736812409745,39,30,944.5008839186812,760.966127503782,637.8899776851829,17.090287436777338,119.78683905234784,342.28642527396994,37.75107580117512,1286.3755757165484,111.24107771866564,BENIGN
302.52302491911644,57,30,2332.568818910542,540.9521823768813,246.7570796678637,183.29743092421185,174.99540623545556,86.6015210857705,3.4006974988025163,4389.824768221969,12.5665766759356,BENIGN
1870.2926746788048,51,35,1893.5548082262835,454.2433669197941,346.8527831816929,62.49673830809238,346.1091057648743,56.264143844701216,51.968753746101726,15007.58262031972,98.37274171152391,BENIGN
919.0821536272646,32,32,557.7628791502759,1275.1356135923747,162.51976514198006,57.27168518909741,236.3627346093576,220.8732310709658,143.26684127129104,16866.549454795557,31.351900534248,BENIGN
729.9719621747886,39,29,1170.2145428646031,38.06537032098695,155.91119316642985,4.274141978635995,407.0207821005488,114.3934214320937,41.34590035776452,2174.1067062953525,154.29493527363988,BENIGN
1206.0132058448962,62,28,1309.0106578442085,563.4690345189985,17.388406555489407,69.23577122508487,318.1390964905271,136.5807306638573,4.376237730850088,46382.80401464466,54.30867589445594,BENIGN
547.1863183678004,56,29,1994.740000960056,1088.716930942119,201.45501461686072,103.92433600419903,263.8800440604918,201.5876235967691,17.414286367733673,14167.954165307176,9.57911535371921,BENIGN
1260.1803008714285,53,30,149.29730465836457,565.831113301431,395.16448425371885,43.747300785749175,168.0496957823295,93.32061008693138,51.6098360008851,18284.5706947225,130.5805713660211,BENIGN
762.7171043528689,53,32,2290.591649914248,5.654781153177522,414.3639475056151,16.276699937768647,265.20946118698777,113.42731407731593,2.1251650908094093,345.61485854951576,291.7286254348719,BENIGN
2538.2380757120377,46,31,3526.838518772829,1115.2473027745843,385.4745330898671,24.69381747122812,222.69526748944543,224.5023160092751,25.65246592366512,30348.95684870131,219.68194219305383,BENIGN
987.674173008022,43,37,1546.7994718823809,522.549813675074,324.1646062738862,41.39931778761871,432.8686022076107,423.3727663121934,1.3246245437190116,14371.782926514925,159.853993610842,BENIGN
430.3264506668801,63,32,2228.738270828045,2332.2272860995645,181.7799646583969,122.7349054826748,381.8282810762194,124.18020316070276,45.81507318674364,5006.365965771055,169.04689321953794,BENIGN
677.8209425535491,52,35,1433.1827532727918,550.9154760670851,829.4258261818211,36.47546801362496,69.16313293081032,257.82876691403897,6.459602300923825,5517.707616343506,2.547011906319229,BENIGN
564.2859483130849,48,27,9867.235038863106,112.58403411430254,229.6119298293008,18.927631047380697,253.68578705957623,279.0294618877239,37.211999037929694,672.6885667780986,30.152255072634475,BENIGN
3102.438393798156,42,27,1060.770466011018,1579.180618923992,429.5524443995317,0.1467984569519022,222.6146875810191,478.6038381459135,1.561955194410266,3712.1410129636383,3.672631879367533,BENIGN
3215.451761506007,48,37,1882.2071959502337,879.8175765196258,488.8418530864084,44.20240321175302,279.5857541936473,1387.041834660004,143.48912758678046,1127.4286605505245,144.10653264792649,BENIGN
120.53912139846928,47,28,207.78379785890823,1699.7705877531378,263.0803167140825,54.03022381847086,345.4995369333249,922.5061255859528,5.999002145945839,637.9529338792843,107.01785708846528,BENIGN
932.0465498249906,45,24,458.3125672529213,85.30440633446025,213.69929365164188,203.5366804446923,410.43527962472353,724.3160547071066,3.4281239189284167,2425.2802917077006,87.72768305108109,BENIGN
1102.032179513412,59,29,1830.3696032785947,883.7749465825141,40.28883266904895,61.84829833937998,258.4471180593737,394.3052844256776,40.21309279648869,775.2008557920014,85.72030847482152,BENIGN
393.6349089180844,57,30,2419.2832919502075,570.5507691910572,371.3905067674965,81.91568316379575,248.26613807900816,214.30425942137376,0.909612365657284,3090.4676634273383,236.7437756871998,BENIGN
837.9208321549434,49,22,109.73856392848133,1393.903844603928,415.786400916568,71.93808432049556,311.3583609473432,279.8433500780935,82.9723769342457,7256.27146249484,79.55600297294346,BENIGN
318.92620643003505,49,38,1496.959374007103,288.57178997000386,619.5050990418478,15.815287171113384,199.0654965786289,144.74016055769454,32.963760339858595,10265.34467431495,68.23196808888208,BENIGN
764.7704065903582,43,25,2560.985366103665,275.1311187237809,505.2807642711021,116.85363884655492,288.5933531170461,270.4857206812499,37.92132668824559,1328.438702326153,20.89923373075625,BENIGN
1289.5244721100855,49,26,104.8231514752667,187.36982740488315,427.0500372692114,94.33646456947037,349.40922507598367,302.1270946902514,12.935386827651122,35948.4385273493,22.499786272135218,BENIGN
1268.3979568222494,40,21,233.4309938435282,302.02885615786784,342.6498342442676,128.88687333737315,196.33614109292205,743.2740627283165,19.2610873937356,22724.123612638443,45.43947744970661,BENIGN
1130.4765231587014,60,27,525.086202154049,1086.1029463051389,456.755689368814,67.40276682710183,382.74593605940726,250.02005179746885,40.63620913308771,14545.488799750192,167.50918703718477,BENIGN
2161.5640974373923,53,29,161.17876676238603,162.58755276240998,361.2905573912698,78.36934703412838,348.4804355118255,255.2849575663923,33.21754573232609,446.7631882595159,9.156717521125396,BENIGN
131.25204388468148,52,20,889.0687398014053,113.1161178790438,669.8707067344798,26.69899990893379,208.20663284984272,157.29081676664853,8.246080953901513,546.2450628128845,151.3522304580369,BENIGN
2390.876139323652,59,25,414.0222910993359,365.64591622432135,300.8673460454979,98.7648198388372,240.6309504559892,787.654037008331,58.21143857152766,7175.753285436183,65.03966008778892,BENIGN
276.9311303092047,64,32,5272.059100723853,230.2282997292477,185.3799314052742,60.300323930946455,229.96838299602385,488.1492220406227,3.9912706647971112,637.1253894931864,28.720583854332617,BENIGN
2397.253206289245,47,26,2447.8431966754893,657.6091640699694,264.7712255329103,4.135803347845556,408.73525591224313,201.27995531844908,49.11815774845129,8461.225205951385,68.68754864262063,BENIGN
365.9071768722322,46,34,1431.3652649778207,405.2569855736293,218.496241954385,54.10640588721098,268.5587736682225,195.187064374735,8.375879722690234,6275.695785446898,179.9596630890032,BENIGN
11.688586050930905,55,29,54.58439798704776,1243.8495575552204,616.6960416312356,8.189826655913764,222.96845451197896,215.92111181953908,17.63550819821491,9003.209254061154,132.36004387982473,BENIGN
1093.791892488151,45,37,374.3653374994853,1879.9122824123544,367.8106741468074,80.3286272450932,123.35109044406596,92.2294727180614,109.15723551556898,2515.1828799969185,55.41798112629222,BENIGN
1093.7342294075124,46,28,922.3150887706504,31.74434022266503,219.91083640841245,6.875169542811799,393.8727655385401,99.08508705172008,68.84472076198543,8210.488643866138,193.72054498183732,BENIGN
697.5468656582261,45,26,1372.389145068908,978.9917962147946,546.1962837474513,67.60005313124697,200.2005362305021,306.03901026731734,22.94593295553418,3984.492118100389,2.8841444399772285,BENIGN
64.04452437809836,63,33,12.665971751105912,361.3247261711475,201.56148267063315,31.94143973037488,160.2895042306781,138.4737654394126,8.689524335336348,13462.264706305808,55.887790457602826,BENIGN
1635.2548810867347,44,30,2121.6113901182675,367.3564739463452,503.0568091822136,52.01345889506806,298.76095962828185,328.37486205287416,1.1468815649002444,7113.371515479316,1.7427328502506838,BENIGN
1775.607071141798,51,29,1238.377096800341,25.270650035568764,111.67606768109007,37.01856467906911,293.13021992250407,213.27801083621355,11.473502216259682,11765.620681379474,29.55486956118277,BENIGN
2828.188870397797,59,38,5207.065244692054,157.40044898700938,126.49022909240246,34.88934189521152,189.0629143061852,294.50043003629025,37.67416664427575,1461.6143654782006,62.97243690149679,BENIGN
671.08549950886,42,26,2847.0719192755146,721.1131986561121,306.9214329614991,40.199339412658,357.08324068450213,236.09326135571388,28.48161359712505,18023.370412638254,1.371210002835579,BENIGN
90.93209451745584,43,30,825.324140716683,5.455587731954349,1027.2132154657124,30.358458606006767,460.5989790391448,90.60303056171767,4.536490245943857,11167.258264864837,3.389170940313269,BENIGN
258.4466054589457,57,19,1833.745250451302,1547.9305520776995,412.6675346575741,47.86895076745367,482.1335285453598,433.8930969540502,40.12131801861507,497.3968430885115,79.42568569807432,BENIGN
85.29543037633427,53,33,2586.815711786979,244.5627148298219,424.8588449674349,110.65376459033702,343.5928090641786,478.36491414393225,60.13078642630595,5556.599438385602,73.09102103685885,BENIGN
1046.2488416989509,51,26,2637.9031476400114,821.0974243211805,1068.2756388177354,190.85289133902563,315.40000447489336,154.82963148459763,20.031188945251568,34762.81837874082,6.030721574778776,BENIGN
267.8446810487069,49,27,5256.788161865839,522.8826767145882,1034.9977670159649,17.101134070084132,256.15674630364026,193.6317463525416,49.04039782637084,9466.686605776356,261.0868895915724,BENIGN
292.05479692199447,40,26,1928.026436876642,1176.2442181488675,125.89972931926825,33.013873727883635,289.0085309697514,379.5080939519018,43.29207344643432,12978.122080247123,71.65229469444907,BENIGN
1836.985070477804,44,33,2204.335569728463,37.34795522481874,426.7272891941205,41.92064316473012,240.8229564628105,240.7436066035804,13.334114601616204,55454.67374531619,245.53581595741213,BENIGN
760.6067990552899,51,29,2101.782446587375,82.42359864995683,736.3878470642852,90.86651083701506,477.77699125511833,1064.6987136186665,20.461126040033022,654.0129023725434,112.17166262017768,BENIGN
863.4140266094347,55,30,1834.41386908778,465.1047954029754,401.83418539128775,27.85197475124412,411.8700951830209,288.97430041357217,75.95958492519253,1090.1368392137056,312.7220927562124,BENIGN
1391.423188593864,59,28,1763.5210447637032,1172.497460450922,480.1033427797492,40.116335520769766,338.2363645031468,101.6272894982268,7.20445355412432,4059.5011788592096,21.76449517210066,BENIGN
568.6212958831294,29,28,711.1323914185749,1047.7289550894404,115.68876145012716,12.379642742190692,210.79851001210915,252.94530332628864,28.352298191340847,30865.4936397431,5.2920351597807205,BENIGN
1528.7726907101523,44,27,284.0646736115864,1780.8856556739645,616.6475804936117,16.121927867598853,405.2051554096282,128.91550444507243,2.969631616645312,26705.8407208864,144.8321083033243,BENIGN
129.40840602400937,66,27,1676.3423849538267,2651.046292547553,633.6390606522345,5.660935398092162,37.77681459784401,469.20555892602073,40.34616820003616,8229.8475529272,73.58929481343608,BENIGN
146.87824248068753,45,29,817.4785189192387,1628.56500423748,802.4296719427336,222.62341498120284,319.61496056538283,278.6361346538644,60.38105487789369,2900.460227975856,239.0033032030937,BENIGN
1355.9290162094906,64,29,272.28280343988746,543.1903702191745,195.7236556617905,79.1062220987638,322.0710416936525,511.01236194631485,13.427381502807345,4832.208436673328,55.647244173749,BENIGN
441.6561918201068,47,31,2431.644773611809,606.5604841188094,203.69766444277923,10.811231905191333,299.1608027830186,149.80588210604614,0.0739788743407739,5772.6096592969625,151.2955111765476,BENIGN
3772.563475685664,39,32,7338.214144501492,348.6400700041866,303.64380105771653,122.40884033663907,290.0358242876048,104.67007764821604,11.148604831744768,633.1448781821554,165.00803866058965,BENIGN
493.1422569251884,51,23,1903.1262148184949,453.9166765017477,414.5513995453467,34.83830726729588,294.4140132776812,337.12864088928904,8.182374864069764,29113.094201591437,36.73560086198634,BENIGN
85.09495153710222,62,35,1101.90039096806,170.12590340401624,406.5629174916762,97.72398100115385,207.91035748459672,50.229181536941866,19.42989049451273,10530.323185885896,129.34140392629655,BENIGN
23.993304648808653,46,26,1067.0157549869798,251.75416042220897,321.87669823226884,47.53239391809212,158.65549905586968,572.11304487852,143.6315613393637,2891.008807556298,143.3214017711952,BENIGN
883.9230578713735,54,39,770.8954215687313,1059.3705878072378,109.95691539032866,0.6642975529441452,524.1960063570164,494.0509120617344,45.01465577760136,11022.22020938139,170.2469773355564,BENIGN
1757.3946801280815,44,29,40.52922857621076,191.6238525080417,131.19756670755177,36.528348399892536,421.6956003713246,502.8289411694392,16.23146480573842,2865.378060788742,136.21922695634913,BENIGN
1580.001395680267,39,36,2866.1856748438317,3466.3857035449923,44.695797198671656,20.367100040455085,104.1765120749078,238.58978089382612,1.5138608855540905,27010.45949469894,56.55917105326515,BENIGN
308.67806434803487,65,40,780.4037370693121,1194.7508894360435,716.5546139749343,1.2262079253114897,203.28452560805405,177.6189783689038,13.529477380474646,10417.27759214376,7.416712002691506,BENIGN
2025.3829191556267,42,23,830.8748623985197,307.9132176348851,29.14115700853757,83.15851328141159,167.15561743147717,432.7757226834458,40.62978891341378,3959.096043198562,22.68416215127382,BENIGN
190.402433662887,50,34,276.903468715652,594.3130666310398,247.9050189962262,272.0321117481062,271.33096102816,168.7534240110273,14.90878334636635,2104.1146697806807,80.9905988150029,BENIGN
52.85108738039248,51,29,522.2735279271787,278.9733495829927,319.46807328825923,29.22487822374374,212.7955216233001,114.48154742940191,24.78119977508744,16826.254504931174,109.31498073646787,BENIGN
1747.040160103516,50,32,1889.8122853698903,150.3479665010798,624.1512242444957,29.075550805460352,225.65406351740089,236.4834890187227,40.06138730234957,1088.7636379078942,150.5531133384297,BENIGN
142.72760435004184,40,26,3350.598303485458,297.8516701585408,117.15053179012592,10.791232676927269,76.29926740108601,273.53156385339565,7.431589915197809,26045.19504283769,117.32694147470976,BENIGN
3785.738784859356,53,33,143.72482488362348,579.1938013927805,624.7118173840676,27.289273977320217,216.53472766266665,64.25326664389065,41.385801688052894,8800.4291598233,11.988613176013104,BENIGN
1045.4447389605757,61,31,996.9579571916736,950.5752502909354,75.47022495241583,32.145609894261995,339.9764890517597,297.41251038352965,82.5674768597267,15761.045579140697,32.92179344423884,BENIGN
605.4727384638724,59,31,886.2941997708589,1428.8772281976676,123.5389509129937,13.01977681583661,281.4706266617316,427.622528751402,38.67804502723881,10390.313443196255,106.84661385692776,BENIGN
3115.676352753279,50,31,4254.00480459033,191.1878494922749,158.51014333631431,17.96256319295201,537.2756164536881,555.6057147877314,4.8737154990668685,5454.332699955159,136.90194455013688,BENIGN
1126.4653850249829,53,25,1863.9728462693488,1070.7860574628191,320.86588399001926,3.38265600203703,277.6916356387601,132.79064911582338,10.771313837378296,13342.82178308037,43.41342141626775,BENIGN
1006.11612505522,62,30,2610.9834744452032,229.7735217365124,68.28812166492759,124.53541206406472,147.43942187624592,1394.5822597482472,61.28864787565237,3230.4490547215632,189.3549144349106,BENIGN
26.54595521466961,54,27,2899.6734004826985,87.7772849206422,684.8413840339924,99.60056590501556,219.77365930163108,437.7106054696262,57.87212686972687,26964.954952299417,248.8894834479777,BENIGN
731.9551215848255,44,40,2832.7242414229886,200.25996399419893,236.7902857037274,3.38319062443146,325.21145560345644,191.477110724354,41.49062416558893,22485.402511605844,74.80211555447339,BENIGN
357.9304600790468,61,25,2424.9234630596006,263.0328326291957,164.95490821552576,4.894896442061128,458.9131201924155,183.44152507420023,15.754233674223014,6761.073773662864,83.01424882246519,BENIGN
99.17843930890066,49,27,603.3139249392757,1064.4209979003112,66.17989726168773,31.595545135894408,290.9348706818667,105.71457064386928,8.873170819004164,217.63318678984703,126.16074760225912,BENIGN
951.8409858574385,70,25,216.56632460754705,643.1749096126267,211.400147569502,75.7058340937993,164.32736383472394,372.7256078624106,27.01992326273306,15700.748791831436,157.13017982112515,BENIGN
121.14644357562015,43,29,5124.811384341242,189.96006924868985,232.88542355776832,30.521527924215587,126.91268013859168,226.93951618351377,15.81113088836995,43101.518404794886,21.20710982837123,BENIGN
340.652191954146,41,24,703.4507876618293,146.00478151800428,274.4101023942763,12.233336777827786,540.6965670646282,226.96285935626184,27.63325057331653,3766.926692260667,48.068412211838975,BENIGN
431.7478910836826,50,31,1849.2402959351425,628.8943241178765,269.9997846051977,1.6011982100701103,330.73950339850137,149.05202564774777,25.71365612022784,29614.97738726393,20.097868505335075,BENIGN
1598.5654764477754,55,20,1418.7143122331609,475.4592469267853,425.9788414324907,0.2214551455164199,188.0143481993209,516.4964065903769,73.58773087771483,2580.460668849985,56.92551514087625,BENIGN
750.0931924870727,39,33,3328.191004786011,889.1406854874077,230.40457822891688,19.75791926216334,153.00574884713535,244.1841683827715,6.6685820177473465,1984.017062101499,99.1338683050355,BENIGN
858.7021498525602,45,26,188.15108216055785,454.6714139014837,177.7566261376474,21.76779424192336,276.7120583421485,121.15126078449126,36.958269309634005,16177.074655613324,69.81716372429418,BENIGN
745.4310861900855,51,32,1339.5858257454383,117.3826741691866,190.51936295240728,125.45676265453712,394.12947902797055,439.5824008057169,9.862877493075308,1277.7411491062262,30.898584009999865,BENIGN
2535.017279705927,46,31,93.10566704157556,426.1573087981434,231.7396501994573,15.202862257857808,222.5794353515817,306.1066556818336,12.155071737785152,770.3555946025384,25.08181097340067,BENIGN
358.6452754306421,42,29,540.8408641956806,604.7130473589706,461.2499790400325,83.45605936115862,423.9329091093993,256.44495799202866,6.287248634943607,16564.559256735585,191.9365718612258,BENIGN
1838.277093112653,53,33,203.86981854246767,524.9918896447499,486.247876510212,95.15500814437615,395.0250254096799,227.38779853442315,34.76531358702489,2225.1146476897243,10.295342763219688,BENIGN
176.34517448085626,40,29,3777.566720829164,511.5679619053054,1722.6498905299054,26.0389422633578,408.9039635500845,199.8533337479772,11.904093100031316,17712.955486205934,70.58930114111064,BENIGN
2061.6317974144163,53,29,426.6222549607664,639.6508600638776,713.2275829993308,1.8104510884530265,298.6196253105114,319.123755018192,89.55863991255518,2429.9739060760407,17.949117838780804,BENIGN
491.93534271140646,55,27,1525.9897598293635,33.79490433545526,724.6321547409214,31.947271310461456,259.26999165465605,339.6370578828738,21.133617296628763,27885.367439474798,22.61791700162337,BENIGN
1281.761803065804,40,29,1413.0703294233997,240.66790412405595,384.9817915798344,61.10171380933983,273.9148807607549,507.5538898148654,6.216222739491596,14.0493298589955,122.4592959787439,BENIGN
137.33962008519936,48,38,643.8475497523978,36.85007747703424,122.85302055301317,3.006389452992708,220.57667088734416,472.6684531146555,20.57280059840582,297.1674478480078,81.77574205019822,BENIGN
1074.266569384876,51,20,1898.6186323910656,730.6025179613264,167.0130227534604,98.00506394758148,326.51158067617393,489.2460258865588,73.92595561590856,1222.135875292319,37.04496393607191,BENIGN
806.0274314681736,52,23,46.00719606239204,621.8578443977796,113.58073394455523,258.97056268790493,226.48691490513352,483.6319717040124,10.155215905813494,2717.120998408084,36.87754167548318,BENIGN
1297.0790521646832,54,26,1204.9011348049394,1269.2247346330123,766.1254770685234,14.878212256303469,222.93722571630275,332.8763796815358,11.525666136944904,12383.140116475664,149.7939881781852,BENIGN
2706.1283654016365,44,27,687.3901187204874,236.37451991452585,174.20288900941102,0.0898224053566326,229.71262213355325,389.7969471150908,2.57281613802172,4136.345735906644,319.0847040581825,BENIGN
572.925395091112,59,28,77.67007172269135,2444.7620221529087,479.77111192892255,15.740542148674704,450.9539452580832,270.0161623043523,18.678557799535994,4854.098103297046,11.96618636781096,BENIGN
1609.7928189017482,46,34,1607.762435632743,942.7466214049388,391.2064082834936,0.3990926646312482,435.9312082251977,247.5097771290456,25.42086151466446,9526.810416762286,431.5881730673106,BENIGN
435.95353461673335,56,36,650.3506919546674,3650.325710809515,369.8483850225031,123.89620121762704,317.8997729032891,520.5831166204299,7.396810824616773,8333.001936781193,88.74954723039944,BENIGN
431.8786168482837,46,28,403.4730182433736,519.6005599932762,144.41994290331317,12.11523815747143,88.00679289695759,286.72809309062814,31.23365131231757,5592.831564545463,95.6697385970837,BENIGN
606.5371787904519,40,32,18.051407924371816,559.2182697713089,215.66870934977567,93.4276436832107,150.31714375291077,182.63538325319757,46.323787470047776,7035.246518108282,120.23869848740053,BENIGN
156.53086098546976,52,38,304.7662616596208,1492.6655049900453,82.9361735416757,21.63865060620025,249.71119808844776,299.4693715741655,30.198839328960617,46600.7442713875,124.37002648299796,BENIGN
822.5233209326528,49,27,907.6665374509106,113.74076707747638,321.29292711775486,42.12859629615089,458.1742789902065,439.9253088492444,29.187658829870305,14380.105925561422,51.49162597016891,BENIGN
1115.5062533479856,42,25,2097.4437177264726,213.3652835201393,1394.2319944599324,10.448177723209591,360.3498438112034,171.48428750931834,11.88889690562565,29090.15485560588,46.7110107892665,BENIGN
1212.4772028770874,43,28,2770.149217617961,1062.8507735471132,458.2818953838145,64.51500233217644,442.19623167156567,260.5267717008032,4.445841462976544,736.4186185502963,183.79009951258976,BENIGN
374.8360412919456,57,36,3434.340712090373,1195.7196881393222,524.3906773503545,86.01370043599339,287.28146404288555,126.35539361783071,9.957280807728536,1328.85122602029,214.04833884878184,BENIGN
2699.381964954295,53,28,5745.36110141436,1089.1932022594858,770.1344017250406,10.568593941261442,70.11296778788926,255.77558741570851,103.09827366447088,370.44340829377984,18.315880385313523,BENIGN
348.2356015457985,46,30,1160.46809535204,276.3068366719708,355.9825979154211,8.138768564187993,260.7361924030487,181.15376861686667,16.71125517914268,17493.198847494983,95.37089734914146,BENIGN
548.2406856437376,39,36,402.7622006784619,159.8688444916035,318.9953130750954,24.897746066912863,397.66574401624575,290.5199488797728,2.0839531081026417,11663.250008175788,146.32652376911605,BENIGN
266.8386417850558,55,31,436.54766223693326,2735.6102073556413,77.06046492850018,96.70393413869172,317.226891213396,90.40483267799256,86.16126830886267,33021.55224674479,1.1076507404020417,BENIGN
333.07617466271137,46,25,320.80582649412383,360.3893142776762,187.79048104267423,72.8359223975366,117.74387335040356,790.0735553330401,8.1252776113781,352.9844454050236,34.63617195745313,BENIGN
459.3557682687801,39,31,87.51767442660709,360.4786087609792,74.30825194420709,38.933235468199165,414.4940325032735,529.1585402436929,36.763702064808335,19357.084805304126,79.02212449818396,BENIGN
32.09574673603211,53,33,381.36102618000575,749.1254656613087,273.418341646354,48.74744116045737,267.8471561064217,200.82703749752383,4.425853684474368,4605.00881154236,10.462874263289132,BENIGN
1383.7752832423148,56,32,309.6765777348897,526.8827782930493,563.8819277422797,42.19544630189771,173.8364770438123,190.68022968306505,19.340434734963093,13136.022304911545,9.202906852696527,BENIGN
2302.816353712856,50,26,197.47736347483487,1454.7109374822887,50.080440299355786,70.28213537777391,344.79933931799434,543.5328198358229,22.96131234178243,11764.062899971632,21.61305107480332,BENIGN
126.1332534369584,45,38,151.4509852044571,463.2169734971056,252.14853435025705,53.79368735898535,408.18876363265616,199.62541075661807,29.008681136790752,11138.17950940106,368.5542077145053,BENIGN
502.7545216901968,55,28,2526.105671915569,2257.543928470727,254.70164627602745,5.495331369761101,417.6113269537079,34.054715617258445,84.8664266927266,1935.4587804650985,187.91354193115424,BENIGN
1077.1139295910264,56,33,2398.5054660746,1093.754836462975,664.5478704549776,36.24575357313311,181.7866689629007,186.37857304756915,4.345203943343149,1520.7692019992069,192.8279612180272,BENIGN
411.50161134164296,53,38,2785.64326159974,1305.892714472262,461.53607893338784,6.668106179014209,329.958893213847,108.4814396012834,32.91103683985222,1788.1304574323096,107.845265720415,BENIGN
1253.8492877767758,45,31,452.1014865758192,777.7822514062091,45.42008009458054,108.6360993323506,314.70412314695824,481.2534164090745,9.125908352589276,28427.680701067056,5.582256527130508,BENIGN
1454.6376559099792,43,34,6546.751471194552,940.4583510909388,677.5287057753378,3.4217516498222853,288.99493445586927,101.13921066110436,30.195328028891826,17073.270912219115,273.783972737393,BENIGN
2093.667344385938,54,32,722.6215036696847,538.1520504024695,441.0937786867861,113.01641064432866,272.67605485667724,271.3834125653624,5.352994266898882,5246.827169454979,15.022978453593138,BENIGN
1234.640004061239,49,30,986.1723861577692,1519.480373635737,111.95777670004378,11.695018063244392,347.41480931438053,585.6010813505059,4.035876596531576,3408.5237006207262,114.53691386446772,BENIGN
1342.1747086453292,49,40,437.89589260345946,4553.940666803051,377.76814548085866,36.66286168033556,407.899123723418,72.61752043657114,14.314997086161153,8177.591327129845,1.0750299094065416,BENIGN
1643.478368729371,42,34,958.5000710674154,706.1126071399437,144.51612687318476,11.307613870147556,311.43054801936097,410.99575245099226,40.01584580100218,5087.095011796593,34.92940887041874,BENIGN
497.73431824375535,64,32,200.6843981407841,3597.0584730093638,332.8333479854164,37.780709468554114,206.7073798957518,180.21261127892936,53.05036375415522,16334.119371302972,260.27889674004973,BENIGN
525.8596444651419,53,30,67.6689032505865,240.4963129479198,303.39854929453554,28.224155518296577,237.8440790010227,374.6242155973001,12.805203372072295,2563.7737521249755,187.1658544298413,BENIGN
200.74635703448163,35,32,794.0557851965892,611.6129407012904,176.24044531538053,6.190621254304595,323.45676082705364,56.045386992044925,74.83549441611822,5258.271374296606,5.72334814680532,BENIGN
1845.151087073452,58,40,159.8726121542757,2905.120408308516,280.3613190162199,69.84190826708443,150.18366636693227,188.95579308866988,56.71761300562978,14194.583167104482,115.00639817493747,BENIGN
786.6469166426685,52,31,188.18220214165427,625.5913339049515,182.89507450487685,7.934395591949031,557.9395775065213,93.2703912861711,21.896091541220056,10854.995659687806,80.56015031997576,BENIGN
969.3236433199544,68,32,961.6598495385072,3989.2345773858447,158.50100370911238,26.88205245867262,246.55268926705483,311.13600251902665,40.80166576017429,8198.893647929495,81.58403656384799,BENIGN
266.0084659001128,47,37,200.1415808771222,923.5913376777464,429.8339320040804,24.499776085671503,276.3967988745121,134.45783929681158,30.49438496324412,9096.586219999364,0.5001785679404427,BENIGN
1211.152168335046,51,31,419.1268279380772,1734.1750395327792,267.8733238487942,129.90499358479087,364.1551528496932,116.1120734278988,79.74173691001444,5888.197980961924,218.2737839711324,BENIGN
335.2496763810817,39,20,606.3224233535833,113.4160535461538,975.3841699087455,90.79988161632568,145.84436627727518,213.85658924653575,28.05658902893633,6146.0182620741925,104.86401720894618,BENIGN
241.31577425847263,53,24,2540.9191261257265,85.48497905871059,33.51917280011705,98.71881725638328,474.91246480873417,554.0877491525193,34.38671680690469,17533.824015533286,28.85038453198952,BENIGN
300.66037945438416,59,35,2450.9248267343837,539.8890899944189,646.7538089502403,17.371772133400942,276.33902112858823,308.0721953536556,19.231060540866736,21373.689294653574,13.434564133626042,BENIGN
2506.2499928371726,46,28,858.4416862524516,674.7492006607594,577.9682974374603,58.91821361585324,272.94920507372586,401.6355394469838,8.418834129845786,3289.826106300126,54.46700130517252,BENIGN
1661.579408336042,38,30,1915.9877812801235,1984.5453553690995,306.5239142955782,4.254615022561707,240.9649459360796,228.2894050372052,93.15289670530032,4434.016541778941,8.85046942052958,BENIGN
1406.6682208230554,60,21,352.80320648418484,5.627661771491803,426.9928328320582,77.78652822491185,361.461517541132,405.3003168731021,20.341567234116617,16500.42947352257,44.87686325333868,BENIGN
95.63694654031944,49,19,3.0887089522480298,213.42848109148537,290.8058653389813,54.78668559975204,237.65497919793003,75.85272735186535,6.003820988108624,13011.172689523242,90.13851419403592,BENIGN
39.716373327664726,47,38,414.4238814761398,3514.846711902641,1264.579965478974,73.37708339377822,293.4591095290048,75.14660785497186,37.80062398989719,10889.818463684658,5.575137361711401,BENIGN
850.0518592211517,48,47,141.05042462312687,340.6061174663964,30.321625118454374,9.235231243142977,205.2568200369456,259.23759104647,4.242295794725498,10971.661242264545,256.23617481051764,BENIGN
417.5153909322173,58,31,511.972544127893,132.1057470754072,612.7545886781988,44.26644597478372,364.1137887285215,267.0453632810612,12.576191471127576,7177.480349913839,153.84951399167397,BENIGN
1935.8363374539297,50,41,1293.69083932973,451.7801457356214,138.5947929567845,62.39617400122833,236.4447659636688,165.11589451797107,32.20956174087187,5133.012693088016,2.197419938637738,BENIGN
1248.9941708327506,41,29,216.8931081989077,785.6740745073554,269.3375322052535,78.87195838054313,425.9058901186704,18.933821995295546,3.052839118946617,4630.96400142773,94.2596270325422,BENIGN
288.0059891265836,59,30,2047.6698557309091,1679.6845647580308,341.0060562431329,74.54893775589167,388.3561439451381,262.79837713541133,43.58206097867029,11650.9206111631,99.84326626657044,BENIGN
686.09441459685,45,28,659.9141316246945,314.9483179155783,271.36822449492627,30.59058921240502,238.17975589144143,152.70700207730644,21.029850675065063,2989.671828346798,253.25349248693556,BENIGN
1702.8381063858633,44,32,2213.4235132093204,1921.2725450501976,1026.8599720514612,100.60163318586427,392.8755831126143,349.9433555890373,82.52572974051895,8519.64893986525,87.01698589645746,BENIGN
1083.775761471237,63,27,409.6113732821462,1.0902805582222483,279.5841913137444,87.40041407233534,423.5600380741009,249.58910734786625,0.0078386122632774,18852.12221482157,118.27449480109966,BENIGN
1000.736287931406,40,39,2590.1178073181964,9.847215138074024,39.17715646006217,21.14754534660363,75.0965433403469,307.08067178547526,29.76095559828451,6162.337121349291,365.49683827042986,BENIGN
523.4770348253353,53,23,409.74178521450574,118.28740024419209,321.79594543651643,65.13720925101022,304.88399534142974,196.26066379883173,154.7536970706885,11008.458015205522,18.35054014685521,BENIGN
886.7116130036375,45,39,1442.0491260159567,2532.749422011268,206.57923082461696,19.01366197058365,456.9457561210985,39.47455416652953,45.91937820273168,10468.348359443631,665.1349766779175,BENIGN
729.2130935726833,44,27,559.330454915507,824.3557157207385,548.0488231187501,99.10862784348151,261.59408561833635,91.92675135810823,35.82109495081628,15178.42262431599,19.97355805131445,BENIGN
2788.4280359045824,45,28,359.4828176835771,230.31144785422555,130.8798078430927,0.3292755334326332,547.7076162772578,264.8999389219814,77.18293548048274,2262.60401250662,6.561709709538074,BENIGN
543.4722066342405,55,32,2928.1945479722035,302.1404278218206,46.63661338433922,50.16258065987256,202.9929263946237,413.00555174572986,19.411295933206752,4169.507616647487,18.46330157976762,BENIGN
1212.7908125529775,54,26,2052.173304416282,211.2579660799849,174.4917867090334,0.6290232191116881,162.2606811430966,30.255191660564776,5.095536705295856,2364.1501347697936,1.2841420014850653,BENIGN
31.13211652361948,46,29,3867.312843886012,1197.2026132576198,235.27912939697205,12.851780613687492,472.0427696381632,399.1388842960191,22.749724213829985,7877.53557980345,2.5085319620121105,BENIGN
655.7991618936114,49,24,2303.9093317266315,32.720928825428615,279.1787844801853,31.620409840961507,288.3565428020562,228.3364864388998,39.09736211538392,10487.59150550134,30.171834416368554,BENIGN
727.1143589950866,43,30,231.01065796240127,254.3931186523389,283.5299853968013,26.24710794338875,201.52427562661416,470.4446417252071,4.20614829777181,10139.9230357773,197.588289116078,BENIGN
1048.773814302768,58,28,1019.4921044287132,1680.357577798514,86.77092132986563,68.88898474941301,246.9453771949586,112.61863772122034,85.52901370398456,490.9786631578551,14.176979549150278,BENIGN
279.0293442777735,54,37,1342.9749802251513,837.209115107631,982.5443761610064,6.528044933753879,222.7455343926473,191.76379297053768,10.64343674239536,375.0678605453618,103.83211352116696,BENIGN
2327.4241159817743,55,26,160.88059945286517,154.70535952268756,140.4383195202771,131.7248739849037,318.3626621078868,52.36336708103215,17.167807092197425,20577.469450342665,106.85306714346754,BENIGN
2190.3122232037413,42,35,763.2803290140827,122.32613415007832,549.8641274695718,21.200761832298685,221.49298089601345,346.9851942795666,50.73003950258401,8257.386838228425,24.663340816382664,BENIGN
1418.984595748312,36,27,1266.4823329768249,315.29097151989185,141.4783095932228,20.21697058547577,260.30423537676586,167.9295009619212,36.54839764997759,1531.6011611521062,115.50558823818956,BENIGN
41.581451917292426,47,29,1025.9238691853566,196.69708577241127,301.21061465081857,43.07776455360528,477.6093516300981,182.3795827865447,22.73622744549357,1573.2896552050313,68.55200058067796,BENIGN
2210.7748568101183,71,25,661.8157601548875,400.4641894177908,384.33130516843306,24.079930433640108,349.4241894599563,571.4602165920613,21.545928538679814,692.472087909039,86.08645677829776,BENIGN
440.9827207478817,44,27,3603.391629937055,476.9995480754108,189.85622068748316,48.01506072027838,366.1887198650856,72.35869832402146,59.49378093494249,1307.5245072363562,202.04983494827707,BENIGN
270.82375905280594,39,30,45.09798669986623,114.912854552928,178.00947825435253,291.0937986146585,316.3365007450505,296.1631825410916,11.286449648209048,19377.953572969083,86.62058029082857,BENIGN
362.75372946047713,51,29,645.1549802459671,564.9171170737143,521.7555747980253,3.671796040616506,332.2773838847775,120.94955944615924,0.9079177280601256,9314.754115095337,89.7971371344546,BENIGN
975.2196186564928,53,17,1377.5983524627563,589.4548494907815,315.04086085238964,31.21405082132864,377.3922647904666,232.11206449656515,20.230740095332884,9967.30619652454,131.0339873257715,BENIGN
2230.481105629336,61,27,951.4229207898204,903.5720878098194,462.87320159041593,11.164655590558253,386.3221010295855,172.1858067776018,21.606988016165264,2378.273565876098,68.03578874175041,BENIGN
177.97342794015174,64,44,538.8600097839828,1102.7835748737325,162.34703433613907,81.96996087538906,342.94562110405536,440.99307487701856,16.484952751974447,2068.23045875432,30.190821157839736,BENIGN
1470.3640839597826,48,31,15.707753279979066,235.8153226492139,100.95500090217833,46.78581872664856,103.8963474666866,296.59929311713023,76.87390498292234,24072.186428101213,54.3343705203604,BENIGN
869.765940983819,43,22,10.957924041222816,857.5595638957623,495.0746534448416,25.357778714397327,454.57637387174566,202.3851065855094,22.21284966289807,16205.308194015342,80.7964887492421,BENIGN
1531.5133748939877,41,24,54.91488102554969,162.80655420026932,312.7971859750288,47.94088199264902,-3.543456872926299,206.3276594209292,60.19719244899018,16858.02986471514,11.649645663037925,BENIGN
563.0593969546578,59,28,70.65187336691862,128.86748298076847,123.4484125403556,10.994541889990987,103.24611471289072,263.8352550281677,2.107086064055516,6363.166482543951,26.35400680225809,BENIGN
1563.078291428235,53,35,1299.703421275677,59.90434125456984,408.2047371631796,113.42196281661094,328.3623683471549,314.32693974570407,41.11845753206037,6541.062619578086,148.20307255621125,BENIGN
405.9077998369884,45,21,2808.7250821716543,92.68321234687572,489.6550821230385,4.710287543059223,238.56980253906804,156.34975471701094,9.756671517986309,8192.723275153312,247.041429916474,BENIGN
426.972945278714,37,38,853.1562372637877,1059.0997619909122,754.0489956164934,77.076267724697,302.0582051698872,29.42960693218925,4.494889272726209,33392.365524113644,41.39347082697048,BENIGN
1941.6796763724424,51,31,1859.3653436779173,463.3519787130221,397.6585558411456,100.52452264961028,336.56583268680896,76.1580878618594,1.7620858119753608,434.2622966076453,43.765137663937466,BENIGN
619.3692442292759,50,23,2409.0726050435123,1094.2786606130076,122.4065053675378,77.67127711566718,272.69783685454865,717.4198964596461,104.51042844741254,6354.643414398881,254.07733325944776,BENIGN
671.185770979475,50,32,2973.903247668323,553.5476399419236,85.64460094645845,24.5385299841398,301.7708684169903,179.8980906827282,6.819043755847953,1197.18694736723,187.877380862854,BENIGN
741.0586447854434,57,32,1442.4356284774735,125.07896668845235,94.94247134867987,7.026705835257069,158.93188596773115,65.5919889478044,5.615283809654265,14244.012836539006,119.9098909461892,BENIGN
1644.2091832434196,38,22,575.2194390937537,1087.9744609203433,340.4432240139752,92.77990897388888,243.8777463552332,45.44759951117595,23.38773397945213,2895.2229681060694,31.77608771871021,BENIGN
940.8330077192396,51,16,2267.401481013137,276.35669503275125,94.7479686556369,82.25378425758619,200.32076708810723,438.1956076764976,35.9426864296566,283.777012198414,60.8689025079983,BENIGN
365.7351478809945,57,33,2453.2676484876088,915.0238958027868,419.2358242416486,397.812391606577,150.62572723542263,354.46209216458806,3.776431287909931,22515.09523512256,60.0517065817679,BENIGN
2501.9700311638776,49,33,72.74075449271989,2101.482955469063,784.1146064758802,11.514896367257691,294.7025735458661,642.4233050524815,94.58305560363932,3044.588420124967,418.1164184457386,BENIGN
1350.5568463111042,47,38,2265.51732807374,674.1559951887974,1090.0095360193372,59.87972241142632,315.60534729374325,480.8915670346898,44.98028249248969,21457.42193769925,44.227221513377415,BENIGN
532.0864431503372,50,23,325.65270033499166,1953.7252092674264,313.9331776869645,74.55330924714877,218.47930166420025,696.5977614555759,30.232472422831083,8307.4849980623,262.46364457580063,BENIGN
778.2558342991005,49,36,14.292912614457824,452.573504977508,424.138448648834,65.97435429418343,399.71414161485126,210.17482630221784,22.974513339691228,12594.028610518988,264.7075937276738,BENIGN
788.8143605763202,53,28,2042.8403669645988,1529.8650169157854,348.39211593276207,22.521629204868308,226.86005146763236,409.75839203520064,78.38391075326845,10752.393100056714,86.21290706342435,BENIGN
1003.6973319345364,41,35,418.5100841011888,361.2566120219247,174.81809974565076,147.92011607391842,-10.5677328875247,357.73537994792537,16.189135923124937,3849.89636857606,192.5350866676323,BENIGN
150.8509105379972,40,37,2318.7282470782275,233.62764538704135,965.9046006338268,22.92087206581808,336.84739648703976,230.57060706370612,5.9360242902377465,3456.1283835216946,230.27010720366565,BENIGN
131.5304907730684,58,22,1868.876533818614,1418.3491968848311,361.46459614960366,20.040048245541616,205.4196080916551,67.738904946253,13.345088714165248,28366.98593177362,70.35288933740745,BENIGN
1194.5628575330811,63,31,1631.9096892612745,504.1634135528969,1031.2471999004763,106.827372523625,205.3706666517,28.89833708605467,5.235431142640045,26508.72407889572,22.004038285304667,BENIGN
238.31409418015576,51,26,1519.6960815633734,291.57904344563855,156.38119372953005,8.433981880307352,467.5566373972584,72.39847537403327,31.89760011512505,5023.223118540006,75.8864435403162,BENIGN
661.7978845593669,41,30,971.3159802556544,929.14353463027,668.2286611910389,83.73202617819811,416.89774493809614,67.95057065920264,6.527817465610778,38484.38741276231,432.2328040178232,BENIGN
30.975062101474546,44,25,611.1424509081822,2.10809030705846,410.586459973416,25.027968168837987,394.4689959597997,330.65858595233755,6.663229472837901,12456.189477177728,165.5457336752201,BENIGN
56.28754166803198,46,26,1052.788048195149,569.3053881917865,236.7028931902812,63.930574211962224,367.283273442943,369.8544953798719,64.73815311114072,17546.154789438406,123.16590378125296,BENIGN
439.00081917116495,59,32,4080.323205120608,1160.6929811063455,315.82287032425614,75.50988493347917,260.4844762216409,330.53431301796144,9.434868153840313,14869.301735816212,46.863242656381374,BENIGN
1076.911235716262,40,33,2812.447168771327,2112.189641184014,398.4685400171346,7.990633466612111,271.0603694480326,296.21136932143565,31.2076235605115,7190.258097652379,51.26650617465479,BENIGN
125.05462234616284,37,26,283.2810838465789,231.9788136318163,432.4035885903611,19.16470280396606,163.5211365888276,353.6132666767897,3.3714118027978524,7346.771750119055,41.68826500173029,BENIGN
767.1309128726944,51,22,293.40086366300864,1611.4473017745709,430.2459208334989,7.152564220854772,253.57578091083883,239.5667799939006,61.184182546216654,15491.32104553362,278.595063828731,BENIGN
163.0095099344797,62,32,154.92077611022103,696.0119693652821,622.3102549358642,153.47532679660628,228.63932158363207,693.3053365394209,4.613099506687106,4219.9855817148855,33.8182925877839,BENIGN
82.7368001805495,49,29,2708.144886551269,3035.1073647649896,743.7249460273542,71.42861998842424,405.55085741027176,201.1600127660705,154.79594607428143,1755.2628439397622,9.27870755300149,BENIGN
1639.5126583574474,52,39,2231.2374596316067,272.6495492819833,216.1452660897178,112.72465148084376,45.3085806267942,773.549533027953,13.53833377065505,2171.136925407279,285.3010320182507,BENIGN
30.56629797262721,51,34,1766.548459240135,1942.391891746055,332.5694214897239,92.12660983873,344.0916846254748,76.8496694678023,8.532426626552956,11812.93591868601,1.7114087342017772,BENIGN
351.43981673243974,66,32,2532.783595097441,3156.313798900361,952.0180373443992,4.862805524414997,317.360739315357,60.71847923770394,13.447069302192029,5818.82778069682,23.819691961676497,BENIGN
518.0008832397219,40,29,2175.167636374237,1837.610101049856,801.9483041770277,14.832975565796795,615.8233427715463,205.27641882510585,69.88767870593756,19717.314036541407,64.12562471358181,BENIGN
3213.664935287522,55,29,704.551028106384,1222.5137038103828,46.520081999772586,29.22465869519718,385.2201984865658,196.45824015567655,37.00057028815255,36104.96629863623,26.376164855447875,BENIGN
1192.142416923805,55,22,1830.171832517148,796.4675470365745,115.26819673279324,63.18703287715757,277.58088847780505,162.0539988886017,25.609993072639465,371.3391605750065,135.57374855947592,BENIGN
284.43371445712245,51,31,605.6003606136853,1030.237435390117,186.9359434686255,76.05471874138505,305.7580449106582,368.1894020095668,144.7342002251609,9463.825677590909,164.3022546813611,BENIGN
4657.004890140231,48,25,724.7017691384566,24.452146819762508,154.6028827651395,21.662476822405065,360.315252679913,715.1476924111658,4.697742299509145,8251.943620215914,44.90050560727163,BENIGN
1901.0057185416065,44,27,3398.320916593871,705.8439965837431,44.66635918422406,107.03980084614962,307.8437391910611,339.73887287232407,40.65039748021371,21960.246522314847,69.85772497443742,BENIGN
1411.6277237787306,47,37,3778.6715556996696,242.29459796165312,922.5932256763358,59.630914737532,310.18830415879904,143.73430931489153,11.8542820756196,9277.924521195064,118.93474122163413,BENIGN
306.9005882700393,54,36,260.5378307752273,1998.0013393465824,357.93763497497173,3.289059861253578,289.60417549314224,378.9432961328103,38.282560923846255,3266.312138656206,13.738864203338071,BENIGN
445.0899591778079,53,30,1809.9234448187128,58.970344617587614,268.63966303202955,57.1301318662089,307.1342644012269,577.5627554340814,4.274380973696103,13273.678775081276,45.02443597010551,BENIGN
218.52212446554637,52,27,3245.930134956805,66.93539896032749,762.8732602874877,16.053521064870665,180.523615544598,193.86755016683497,37.40895438311425,6891.385258500247,9.086911010675912,BENIGN
705.0814197840705,37,39,3298.9079463389544,486.2766323749704,383.0457398580491,14.60892356555921,155.30545033500246,314.6855884027745,4.666080531980702,8007.216619491113,58.87741707710881,BENIGN
179.4698387367111,51,32,259.27613318896493,347.8450863565872,182.73736472335665,24.637997434579084,371.25109369360496,91.14612563237266,32.244875578425656,11729.717332919445,21.53492578144985,BENIGN
73.65479050723611,31,28,220.77948234609784,260.1758495060377,426.6420812468027,0.802532082488022,279.6708993225509,276.9550815830135,10.471939992917958,7011.328097621938,15.207978507987551,BENIGN
533.0243987856998,50,51,97.97452050965718,406.2345604990728,105.61557426910228,57.46789293123066,400.4109236583696,104.50486862190924,7.220395265531094,1962.2451017140995,26.33136460581863,BENIGN
1386.136255215999,47,37,1570.237140747729,887.4228126638384,81.5091129450673,63.71506501257118,301.2678824291533,162.6569572462708,5.534197829014198,26733.502406885334,55.03086771854851,BENIGN
1123.601544644306,52,32,483.8704933047024,11.806167909114905,385.53605907293627,64.00034860889278,240.35712539563485,149.90745766603266,4.934525377586633,28769.63425609981,188.65310561898607,BENIGN
1216.2406117006883,57,38,1885.910643833576,61.6215736212682,338.573914932354,38.57754412123638,339.1168557274676,274.0497121012089,32.11255799325676,17332.70333782049,27.92673423387761,BENIGN
3484.203374768196,63,38,609.3891235481804,508.5133052020605,320.313948299936,32.86267052155144,329.15031302830914,41.89842690418505,27.41610919975991,8798.059273108169,278.2152668891977,BENIGN
176.64530519334423,54,27,1145.38446976494,551.8913107195085,517.0001088607237,66.05432239089892,239.39571140211956,262.87174376348446,32.57529007031309,3615.298739144521,131.26555297417312,BENIGN
1696.0826628480695,45,34,2758.8138437018247,214.26546387508705,344.2036225394376,15.989944457176042,216.16116072618547,97.09392334277452,3.44979052993086,1508.7473104406436,118.48782201801018,BENIGN
274.8305066633948,40,29,673.2827340501642,1318.984803116551,59.31319484144758,14.794489430141194,280.50260732571417,169.5102852076515,39.4180919884522,2262.554385185847,4.439768801176245,BENIGN
977.0648486217308,50,35,1111.799389577057,679.7759510502957,284.0510744237835,18.40785284096201,238.37303289148025,142.346841351539,79.9852758671711,1642.210477460581,59.65821911029055,BENIGN
1670.6014632518277,53,36,1254.141561831426,1118.5528891031888,156.03860472421792,46.40453712350438,265.39001479787026,314.0175421114396,0.5657268153439491,5690.57220844087,204.09581001371197,BENIGN
1505.286506629469,57,23,826.0102426098326,1715.5311290575955,122.6998389268056,55.135721661806336,352.27721148846285,364.2126545173808,65.91808283511406,20619.265037782006,65.73047030885552,BENIGN
41.11945415073309,62,27,1921.1671453713327,280.57899495355366,262.41075848604976,24.153885947316,385.5603422191956,447.6036529126656,4.241499205468567,10365.02423900599,47.206465276748695,BENIGN
138.29634431308867,59,17,5093.360119497151,177.21007924350403,1266.1017220919912,38.176775019487465,189.0951486827538,188.16137697426453,2.249727270931446,17480.295722796607,284.6070629793576,BENIGN
2096.307625950449,43,22,1164.7096207754155,155.5438215784631,484.20617161139495,11.665853893901533,229.4693413043576,410.84585783922375,44.8672464503959,9478.5224601706,46.841692004948094,BENIGN
24.703413744155224,53,27,73.90056903040796,244.83360559064712,43.786460907777226,37.8684243521477,470.0220823899593,214.18637867442575,6.0557819072836585,16365.217163003766,244.1490526523104,BENIGN
1434.6370292169554,41,26,1430.7450861439015,1139.4636300708632,119.5021732662584,80.43407051698674,350.9583758544076,724.5388314339184,48.1856574142524,4623.316791632845,211.02134666295424,BENIGN
1436.683368820512,38,48,708.0954446378095,716.1980155571828,241.59578917036973,36.42932003855067,382.9134705464304,139.05912646829984,5.224628464976082,11498.079051367313,154.03309957520742,BENIGN
2714.3111047419584,52,24,1278.487220724211,198.977613773703,622.3166214365532,86.73465277366508,356.6643183784757,707.5413273118113,46.44779265601682,15174.0365907224,92.16579088594028,BENIGN
147.20807068739052,40,37,2066.443289999996,498.2652441146831,399.9412314466352,15.785563425941726,246.45614710440088,666.1357732710102,32.93617714364409,2214.402501491165,141.09089905490714,BENIGN
231.92269854925016,42,29,130.82861513869523,18.65224440381898,315.7598043932712,25.732989847545877,317.1451152698964,74.61543378011979,18.328783129539445,5372.298088015586,93.73047971714766,BENIGN
4638.965239229588,60,39,1077.2652896247123,1053.9619123650093,754.8738265203351,107.42129645647609,163.5024552062211,371.0033691557869,14.11050360750634,5330.592146292325,2.1300502442452625,BENIGN
70.62272014626284,51,36,318.90456181673204,327.3242823590456,88.41427670711799,26.54611978727479,85.11391197997989,442.80250255147183,19.009538591642347,1860.9326696110077,76.48825201204221,BENIGN
1333.490303883392,64,25,105.04616592502784,358.56600072196,142.24260043777858,98.7206112750154,268.3740867156864,128.67717690173993,1.6061644917555813,2366.9849211489463,2.3920715590607973,BENIGN
790.6685951447728,38,30,1402.5742193637925,2066.6043798559995,834.4438662214236,8.68484535223349,333.56596154073964,54.871637190199074,7.356269313071879,438.9623232394355,126.71017091918296,BENIGN
411.2919143687304,55,23,1754.9239164258763,654.3101907747159,191.9364826875752,15.39537246587904,263.1767480179675,329.34162200072524,4.052524517479556,12404.329359773606,71.79777365161033,BENIGN
959.893976209954,64,29,535.2098057389769,1239.59739522444,856.7301840209337,9.11212031685591,325.2640628386001,121.95693411448822,15.26636837543987,5108.406700923147,36.66456210372253,BENIGN
148.93118562461444,50,32,545.6379398975374,613.0362671343696,681.3703978070296,37.15045777701189,347.7182782033676,212.2292412916717,4.270190961654673,14430.894068197138,3.627001573296377,BENIGN
2083.3584057535872,44,36,586.6696795412889,1634.8291318308225,514.1862205643708,16.670620290529293,207.87637223480183,288.045324633704,4.981136220177128,401.5965081918111,54.98088720472284,BENIGN
155.57694681135752,35,26,2994.2140054614124,20.739732950032707,474.72949058491326,129.78974562807866,109.42260957438305,104.0992878186302,74.1465845233342,3758.837785897088,43.13385601633156,BENIGN
529.6644467711059,41,30,929.1005525114252,231.28688073444224,124.1545727487784,20.521669447567444,202.5874194058722,387.4685322751062,70.30149212138802,240.7862289077733,2.346304861420333,BENIGN
3007.9495401039894,51,26,947.3900141067818,559.7777507204501,63.41605776314718,56.77613930464194,201.9534176251699,337.6303415538595,35.327137015176355,5870.036421078284,63.50958987781185,BENIGN
540.8742270293948,52,25,699.7674253306343,1027.6932746908394,134.99558034953125,5.140778455974758,251.97605928577812,674.6009303105362,63.63610996439972,2244.0397582698306,104.26424713185465,BENIGN
4315.458562058092,49,28,1957.4422951604936,518.0609408007348,415.309945115618,29.67511882270577,338.13346717870456,316.6877140083729,46.199116470966665,14330.668607626558,54.70178664189166,BENIGN
297.1436149295869,55,30,4427.404806521026,152.7805370777785,493.3831521785476,274.9639980533131,269.540178405403,290.091793967433,8.000493415823918,10500.043355124346,72.54026271725462,BENIGN
1424.612253597161,45,26,7351.721589423426,1046.361808927085,364.181112928427,95.770802804901,321.9225217080333,147.16203054854014,17.107332884079064,11565.60810787758,13.735615097626,BENIGN
2838.288237173423,62,36,663.5303736669645,899.2279580778735,263.911722549659,137.1505921034382,244.87231055495707,290.18421193021214,15.779339842916356,1070.542147492207,22.457770566161013,BENIGN
79.86395736312461,54,28,423.3198807714288,404.6718359863058,362.2393124632425,145.10665635749254,91.370830629107,481.9324373871431,5.259613076480057,1891.478796091866,140.81544116514198,BENIGN
861.7868409396449,55,34,3909.656134562983,470.06303754607774,537.3837921937295,96.98946619205516,155.07193268597211,243.96153787992745,48.7390486303638,7368.453426316971,93.93026542598037,BENIGN
1147.3797006401978,49,32,153.2315826748608,473.2349880905451,804.9177116650516,12.288958165430769,78.9747769554507,20.09196869644961,65.22413339515701,5997.038904768591,83.87221142731117,BENIGN
2288.2305001775057,52,25,59.83120221139055,120.7220420742182,264.4754759155421,62.38871729111687,312.37510952454903,169.19253545978572,21.638319157193425,1627.8860997993968,27.66407891374564,BENIGN
337.6002410770677,55,29,313.9141074629396,704.1558550088453,547.261398177697,8.621031572978138,316.2646616223,77.58474592701634,66.20932974123471,20741.809840380407,236.36098081817548,BENIGN
283.2636673578669,52,29,3440.840970647393,258.84504519946125,688.5136617587389,52.411779797691295,356.68878735376813,258.18140102590183,0.3821789629679558,3174.044701616609,63.39739527101336,BENIGN
102.77731500250624,37,26,260.4467371328967,321.01303002907025,200.26110523012304,115.15866217211196,271.13882221156246,240.59152505042067,50.297011349709145,3109.2745641872243,310.4750586494988,BENIGN
2099.3997617805207,47,28,1039.214313958062,528.3300468175205,229.2604303060992,144.8718744747522,298.0701640807928,165.12024932839614,24.19020884448007,7552.470582582516,122.01016457612047,BENIGN
941.12855647433,51,39,1106.432814933631,103.12961836046912,609.2894722145686,34.475191869247766,393.576425048787,133.02178354556904,7.223664680935475,5459.388946536059,3.549005774960501,BENIGN
416.4312671107416,55,35,146.5073987471353,820.0573967611645,299.6448514402783,34.99361536714038,341.1114688266615,469.9600837423456,7.440762240621592,6313.363781617903,69.3341037770752,BENIGN
1784.5902970122238,45,45,155.82923473182862,431.46214069344416,302.52669078767855,6.305755697782161,396.3455871720474,127.13753635978772,41.500229083674654,6902.731560549799,119.39676493073368,BENIGN
904.3938663703713,48,27,5160.56556486894,1263.2572025077038,432.2482910185119,47.077960957222906,290.8535833249124,489.02667350677393,19.12945259922976,15246.673908402236,215.1803499502672,BENIGN
1611.222042159252,56,23,340.46019385536687,596.1786564875518,473.0453011082801,35.96523330968461,224.66878822256436,430.02619599646886,23.279502422263995,7902.666156251913,21.41080454064765,BENIGN
638.1663846557594,59,23,741.3433167432252,307.0684063793776,379.4610569203913,15.561343190359317,324.0600576418026,112.30474201935752,1.1476185161743555,15741.036867022722,95.51948866460408,BENIGN
127.13022257045766,49,29,1202.2737411672854,452.26206619350415,550.7954709745793,21.964728790363345,245.11685863316507,49.30474246881317,11.300486209085678,7970.388383622559,127.14059805134976,BENIGN
880.8938680938833,43,31,3751.711278145693,1807.560090480721,537.4346340241702,121.24726387806616,407.91649341286507,460.9158943784306,31.95819097861981,7008.522660326193,11.448229584278875,BENIGN
2039.9836231826205,45,31,2625.9746085020065,768.7086438574114,116.50736975418911,10.63656437541013,371.9334625493881,289.8175298368606,14.171049941084783,14091.519493961803,101.07537862910095,BENIGN
259.0756504330275,56,34,310.5957202856071,1420.2371359498356,467.5333430590968,17.982582746532394,330.34787117376607,421.0786973022444,1.8348977887946405,15773.742616632007,47.93346897847606,BENIGN
912.192850415572,53,38,2770.853793345031,87.98927656359035,334.76728976036213,119.61781947892857,197.8740216152025,567.4234635679367,46.14935764669235,20284.686093402383,13.12227742457359,BENIGN
534.6569346201339,46,30,3506.4371656276235,112.75136881422551,386.57417753826337,148.56433096401793,221.28987958182267,1056.042027474562,10.640637070157757,2252.931594054551,287.436636996315,BENIGN
321.9812389614336,48,28,781.5622975373432,814.1544019767277,301.21597130260403,107.43275019778493,377.5987539306861,408.9803997087452,95.8803395083231,27718.75335046165,201.64796159678963,BENIGN
473.7918784843434,57,43,261.0697289075809,4695.511880710375,405.19956489008086,68.53464024687602,300.2384174157036,202.18962926238405,1.1112396921915195,19803.53164308797,280.9448280124686,BENIGN
78.89530497623504,50,29,498.2974990385149,236.27856555046225,188.6132060924337,23.153333576312686,453.7729244018856,449.8117824274245,18.890853858335067,1121.7904843084498,251.9243723121047,BENIGN
671.4804103862675,55,33,1047.1303193560873,371.5524616880051,255.35246652679209,97.7225686906825,204.9531708137638,178.97509745284225,9.270056652198951,584.1959693385296,2.620505020379333,BENIGN
1177.8196427258226,45,34,1082.5825821106114,749.65867407783,92.08501178110808,9.128694837466252,352.7209418283685,447.82563023469066,33.20632959137642,3136.0892862662454,99.15942420616118,BENIGN
566.918375072549,58,21,114.36953646535552,62.49200979042312,338.9483443178895,37.4734789457836,349.38816447483873,370.0080721297176,42.15572166980494,3353.622627061636,23.761172970770893,BENIGN
734.3231800466302,48,29,3745.2252696183336,27.707057750295306,220.56720502873983,259.0717816127412,314.5754484710066,322.928852060412,35.81629858127764,3722.9076419060616,124.43867210292244,BENIGN
516.1862263788674,54,34,1807.0090430701828,3766.5437466644894,138.52149343066577,208.4707326637157,495.8616199978704,165.78834732635426,56.583240618912455,5534.5963180038525,339.5300876128396,BENIGN
1376.1238826067156,60,38,1999.401503242112,115.93343097830817,98.91901047191224,25.86644308580796,437.5214205976819,149.50818510640858,0.2452609293227897,4530.541515208769,196.20157891442668,BENIGN
1600.9401073184702,58,34,710.6671912298355,1787.094297198811,244.06673351813944,136.4165121425745,266.55949817545127,184.75074529259783,31.321053952192173,20466.6515393396,78.82341379731884,BENIGN
2466.164212612965,58,41,1611.9468759599783,1281.287967306347,413.0953295262461,35.94964431655782,416.91965814826847,166.24402025988724,109.65928080219015,14226.772397041928,55.14072479110425,BENIGN
491.2937947777808,60,42,1001.2673566819668,69.98958472103523,741.9122527008797,53.96558470273438,457.0370849492722,588.9781204135355,27.79546271099166,14655.062231888658,166.7937576183602,BENIGN
838.6986813733885,48,32,1494.026753021125,552.7220213133772,1357.891349701427,54.36956473833978,304.0548458600357,281.0743096728164,26.40022531831615,8285.241035445844,27.56266462217498,BENIGN
329.8427258987585,44,29,561.234179990775,766.8524350632069,565.6154777752183,114.31923622518688,292.85778544976927,135.60877563618533,3.940773561471934,8020.161224878866,117.63130218340363,BENIGN
479.5722145309514,47,47,1296.9958145402543,241.70696191122116,104.44225142899737,0.723938169081278,328.1814307071993,125.42427030106654,5.467671333555948,12123.974785960803,60.43529920216649,BENIGN
44.1189986185019,41,27,2906.9459468555497,1053.4999736206494,104.56394087520616,4.16002785197575,259.0879935339024,44.03148026664756,12.807634921017744,490.520074437313,83.50096122829201,BENIGN
376.8291354905263,39,29,869.3119380614023,3928.707625662608,56.96105621737206,15.726342047824632,341.6405224522061,187.0618591561776,43.01843794011585,5493.057966893207,197.27380492557808,BENIGN
227.1805529083864,59,29,328.25351074425964,1182.770271640554,252.99633694802455,0.375183435338169,183.6668424015097,606.7518086871569,15.53306813616244,1881.2766725735776,40.39300870181199,BENIGN
522.4056824545972,54,28,4392.315754581167,2008.1493863526416,305.8766671588199,222.78305685071413,261.0131722143404,269.1081392231884,24.929909157210677,14966.655338563003,41.083614883744886,BENIGN
1670.2857504004903,52,34,2403.7345032885632,293.0088642029708,385.6449387724443,65.0739900924171,421.5003906503262,346.45245218800574,24.01832768890916,4848.488347016119,83.49983582780406,BENIGN
653.8088487800127,49,30,549.3125739479517,13.097831541447269,207.9325671781388,110.09211713186149,332.5080620397713,125.86144559011704,12.375674061156968,13806.865198726033,92.82924675609884,BENIGN
434.369423393203,39,27,2291.341188262289,333.7865683125665,315.0650731704984,85.27476968453712,214.41297180875583,294.1232903128267,1.6460370017262766,11334.369048613704,70.51574215695048,BENIGN
367.7056873312893,47,35,6511.692112679409,96.6813239333288,120.72945147357984,18.43080177426259,309.8211773416673,348.8994269694832,36.60476611613488,14853.975901716412,55.32832250770364,BENIGN
356.592189901546,69,22,504.00222600007487,184.7469500143595,730.0992330846041,43.80774956640583,373.8276929759518,26.658975229848192,21.663008598649288,37946.79106192221,43.85874879008068,BENIGN
1010.8653099260424,55,34,1019.4118287849882,492.8293213125258,274.96353108953537,5.74959256708238,25.75751182906015,41.990009739569366,35.2849395524924,15791.54249384711,43.85406290136233,BENIGN
638.7857932954639,49,28,646.4468899562738,141.69480842562723,284.0989195777491,65.47338784450372,273.57331816391445,169.51710882027976,59.79977284323036,33531.32007193161,200.49203299373005,BENIGN
2597.876213054117,52,33,112.44350767454414,654.1176081108637,663.7176139849965,0.6242375302589739,440.8663675957839,78.95460716224018,13.03666259361072,5013.894661777698,17.164622201482,BENIGN
1117.4027343031469,52,28,3077.493768706148,918.6518045956028,115.07167537529692,21.34590849543581,394.2699974368919,61.26137677519693,39.12366418149657,1935.1734226138517,60.47182901501132,BENIGN
614.5652746364185,57,26,1649.4862994273944,76.64558033062622,544.6039400527584,111.8036454839556,357.5546112377899,28.06214054911846,61.32317692147392,7061.48691918111,31.40287936690409,BENIGN
56.11057178814853,48,38,449.5431015710662,180.02973798923577,535.218661412854,66.29026971391376,373.6418742258432,297.2792229027594,7.926344603332316,30708.05619327869,83.83422142489266,BENIGN
595.0146636228576,37,27,619.474049938012,1798.5057282135724,271.6051218082145,34.03050161366594,298.24434408115667,230.4422222861457,5.463014124203428,17528.562931474647,40.93614077869533,BENIGN
283.4561730914955,55,45,295.19429927737644,1185.990591398325,105.2945174221359,14.845256309350283,133.70335290905058,102.95381505795986,16.37617852949787,5134.966715348247,0.2392715385750627,BENIGN
3258.415624500881,55,29,542.7117777761146,38.20314093262691,519.5813820100676,3.229919001248957,144.73986657739502,237.22755758122912,6.818432166067352,3951.489778402521,66.66857027258642,BENIGN
254.39638787094395,45,31,749.9233931665782,13.90032743185325,265.595125390991,2.3069373616296907,187.04698930681533,600.7742084579618,2.947228457646079,16985.911581153792,67.38657771465418,BENIGN
1649.4578429710734,59,35,556.5393742925562,1110.3825917729964,765.4600068621958,4.8823826566557935,213.9723428478087,192.6618814206084,62.31495056273976,10878.334126314938,202.9617409944079,BENIGN
1056.1974309192883,55,27,256.90166147470137,1385.995388297314,408.43725723923336,14.656771439780297,353.09990504869336,108.64949484433043,35.475688426878406,11470.485634576908,123.06327657764696,BENIGN
543.1757466283815,44,33,2169.3833713565696,537.4625813950934,195.7179248526119,52.51394733536191,261.0987919012312,440.8110154883284,3.4832263805661423,33115.07385937537,78.03293281167221,BENIGN
1376.777312936939,60,37,2103.5344608218124,933.6295561772596,200.9606268456252,30.611256008302306,165.28353021449487,265.7100852118407,70.39720783353899,910.6498459172892,43.66239687981014,BENIGN
533.8259054757455,67,28,916.2710082019594,301.2208996152122,84.29823792393763,15.899167871385686,360.9611485703196,1148.4496618448272,38.9620946906406,2947.4600288879205,158.0234351843874,BENIGN
1769.3878838442365,52,32,1030.3157920253764,477.8408353556036,497.7788757583544,0.5430853926086127,422.8205748755248,646.5577291330974,6.68980333312643,11203.430646750645,138.01128955287598,BENIGN
274.62846771560294,46,28,5102.295096752765,1473.7510157609652,576.9642852406583,29.3536370880826,439.9169519539802,412.6873262719066,101.7149268938712,1625.6553428551076,155.53734645072262,BENIGN
796.7906483133146,44,34,3437.084404921502,247.7127188134474,919.3138800823616,93.83198441170364,100.24711406950432,94.03107670402626,97.26959652121384,6329.391323640088,39.39159357817827,BENIGN
2797.9918427926627,48,47,185.2932857856113,388.508554126619,679.8072845131064,0.9022106434510512,273.3807205299959,272.65225111849105,3.0495884652634,13246.926575430827,212.71715058192555,BENIGN
266.06116595949675,38,18,599.9755004121214,623.5156729685341,279.31597635518364,9.790760889772722,296.50359300553805,252.73642322372876,13.024766895954407,6572.000817464994,30.480220447716523,BENIGN
1513.4252301294655,47,27,2845.0732076259924,2121.6141131397594,193.30371329342452,77.73545341243305,394.6402037762775,1056.5362448058768,7.612617291752135,7943.522013262534,121.21706033878688,BENIGN
542.9524990075903,52,38,560.7978563648501,1070.23187675466,183.7710908285239,56.83439079901689,320.1381887991422,189.246031725302,160.57011695165323,30540.032694484224,194.98030172383855,BENIGN
1151.6021527080916,48,28,3746.40181815462,220.71136084186728,303.4615857408656,59.15617149694536,375.6215853985113,489.35321965332537,32.47238426322694,18021.2258202462,120.9130816535027,BENIGN
1282.791477852921,45,25,4329.594328379415,259.47494229532373,886.5782244831294,51.2439877758222,518.2825271475693,564.7440844781231,50.00914730589558,16270.499963446537,15.278977785529872,BENIGN
708.0820297197461,43,27,3645.968715312452,874.1719284206358,365.0448802028639,82.75443673105408,197.040517989301,204.75600611319453,7.558373224932414,11666.979844294545,82.86389431986983,BENIGN
676.4760134093309,60,37,10108.722578632543,875.8107922136013,246.03369876470825,88.94521911171786,336.2947905957343,943.2554081148252,10.120119505651257,411.9112269749697,156.0840703772518,BENIGN
195.33329604044695,56,36,180.2351255685616,848.3578322514978,229.61656342695056,60.78642506878378,238.45624291853383,139.7684749731789,4.535265239621767,13839.804003928224,378.1664038244496,BENIGN
421.73416114746016,33,32,269.4484648134354,46.53028617673229,333.12456302882634,6.156890001632433,334.26054433363726,40.933877642504655,32.860867922858304,5870.230678311854,12.860172190673186,BENIGN
651.0288812117676,52,31,2921.5557105471025,3877.73456639772,212.8492357488939,24.647649015648994,286.83350952873946,577.6253134200407,8.751046951751206,2434.726844588828,39.87465372613551,BENIGN
278.61951641144725,60,27,764.1960666267559,899.313145492121,39.327911917220426,88.9775543433003,252.97439934390763,225.99504069921431,15.309399062265276,10907.134060090622,193.10610525958504,BENIGN
715.6569128044453,55,31,892.1646788113648,605.8684037506194,119.57262896623972,6.890231879392377,219.47304517024676,202.70321968716692,10.678943390295576,9124.68302228717,146.1480507322752,BENIGN
770.2583632948225,42,29,1463.9932771329404,427.1090765748917,1344.401487241168,59.34449579671155,374.4276668776232,422.6204977858626,39.08086099479181,32332.52636126379,312.03561791990376,BENIGN
976.0682660325608,58,31,2084.124296429663,1957.3106564337195,226.52012869073653,8.952945239653921,292.50717787240467,278.74367631063245,18.979372725774525,6963.312522384798,13.087139028607098,BENIGN
439.5484777228535,43,33,2572.679302584076,1150.851418363313,161.50407573145682,8.732092876478745,463.2017896987319,360.5683733371629,1.7573189662570363,8776.408832577805,7.781372908543727,BENIGN
390.8677880144847,37,36,1253.7184961886144,1028.4717859388622,347.73164942768386,38.47098836263344,434.4809508457933,246.2298084270029,5.1621207608685165,427.2739295191449,92.3192889611732,BENIGN
78.71828968795785,42,38,4759.525807424258,366.5924577068559,423.9377177454653,42.51982019910874,326.72272710132387,312.0910850004483,12.339182624741875,5829.8443045771055,106.29154126825236,BENIGN
213.55098099509507,51,28,1010.940110937538,1676.1148408329886,1290.1735472988862,14.203285287307851,315.1520614507671,653.8800873416,0.7606506673730274,819.2567286300753,71.20214290963217,BENIGN
615.8166220913863,47,32,47.6726443253789,960.717059609888,251.2529997518066,77.24212039431856,295.4780865583865,171.87458721817154,14.890455505588678,20752.92504187964,59.435408938747045,BENIGN
298.27508353350464,57,26,628.5465176189658,200.8276461643315,585.4789607543112,120.78102740146537,358.3869325995701,155.86759843332624,82.24717464500002,4761.45622501098,350.76805242704296,BENIGN
88.89283909093012,52,26,1183.4187217184897,660.4070771389277,390.4978004297024,132.63365092605332,75.688800173987,185.3256967297968,33.302812315261974,3707.686638784094,67.42831672672546,BENIGN
824.3603206028805,37,32,5194.164563646329,596.3244131004499,361.88572484591,106.90481817588488,201.83543286851148,306.64140897074054,31.24915616426776,4051.9280914252895,117.72579104991848,BENIGN
925.1518925039456,49,22,420.6157249004676,969.9970153713514,94.72449720237312,247.0702141161512,194.3339355809225,460.6829461109026,5.974567973045363,8156.914321081573,3.391587310304704,BENIGN
358.05241642823984,40,30,29.83564765991533,53.38971988160444,327.6158656055406,17.38245213539658,266.5839626358085,295.0162095680241,35.98404273755863,2914.572324087104,28.756639949059675,BENIGN
541.8586455108923,49,27,6649.042552323775,198.4424367749006,164.36112399775277,39.64054620084002,312.9949296123975,512.6732081084648,17.72873856315916,20956.314888496207,14.121942590188464,BENIGN
177.0157444826844,50,34,337.1041753817412,1057.4245985920702,521.6387551731002,63.3442115299358,376.4776628150816,250.98280067257045,9.179582823730629,36593.18666641787,212.0335183743665,BENIGN
349.0053341299118,193,3,6099.53436810614,444.9273925161903,442.62810626317054,43.38690919808155,591.1350831992668,257.60990015072684,12.316690195418024,73858.49025938021,1119.5736983955433,Web Attack
614.6815037198555,206,4,3199.679409027666,21.461073922591805,1250.712313871834,39.62250535526132,643.4334748119562,25.00003983872418,6.488180925244436,124671.49679223554,587.916855254893,DoS
254.39733304072,199,7,112.95886393661183,102.48734762775752,1044.5111305105545,179.45066607297562,311.57211517619254,68.72109489589047,11.81935604474906,94039.53108631156,9.476316439779268,Web Attack
752.9055925477172,202,2,4839.2577370635645,519.9324224459704,1292.3221447568149,40.42120045933319,563.8997667597387,55.69596326281743,5.363431328492831,11377.667872145585,292.31920561309835,Brute Force
444.47179109631526,187,5,6480.092932938541,1004.0078931941696,1336.9940329160386,18.43036291788347,424.635535919606,32.146067383404855,10.52876979437764,52572.375453600194,298.3304206590525,Web Attack
1596.710109507735,221,10,454.1910127410983,239.9992090003408,1188.4432885083068,72.66832654188254,326.73529094739393,4.932360537199972,6.264348275796278,41972.625635413206,159.09049411005418,PortScan
495.345410972219,186,2,668.7296148791619,326.73418532216454,934.2651767946464,28.17613960122846,312.94412193002705,63.26811885072454,43.153438322966736,38135.12211141063,95.45639581258126,PortScan
1107.6312716253417,193,4,2196.477493001133,313.87574420155823,1972.4532854104928,74.19624071381601,406.080522120386,15.200163214321568,22.74108928740683,61590.62962669536,438.81671665718,Brute Force
759.5531549217127,235,4,523.7304163728718,9.606735122553026,449.1931795633571,7.095531655960899,576.7020308810155,21.44990540290784,2.686868309774792,56078.00077387218,299.12952898472673,PortScan
356.36070234844254,210,6,3429.846876576576,255.4799449643884,946.8836729627008,18.651591082396408,545.6781317826727,8.960186534825612,0.8992717371477299,97640.37915456308,61.0521389473451,Web Attack
281.80948303390886,217,3,394.2604631998212,92.7796879419619,761.874527643906,228.11102832620165,849.750644099908,16.074089348969114,10.060817120606274,49466.71447149637,651.6408142323372,Web Attack
22.516146940614508,208,4,7162.294685192098,302.6620118455978,779.0974801395056,193.92258419505427,815.3356168722954,129.1493562762771,3.8268401253579167,16130.774330858949,911.903203014028,PortScan
927.5638344709546,176,6,5100.960257826374,306.28131501859747,859.6052548632251,235.5695479510368,540.8541058600746,6.435859799284514,5.5506801418727125,78873.29692618384,2015.3214334110892,DoS
1361.5628617234115,184,4,4043.5004271873154,96.21643750559502,2067.2591333788832,40.8933754872567,535.283896804647,18.51562741910237,4.493971172580466,22863.811019378867,910.4749918731007,Web Attack
504.7654525264764,216,6,2879.928717453627,104.20618458365438,1672.8596448349226,115.66245817997618,867.2864765076993,72.69118518883523,7.469052041154002,82581.3415486472,173.574368841269,PortScan
168.91529547131074,215,7,3773.9967707944456,361.86760693627946,951.4189173311198,193.7256848297982,908.804225228668,85.48097138728846,16.555624608678038,15419.260429471438,123.58305556224,Web Attack
0.08147465767201,203,4,1939.683481414943,1108.5655177768965,855.5648721372987,330.0461095136962,663.4831104652939,36.956605463157125,4.1425056763635135,4191.415343441758,278.72595346596273,Web Attack
1207.867302144817,195,5,5240.163601850067,65.56206666224142,733.7826151634237,280.5532781556968,718.8356692739579,39.91127995302871,4.421245447682194,250509.90787941415,814.0289884309587,DoS
350.93270805806424,208,3,8070.453581575141,134.54632458865248,1674.5516054270952,94.3432953442981,512.8848754804528,31.8723579342174,15.734719925374936,59335.79976139525,217.08046025876487,DoS
236.28159784044735,191,3,817.3480836011266,177.7235750220173,1333.168798773967,12.120230978135634,657.6598678617224,80.03831738724348,0.9230472593185968,9027.930071073322,231.22901244014125,DoS
503.0982296519091,183,10,477.84814899265393,216.70105270795807,710.3194130791835,100.7099408328379,497.1745391017535,59.58624563257406,7.776541172425828,1989.1567319913115,494.1838859793163,PortScan
34.80502187036039,194,4,2056.873774821608,348.2569701516249,601.9936018799832,127.83521768987823,590.0969257813215,0.7252663004178803,9.528532637331825,39231.99642694799,27.447099920583085,Brute Force
41.57261327622808,193,3,485.73730245653536,17.180541615991388,548.4270846480534,47.04148941653394,370.8779751599416,4.841232609042959,37.59179663651759,37692.80256491471,292.6724802977043,PortScan
122.23041081891208,218,4,1428.117102890422,91.79177962495623,2837.240496479917,34.526568203021974,771.7334454236474,107.95576391956602,22.097975931095807,20834.854981328423,7.889438030784311,Web Attack
594.5474141127146,185,3,53.617778856263925,189.92481238501236,912.7769823412162,157.26999416639094,577.3971972639367,169.3326062625594,16.871650298319214,77552.87001178003,637.8482218206952,PortScan
97.94623193395056,205,4,10878.88557935316,14.782872481847653,524.6600875301901,319.7737178244791,627.7717260160641,15.086124464402392,19.08780140364578,48403.148538278125,1192.6292265983388,Web Attack
133.93541363880422,215,3,1676.7678876766806,278.8723108521957,1245.1628901585457,39.8956770812054,433.4489255972461,33.89664385150181,0.4689360578056083,72070.21421336103,95.14163056328272,Brute Force
262.50826677191566,196,6,2122.996250271475,282.9097408163086,1980.811544613776,28.64629646905642,527.9943837090566,152.89666354408362,15.712237924609209,84331.7394954366,576.3467502093014,Brute Force
169.22656838499344,189,3,7090.698951529696,265.3870112990629,698.0206463735404,153.09111801605613,399.2396115139527,11.743902278640004,8.897106417057516,33460.37451749323,876.9360027652984,Web Attack
403.14264781962174,213,6,993.0999638524348,28.04762055171001,804.4324753048667,191.93905124384116,700.3827474863166,59.261923541500295,4.716767283630128,85205.84234756418,379.6314432470473,Web Attack
120.51881613418637,210,4,1673.7480126599114,510.38554288175374,900.3384992199791,37.46080416915395,755.2061664447865,16.056349527389262,11.787111819923824,95274.67568830006,989.8988388688364,Web Attack
93.88468493418856,208,4,1449.4028051283774,115.7015929926049,395.9696154292895,48.95840689405062,340.84084547889984,124.591039192037,12.49459442015448,32053.27730575529,154.62722897308922,Brute Force
166.3171261164572,195,3,337.50616082967144,36.347007173869336,2763.3498190184177,117.28417898420092,713.6692453260374,23.28648870336894,20.067038742349848,6686.745428441996,404.4197469606871,Brute Force
449.5542504639226,180,3,189.2882969770812,177.03654366990918,1085.7167975282305,19.791892174901108,835.3610616561273,48.97900996396433,4.171823245705346,11770.445914925343,1070.4909250312514,Brute Force
94.71590882239497,208,5,1955.5025116063864,34.582324697758075,867.080195308543,22.535711791020155,363.9463377913957,84.42919506128563,8.422852897450877,20748.99331118604,317.8785442803549,Web Attack
429.209497937581,202,7,773.3790945326472,18.474891269867005,667.9443951576649,41.90112403758154,873.7266172650855,59.47118691493386,3.0232448051004184,3973.767158044113,1244.2142261156505,PortScan
823.0355493617193,202,7,360.5564604373318,282.37589457008363,774.6136244711948,78.45379517144963,630.7666912887836,15.320499677286412,0.4466119614678761,3981.5043999838094,62.06674912949193,Brute Force
1089.595955616065,183,5,185.5608624831995,795.0939476673635,365.54525999330514,287.4888324998948,392.3752196320169,18.4650527672676,15.410496917238335,51073.86861157275,1258.3006975320604,Brute Force
332.2250956020516,186,6,6480.601605338039,1160.0856148240573,963.81387482157,135.43142265745672,894.2288963636087,19.99560931799248,9.239387186541816,5336.422609935868,415.6552196091093,PortScan
1196.9169194805788,190,5,4459.711459050169,262.0819228230025,1317.9291465233166,0.031014133407977,609.7698241676085,5.063984556921578,9.851751855224007,1709.1571122358478,1142.13521745604,PortScan
63.12596747870512,198,4,1575.275794098769,215.2396886112361,2972.5000323120084,121.07302528536688,832.5066171648539,84.64460751682587,6.826086763690448,17312.151877435816,446.88630327876695,DoS
105.43552483974872,200,2,95.57592376300768,546.9534971415794,1389.963120898978,16.23262151983439,898.290829406392,42.87225926928125,18.99104956122074,8706.963879272287,117.10296585986242,Brute Force
1990.5385804292084,192,1,337.6663884740599,180.9172272887577,1673.1734735051202,215.5025975692108,690.393613227631,20.20738384632209,13.657901766834984,47384.87057806877,40.91129577848385,Web Attack
113.88747781865958,189,8,8148.75305860919,102.78762430930476,1018.9584829018576,33.292476803593594,662.1728739611559,48.21192632982751,0.7507692436128375,374036.7236647226,160.24333313445362,Web Attack
240.10291374590852,181,8,6271.613014225236,240.1039039876678,4859.014647777998,13.151544102826165,451.64738089103,16.704222299430928,4.99114435500427,62595.80784780125,476.3617198122869,DoS
86.60327480788764,179,4,1091.2355341898528,81.2981873172521,957.4869177094888,105.55007234214138,310.1094023710112,67.45434203113078,10.90435772542672,113314.2606813256,91.89270893732603,Web Attack
3413.6647071436764,236,5,5298.96444417749,16.103913463982376,854.6346860594759,8.911545207230896,718.9270824661279,19.431708638790816,10.23719461974068,138606.7419122669,284.556364804547,Web Attack
245.53586318724072,196,8,1469.5769020503928,1066.4919550244736,3219.1949604487613,23.02670223773432,556.5760942539715,87.22523570585345,16.371493147515018,34723.550696976745,127.519456648353,PortScan
389.71536960880553,203,6,4370.451376843819,197.6976966889752,1045.1383088423963,68.69535467895422,672.1301059667949,113.25188574734152,1.932097917854184,6528.29620905923,182.33537685768195,PortScan
52.09044901747478,208,6,1984.246483293745,929.0831354051624,2519.4858152087318,24.784983619437234,858.7200346168436,18.990536907079235,11.033391522453508,74375.71886338253,789.0127838385372,Brute Force
121.7444955906747,217,5,510.832868680541,74.36441377704105,735.0084957957273,101.1828440076661,355.1163468448148,35.32447413297764,7.068171591016537,2667.610311768053,597.540892495655,DoS
333.89303896142223,201,9,2194.880385250281,68.43312931095474,1010.5145222695024,261.852778272765,572.0280950598375,20.27298569696197,16.594706088259727,16086.971303393057,280.9749851717776,Web Attack
1246.5797742531674,198,4,2314.166718561246,49.76288510669308,494.6340060829347,150.74565851974472,644.848528555573,1.5510098879921976,4.389779549119639,36581.04019075231,24.026956137292384,DoS
243.14043448457195,210,5,201.77514439393997,58.75301030911765,1450.5032422356176,123.83125534335142,472.0507621929045,20.64036173044246,35.37430212984393,23926.84479532594,2262.183474529681,PortScan
1737.1092439370232,204,5,5005.1347577514025,1055.483566678478,525.9839074367771,204.7816307153445,739.2761258937509,6.313087233853248,10.244180076580756,2317.8101277416195,247.4723635527408,DoS
82.15860604268337,208,4,312.78136055698224,1248.2845592861772,1791.3861980179383,162.05168728597397,563.2928600703973,3.931267505495784,1.254357190587097,37121.27571713739,2175.262479657021,DoS
353.1709265800175,195,4,22887.78954302048,91.63250656366276,2764.2633610579123,215.060924944681,520.9249051042591,21.70080903882785,1.6170753274232763,71166.59506851966,437.6814057908861,Web Attack
74.68870385864878,192,6,2324.5854142338776,78.76585922771436,1609.5739159384543,168.16780542128225,784.029818525731,8.25629816367751,30.234514282101934,39017.21407550474,283.40664507407257,Web Attack
27.52041574466373,220,8,460.2587690900754,510.2448384835921,2977.834064468944,121.6552798264705,304.1868833543974,81.56054781250836,2.2702420721764165,7213.94698912393,254.42807719743183,Web Attack
93.73007015019368,183,2,4059.8183937047497,328.3766549014007,1305.3866748121618,118.8173526221235,607.3204705186474,25.03175723118291,12.390284081856676,49812.5447344538,237.829864054069,PortScan
181.73062482956595,216,4,475.63076426156704,28.988112837659923,1235.9791415248092,9.85022191239956,993.5253614308856,13.330439562729216,15.49864059818243,22047.05623785807,880.972200476423,PortScan
424.9937272108304,188,5,220.85242206656352,402.9793373021162,2055.6316206366937,159.9820770704309,543.6994086963864,2.9271809841938468,19.885374303643392,5072.731575869448,943.5830365412744,DoS
229.810979444682,200,5,2130.6140078876515,149.10089826692095,1076.0557686058478,55.16600039034445,768.374264670568,43.93255341526597,4.404115102245839,125662.64655209908,260.6063695734229,DoS
2160.963077369071,182,4,359.60781136178286,45.77824998883871,856.5946112418728,5.4953736447136015,746.3474451326766,37.89879011023685,2.6964757846597878,47292.18745488576,494.492745233899,DoS
800.333974048078,195,2,2270.8703067981505,273.2804912340174,1784.7784549870048,188.2427910019979,504.0139679216776,52.87178288487125,24.78033123372704,29627.59683272267,212.45188009029664,Web Attack
67.75343836218661,215,6,3789.5885202036407,124.41305764251666,1188.3924346411604,131.46975207233712,883.1973985022255,0.9125053588094136,15.197258147674235,101891.32236519195,455.7431253204448,Brute Force
144.5777146339144,186,2,13.225000487854896,169.63398591902802,2771.202869966027,257.32737348373394,449.5471486133079,22.218285994062672,0.6108733723233589,21624.751100025234,1104.619903678098,Web Attack
524.5848735080796,213,8,5886.348207745279,185.91551069238704,1568.5437592682874,63.81453577056477,825.6056459436088,1.5757433556454763,13.234321110912564,46136.599201641424,180.4534588206156,Brute Force
531.706147137776,200,3,537.9142106840353,6.33646107832875,2438.3969207190357,16.872661357213637,282.6194416361053,4.870776394090524,6.452834959189524,64010.30285203429,371.1849482150615,DoS
501.3520524967004,226,5,592.8885901744942,136.0961248278707,788.2330689931118,2.3718684625566158,759.208944405125,11.548340189750816,12.38125923873038,24914.59000884397,866.4096576019214,Brute Force
780.9776070820513,203,5,6476.78879973714,188.5285037448137,702.9179441607074,127.820442546855,936.0291059088966,153.5399040292129,3.7144055529482674,25508.97907561695,871.2667927955672,DoS
182.51818141029185,192,2,1220.395660481269,21.90206985994823,490.80410273011273,35.568282060932134,307.2439565168393,27.338127825154885,12.333880173483012,31290.353725435445,751.0255544913147,DoS
1074.9923291902282,231,2,4915.18300898392,28.870580750902807,3294.6705933156727,13.30228659999059,349.751561817804,58.018550586978215,3.991014683069038,2412.905684162089,79.63476070176797,Brute Force
93.8120332747679,197,8,7839.825528409706,65.40583480753284,1783.2465736935965,174.89567222144933,592.5928338159852,17.11082174127799,6.660861700858657,18144.107625078297,148.5795273542064,PortScan
184.4290538258689,195,8,2568.720483947982,200.11430893229547,771.2239966327654,48.237640769617634,739.9927661807815,15.460283067481424,44.78535681072109,12120.328233210304,662.1065957272144,PortScan
558.0615088814569,192,4,2500.492158187364,75.6707730018482,659.80818437605,48.88619648138068,511.9819036001776,95.31633178702349,24.06682155786006,90635.7907934362,40.3631623645412,Web Attack
374.4142207888487,218,4,6030.808129099647,429.1285091036329,655.5527739694154,43.751591636583775,455.6205647991877,95.02061189598597,12.784942092595893,31271.96203875033,2.4624440695773675,Web Attack
1386.2054675425363,179,3,7755.693614690424,40.352145181137104,917.8929409748006,101.14838154310578,525.2273902677574,6.902162695025979,10.20445532689001,21716.988600704182,579.4014758324549,PortScan
553.044438841776,192,2,3431.9923470347007,611.8961282730813,808.6590556324049,60.00375895109775,799.8733664651107,22.750852002885107,26.676494445171308,2532.958483888457,288.75235838272005,Web Attack
333.1398841181012,199,6,667.7106232558815,380.7677729421853,913.7563646299124,100.35320266698427,790.4643232398331,26.32045079296838,2.6509289753162677,8636.19473649083,443.76917162142746,PortScan
205.4963514479572,192,3,2140.318290052005,67.03687445879663,478.15636678818623,140.05146709333044,514.8539590568737,21.6208533153626,5.1828135027402045,26573.790406937114,881.1023744545265,PortScan
161.14718373699034,188,6,1057.0448144323327,101.2057048447422,1368.453606813448,25.751961393003604,378.51453410071736,23.578695825424173,5.291509581602128,11958.594574555227,2731.233978729764,DoS
52.19519856329244,191,5,4515.652584825219,223.22202521482404,1633.0208476407588,17.614535421092906,421.5909625050655,5.068773788109088,17.59758436304558,142769.4727287325,298.9870395353394,DoS
701.5083199443536,197,7,1622.0123655394475,63.316684979359806,707.478473699612,522.9818558381572,569.2865556942087,8.047556334037052,6.036936544856991,2859.7711770424166,297.6713981539572,DoS
782.8647851084885,191,6,135.53702623922234,550.3919492313979,1971.3431573461107,175.72837085698777,529.2885823771453,17.803123113346736,8.615143075824491,58774.7814397581,898.3644126320052,Web Attack
292.2163206824176,174,1,1005.9133925636684,456.40044114629694,1952.0696816409088,60.974772380207,483.427101972871,59.891975855685885,5.72056519000193,55372.19597398777,280.4446274025119,Brute Force
117.27592627655176,188,5,2129.394851699459,64.03714773769504,1231.5564630783388,144.78128623031915,520.2156671953499,8.97019207117265,12.633267741517509,28178.127625691184,569.1120766938952,Brute Force
155.74887817212,197,8,390.8724848801292,220.2428432994421,1075.8389539467928,64.33708926968211,677.8514472186107,2.985313726605077,30.352337824027764,5919.759803872712,24.399793620548454,PortScan
639.4653476118663,200,2,2459.491231365688,118.92873868755667,1927.472135562607,35.91993723000225,926.2979087028708,65.33311705015709,24.883682603818183,71559.39787522361,1167.2845810062506,Brute Force
188.437171838279,179,3,1005.981853783347,83.60754871563483,323.0121300332896,8.297138193777597,388.7519219684708,15.006169667934474,28.72829446739802,55023.81837983592,624.8889637231607,PortScan
577.329283211556,201,7,107.17045060921922,114.331120546567,486.6288223082891,267.2622985421499,447.9742531917633,1.221643433447938,9.699007276918952,30857.19112380566,382.8410598303014,PortScan
426.2245457835324,169,6,2008.618109596374,46.4769169166435,1208.0914223292718,396.7089511448663,543.1783003021405,54.591274197111886,0.0106786918983035,23549.905522766112,97.55008824031276,Brute Force
526.1932651363057,192,6,1836.4712471518576,399.3102805126598,904.3668731014952,62.307079332505175,308.5315319336696,21.89396946420967,2.7377179029845635,20292.88325793036,665.5639987884878,PortScan
44.70739746542605,184,3,153.31012892756374,247.93311108282376,364.5595076662676,12.735040155640345,608.6367361351571,83.08048745511555,10.420141939520974,7288.424058589876,72.87177305061684,PortScan
164.67747638047354,195,2,2275.4345039641066,181.62105415952976,1662.2121215016643,121.72065285444393,460.2184237996176,47.138248440743816,1.435036896211321,33083.30201072559,50.7554090182929,PortScan
462.3961111731747,188,3,1219.8093002292212,64.44570534928647,1700.9942538349385,19.536008254247,718.8104098600351,19.976531585483592,22.21676744687654,68123.01623943434,36.42951428427545,Web Attack
1200.2453113506208,201,6,2698.732481005503,114.86202434735486,559.6963237190035,117.29066295538766,595.7344668136078,26.11973897583274,6.545109504491752,3290.5256754438456,965.1834123014831,Brute Force
363.4297144299559,184,9,1525.551688815417,270.7797381393105,1315.5340315956869,151.0089367460757,516.2535290339724,10.731887515889262,5.829379120172504,15803.142507503171,304.45877377044656,PortScan
365.13690283195234,186,5,491.9019369954991,153.27144823920946,467.5405114495458,16.694372968812733,370.3777370355356,56.74803880929369,1.7331613291259855,12870.48761178197,361.0890434785776,DoS
612.2155392593938,223,7,2886.406769350075,81.75749659088129,480.6120762755762,13.877221469317064,522.6377219162954,24.84522353682844,5.10423475484629,15008.419145995284,338.7769277726803,DoS
2064.7446741915905,182,5,5057.542916126154,145.3434331644385,689.5772844464727,110.22987213452762,442.8200988046515,8.102775838933592,8.07453938333292,73805.76217799637,542.5583323548954,Web Attack
239.5957556200397,202,2,10.63962978712605,253.2882339512068,1462.4563345800775,79.64692643334,330.3199211693389,29.055296612035832,4.079607206041786,51113.76037070422,7.236201183572203,Brute Force
904.629903084054,201,5,1324.7719112107166,466.72301407204014,1211.358669847525,23.090679970543,679.7734493089479,45.95210018857681,2.113785048721877,4831.947112850937,88.8419455972344,DoS
559.7806116548019,215,8,6697.347443252189,166.65915490674942,1244.4347755711583,109.19977808346567,374.8892604649577,109.5769044967504,16.079342928025497,58572.9233952697,143.80024659659531,Web Attack
1.8252869610677585,211,11,4112.189681056934,172.80446219741538,724.368705080626,0.8473881253891502,850.8178887737674,35.95028617522093,31.727360090795443,2248.227696530702,697.0309021141384,PortScan
175.79182752287593,201,5,1901.830781950456,125.3516181541458,1823.732630168793,107.1324239555451,364.40101889138623,83.64654563428267,7.627508056211777,30617.1574710641,525.0333876985474,Brute Force
2530.3263569330275,224,4,218.94086767492877,80.76249820015805,1050.2589818174374,33.69783233404204,566.0750185931747,318.7909238716831,5.368066112123469,95108.478223077,658.7254333003224,DoS
600.1559908196314,182,8,1631.82720989333,22.051846218431425,1135.3580919043995,18.37800423540846,910.4166165651312,1.85407227930557,4.555400818701601,55378.282426288286,87.56495180620637,Web Attack
380.7894380989079,216,7,2418.1367107457213,113.3625281511336,375.4971518764378,47.38046933443038,856.5019159232295,90.5197882417594,1.408007614145351,32364.698596661663,220.7532062335312,DoS
1188.5058508963778,192,8,62.89999513188731,305.54753391951664,1297.59115762579,285.0776989951321,950.4045989370944,77.25032803676794,2.454568791986265,66290.6068124773,139.71574519628038,Brute Force
604.9708774661331,235,7,600.36152464307,827.7241909705328,1551.7483267918317,242.00942897044007,854.080153858641,19.358547490857944,9.274639654777168,25160.444877127506,59.603728802527016,Brute Force
2044.081636064055,215,5,1641.9917173987992,18.89326464371813,766.283228721549,24.670514763684547,934.5031821676644,24.29143828498857,7.280272905643466,5929.829688640244,26.40113406715806,Brute Force
469.2047459423479,211,5,2090.8182853830413,22.796190344654796,1505.5688757991545,111.02831996260684,414.36925405551625,111.0327944211608,2.7131554792116583,11808.51967228756,1602.4123944294645,PortScan
64.0804072251849,204,3,1252.0888367844036,426.1625865079433,793.9993721543983,74.71369187479938,981.8294009764396,12.81918562121867,4.895383995628631,90435.69960250711,129.9945593905054,PortScan
820.0304986307627,220,5,1397.3933901269277,126.3491247506756,1037.07983354997,285.8463297794476,968.7277305499562,65.77021363136046,3.820619666263328,5060.415788900513,358.265309621177,Brute Force
280.4191777432392,197,4,5638.602206598886,6.572102194630437,733.7788690667336,12.751482416966596,921.5641384416352,17.088276627981948,7.529800751984535,31451.82562874683,153.42130460826954,PortScan
347.2886848535919,182,0,3928.1080973659296,120.85141552291434,1112.3913086409996,96.34149652831287,767.5567224909645,55.97555690240797,36.240426763280986,122972.59910821756,20.42437160643723,DoS
1403.184654039534,215,1,4316.912537083856,798.2116015246896,2780.7896521098064,538.2744403693223,745.2090083543599,11.000436010221373,1.495285395626639,72003.50733460355,1437.349823252477,DoS
103.93983730702148,191,2,1427.4023381346008,550.9725703945,1553.126065197392,13.24468410025082,740.3200722595094,8.989902845439484,20.01105520816594,71423.72471623072,404.4650962727789,Brute Force
517.4930036943022,219,4,4340.320467103255,66.64483823328776,2268.720298517973,272.3462991581183,584.807757335429,0.4149172841137626,32.600950300554025,30863.37777321072,159.92692692499966,DoS
869.8490416235661,196,4,1289.222861884091,47.03848061848896,973.761252759644,100.42471503267164,665.1697549937292,103.2052075797682,0.6569173419114961,2150.51027274136,1217.1256017291505,PortScan
296.9139162350026,185,4,717.5572423569868,571.2581846143245,1125.5911691004776,55.44204695678867,697.4271968461837,56.86169141811157,1.446071478081102,11228.616898380884,915.0682356041216,Web Attack
111.00822250848414,190,13,2992.894443276434,173.33040528656915,324.29995648080046,90.38442959983068,1018.3751905473736,37.21715275578421,4.423395895094372,91440.2244721001,249.36165933574665,Brute Force
157.6257818954994,175,8,25.04480175483625,60.84625070422563,819.4784879918437,67.25755905466,267.98459139106814,53.7524317194846,23.635408987283565,5163.757156761039,623.5178318302108,DoS
274.1256997774274,192,4,18596.072249186604,49.44511776630151,851.9017383123387,58.18032616200925,966.1565052385964,47.96936192488063,0.1208618821879058,32920.39740519275,52.97738879027716,Brute Force
361.6069088912367,192,5,12092.611887088044,187.84885215943572,2658.9603395403733,108.5969184711816,617.8965693248582,58.38766532211298,2.062275684801377,99161.82161825824,116.45049647909568,DoS
549.553147554721,189,7,1275.5222044191078,83.76421132340737,1253.7955063914642,32.13526983804277,616.0192093897846,70.33765810483665,6.481472923713657,35983.626770144176,265.68772571760314,Brute Force
336.4104352311321,211,7,842.8412100889395,26.787356479162995,914.521007480858,134.36304784887602,509.56086303902896,137.4472020380887,0.0779327552935037,4397.463895518899,53.83601778860625,Brute Force
8.57267750702626,223,2,5153.574182606774,113.04466649575282,525.1924673831619,145.038799207436,515.2152517134568,6.685681619257713,7.641949043232701,73265.76706564591,783.7462439406415,PortScan
520.8936887717773,201,5,882.9096036906161,65.07231107035662,428.11153506206114,56.34394477046194,673.9466275672967,134.61373772227475,3.055552062469725,2820.3568406631757,313.26284573437704,DoS
1201.5066258209397,214,4,3306.517297149716,627.803132599641,1598.9596205424093,0.0968034417587806,605.1303884652808,6.355023406967021,0.9075009785530508,16229.925620963668,141.89640009646897,PortScan
50.79933090841807,200,10,4524.870814415629,100.7136774592402,2534.731736642712,15.83201878006872,735.4297180302531,187.5478786322748,22.71024187173872,30879.33603618348,420.5674176572744,PortScan
421.14987648660906,179,6,953.0041408158438,29.67101325335578,1644.2254925120335,80.47620979755051,222.679877421527,15.137550501586766,10.11151373648178,32696.83847290097,878.3999228476637,PortScan
2167.508458216591,190,2,4128.135680256685,5.337578569941431,1705.237882589142,85.94639141189583,818.6728668884812,31.465640333433857,2.00159032285164,13462.954927752988,106.49235403854426,PortScan
1295.257870643546,209,6,371.73065888291575,227.50525749269255,561.7958142112948,356.93222456234537,723.3395993527843,91.0830441664934,6.219739700168628,65058.85936954246,399.992321152861,Brute Force
623.6672502690093,190,1,758.0819099352548,631.0785778308154,506.8547113708752,129.98102293266683,589.9621186226315,13.029874455756088,1.8327950756724785,106396.24996147932,252.20187807854828,Web Attack
553.5483496797531,209,5,7356.040282016238,65.08248707887567,1459.1744407046565,297.7040973053166,663.20502293457,7.737860090244156,1.2981737452614703,72856.79475004361,25.057864929900678,Brute Force
238.24058938968352,196,5,5500.460841709655,274.5498711871545,915.6067981519274,82.43546466242294,347.9883208503438,58.34685126091177,2.704914436761427,17428.114279643523,251.53256862365944,Web Attack
6.351733236817779,187,3,3919.072474587242,254.8824227268108,796.341169491897,55.83363898626838,978.2121099744712,63.90090412457891,10.088734703217227,22472.02360456997,202.7662486822896,Brute Force
484.5141238319244,211,7,6104.974110255508,29.239756661977783,579.0742965096686,0.1110031927768933,594.9416418855939,55.021531718506175,4.192782642322398,77104.02685294216,217.8320482634278,PortScan
898.153260696323,200,0,236.053570791746,74.72869651250099,594.1819672605135,150.01066294105283,664.5865254521465,3.621257153185646,10.993169459734789,17009.934037824463,109.07890386280287,DoS
220.97285169403688,183,2,2554.705135023558,193.4686044387528,785.1731516472636,387.9741643002421,436.4606444460801,20.391683749456572,4.533246698203176,48064.54799268628,317.4767749290132,PortScan
1782.516079411224,203,4,4346.323346656463,197.8976684337105,797.3916640055464,388.9614956224945,658.6841464723384,3.0483401227962803,33.91560979821472,45112.31129534439,153.29697276110824,Web Attack
78.43879485077031,212,3,2994.678992802416,405.7199744869683,726.594023612356,74.50559257604765,807.1342769777771,16.705239164276385,16.494861533314655,35506.92393920739,492.97154817709327,DoS
508.10134767151817,209,1,7273.38347322121,192.67891175008316,2893.1854594560277,278.888855247015,747.1111839612548,164.82710156009358,15.393594587018807,8839.293982006253,170.357238105712,DoS
23.635895526023894,221,5,3541.470133554316,141.4813712846182,1244.3983334986776,317.65484063468506,431.3357911156937,6.677651803892987,7.255220726285611,87575.33715965504,188.47161177375068,PortScan
32.86986784218056,240,3,8506.334824530753,47.280279020857535,1480.2806888672908,108.37955450060836,394.9944802576541,25.936741012574757,12.30189342195038,16628.491405798883,402.61461558641054,Brute Force
898.557015315863,203,5,7873.366395304028,461.7487836350356,1445.9061172711768,159.75105298612092,393.4203331855941,242.9960424832712,5.2451853587689925,137344.96583800824,429.6143262970261,DoS
664.2867769432638,202,7,9210.350501253348,217.8230651092519,350.9166222505148,104.21248534737713,507.130978395245,46.47429536715768,13.220697469928105,194846.04252021245,263.9207782188955,DoS
133.07116938804384,191,6,2774.073301366833,246.390005981202,1217.175146995964,70.27137945603819,681.1685897646901,54.2357168657384,11.971798890512904,35054.78536336627,445.509425459148,Brute Force
133.6199623665886,167,2,4441.862200373714,513.3550378626363,2727.766434225154,147.93055804364175,368.4791833120907,98.88383253543503,20.933841418871285,45465.043103008175,549.1035553424799,Web Attack
25.636093518256477,222,6,6257.005042861953,650.2674019387174,1761.3778750663168,168.4906499959235,252.32998793959143,34.263196476851896,0.3806053308689502,9804.880306721829,719.198193418754,Brute Force
322.6764318456414,193,4,1347.741442427602,1017.4831913587632,1366.033809227169,167.00393467071768,370.2365339482407,267.229426771505,0.3807445288182812,11456.884876608625,302.0118257963809,PortScan
546.3917737964052,199,6,2516.611374443875,309.393142070644,454.36830606581367,0.7953672734775427,119.0125925814546,8.574650108804695,2.335813755323441,216220.67810716436,421.5917241513508,PortScan
6.110909955840586,195,6,2312.5605849146923,373.5095159582862,1547.9548837343425,42.27522067822199,518.7594330760364,48.91310987212297,13.705606426120976,183177.68483151856,1701.6584495322634,Brute Force
419.8239268514122,192,6,148.6138794114785,134.14073035165498,739.9037432454003,13.950307819866334,508.72321714845145,27.311104423031484,8.617344493695336,179.56661026718,558.4105426312316,Brute Force
567.5431946341026,213,3,268.8610280356625,351.78647735639623,1941.0850329809728,514.0024031334708,714.9436316731562,6.9875300793709085,4.268304193398927,46974.32127091743,480.5584842400258,PortScan
353.4860537795489,179,2,1846.557669093432,214.061318830668,1641.9626404253884,229.84882966375383,753.5529950777417,70.66944799754998,19.471467149445004,32884.245984664834,236.39856362161797,Brute Force
343.64509783887274,190,3,3672.494373096511,25.255438004544786,647.9710606571732,92.59634464887785,758.5708139261832,15.54247330201393,9.115899352255584,17551.056987768483,1155.1201667972482,DoS
94.99493046263343,198,5,9848.77802144091,261.0425796017018,1739.1972111406865,45.51469179223711,809.3393439530685,118.88046371701036,23.49064503640012,150506.90995201468,298.859548937214,DoS
137.18934134604854,195,5,3744.8958612790366,52.25293665524446,1606.2927246353208,107.89324324014746,420.912414427714,1.3814499621321783,13.12559779366572,254232.36737830864,236.79704454110825,PortScan
799.9372714834108,194,5,5851.981211000093,18.33180765214461,1647.992159370204,180.73013231645916,203.1753303721221,6.023839765365432,0.0417745132574341,3561.6944638014625,413.7105338795439,Web Attack
79.53825796939333,179,4,1665.028882477232,344.2120130034411,1633.2809841621795,88.37305298421579,467.6772186477676,32.09545926790728,3.317124373932633,48303.05481987544,36.17003377230563,Web Attack
697.7356804784321,210,3,2085.13200295472,0.6886806536618464,595.168151670577,114.24292242295762,706.8494907981603,9.614019139909251,10.861367116898018,11800.480569682568,365.7515950936033,DoS
110.272618941574,199,6,184.53713443124403,151.43538726968188,541.1663699842866,101.03088417873924,643.8827929439213,34.636429548928014,15.158716663539334,7586.687672793509,1179.1260914776044,Web Attack
388.1778862333624,177,6,480.5077174092156,104.49099829939652,185.95250597765116,92.18873012737367,528.0944476300668,56.3934373034632,7.10303109401133,40862.29982432817,359.0250263935338,PortScan
162.2471778743572,189,4,2791.3987604256304,36.1231298423831,411.88918641559366,50.18273779347019,842.7212060792765,17.1687744242367,23.43444301256803,10803.904395553462,893.2730560298725,DoS
399.0493572504905,179,4,1340.4966544519627,205.6380442090095,2772.377423206573,9.730649490520952,478.32633047416135,125.62053997938747,18.42938491218434,130645.1421601474,4.692322772418245,Brute Force
10.465716957120756,193,5,7874.570410865683,84.83004376322758,710.9281645893735,166.67664013965617,654.683534792283,10.021623738218269,8.444982771932713,37772.07803485607,552.1067869815507,Web Attack
80.6767829845389,201,3,4127.37266982203,72.4455160503672,816.0594590239526,36.25588054960759,707.1076322409465,11.27701007535366,2.1588447091465843,42745.93867350176,52.42782068507243,Web Attack
125.25775888164952,208,6,2941.0367462860563,1069.66761488756,760.6965443695957,47.10081334715941,662.9692530537078,1.541360392266428,3.984913414487829,12753.932449705952,143.29140737094943,DoS
146.5727339794515,190,4,4132.058966774495,96.779250934395,1055.063584069629,68.32067077733079,737.0874569590073,25.39233819742723,3.952288769659884,88042.43396515948,221.72684174140005,DoS
0.3170499064171949,210,9,519.6315932930611,19.26645492853866,395.3002086591108,122.81338747511536,597.5033411631917,30.239558204030416,5.386261807011868,58073.415207125945,834.2263494583459,PortScan
1508.2208168292598,185,6,2868.0004940080125,233.29323233111975,600.9411912431635,101.60736195557875,514.3313760536358,6.936397380639832,5.694553214248005,25437.987979274523,370.8586438346736,Brute Force
183.14215997999216,171,5,1916.4465640788333,163.9737991738309,1089.8147300277674,420.3772400866244,702.4156744199327,36.045428658799686,6.3300736557728445,22065.71865988568,232.21907694883112,PortScan
1905.0851831338225,206,4,4470.113571087847,14.899336742978065,999.2620352540936,90.41645795875483,427.0245586932286,41.813805053737205,10.011135677663448,190563.26863260657,147.1776385879652,Web Attack
285.9440894274449,180,6,4591.641272631328,243.72931778435276,1598.0985703543538,155.4774441395703,415.2131754755373,61.79465056380538,7.209098436623018,68383.71760013727,772.4173770482378,Web Attack
408.7192401680388,199,7,5708.911307755898,7.75852411249667,617.2287189912297,147.302015417014,1121.8392174669216,90.90042826080762,15.854242682385822,175717.61385329734,740.6675482914764,PortScan
266.2492968921237,229,5,1412.754569110538,291.7227236638544,953.8750942564308,6.743614124132098,463.4234867381585,2.054052198766529,0.7973697651033802,35837.92511295576,370.8595690450496,Web Attack
676.1000120411501,220,3,999.7838259765406,11.198204827805556,1951.0165350092057,140.166412357058,447.1219934649125,1.8334697008822696,10.3931272847715,46895.394341549865,245.94989656940857,PortScan
676.8101539137698,208,5,1597.998109125248,569.6386389716952,1798.8270000852126,108.16496811832688,554.6860972032689,141.11204132243907,7.576168173043959,33775.6515096684,434.2715807980166,Brute Force
3.454018694729699,181,4,687.193131524526,142.1871271691152,991.2637208499914,173.36095320316537,804.3615358420889,7.224664043907179,10.68220271009128,29780.16939788585,123.64042116968808,Web Attack
1005.4508974566004,169,4,77.61362683000365,63.94643871193705,1255.1954487303335,276.20129372678105,175.78264723544493,20.64784047429061,1.873014199928425,66420.01847975448,112.12679777121392,PortScan
122.27526627794347,208,3,6275.141132227366,151.74008697513185,2000.2431359251275,0.4951429571387636,384.38144678393576,244.5321310393356,0.2528456662114026,17412.774316512,734.7194398265893,Brute Force
935.587079981535,184,2,288.525833500221,261.13272095888067,168.6995185610194,23.761876819767693,312.4568865033921,20.584409430212464,5.555833241128276,45632.3679277116,549.2045489148604,Web Attack
983.3129327265926,204,3,4248.056973645376,35.26361313316363,1082.23118090127,2.1780708477757,403.6498916335257,46.812815751429326,10.280716920813145,23471.852303322885,410.4828171436076,Brute Force
681.9707305827002,207,5,2817.06540538134,4.240813926493254,339.77700254019027,3.466142232366935,616.5640478150743,8.361079401044242,1.846651112206572,7935.129472985526,279.77720160330614,Web Attack
901.7485207708538,186,2,5009.078224289442,452.3020201226428,2304.9923346179435,70.02939528545457,362.8206340099548,38.26782032649979,5.645599783339504,3942.17653427049,517.470082158564,Brute Force
129.90722345793324,197,3,2838.86515210897,428.8990702038602,673.9577382132798,20.760643931582464,651.718098837502,128.1882030627934,4.222674108622517,1055.82549875381,136.67224222449224,Brute Force
17.69654654534028,223,2,312.1321672693579,96.4498859726734,431.3451191741857,261.5469406995344,662.7559321205092,109.95081485874572,2.5799049337187485,100796.2795674379,522.9264626355621,PortScan
1364.681783365292,200,4,252.26956207002883,117.6274091572304,1082.4252129162994,33.05121843200748,503.7643967598967,44.08721196792118,10.925340264773949,60619.96670779558,636.1803845849579,DoS
93.70182205615444,211,5,3620.800436817861,105.26074484152076,1932.2955922914052,21.57805900872906,666.5183443205582,101.19458585846397,7.349544045881215,147577.48202547457,678.8839937228764,DoS
193.70252831375277,200,3,2409.6949967241594,201.4823265859425,226.8113420313859,18.38586668589166,765.5331575371558,60.9655692506086,3.968225860055808,126657.99698707851,1008.4378601146034,Web Attack
217.9062293796742,198,9,226.03689818654905,274.6065082247094,1111.704725387306,22.790797502669243,649.1071663148489,1.067758825060036,10.518674554645573,16878.059166970892,427.9346660223301,PortScan
17.478686560092942,199,6,4062.694749984641,114.4914661111204,1895.323824190155,127.61242483049612,886.8754498278746,72.72720215594792,4.485652594920213,23494.826648691826,277.43361124988235,PortScan
895.2203989254836,177,6,1649.3126964379496,476.7665824754938,1201.3001252232366,77.53253362861547,412.3424205175774,20.33069054373791,0.9610369871929524,73358.95434051199,837.3524899730227,PortScan
327.65791647031216,196,6,6557.501998574291,308.8659564516329,198.65032189920584,192.73086434243632,748.2669786492128,35.71073464620093,8.679563740804491,18415.37043185985,812.6258563778572,Brute Force
151.57020417635383,213,5,5271.467296447315,4.420628239258873,345.6158730903532,121.73127093668872,422.11001686297095,39.48433991902579,10.262696629858825,28763.636334338094,133.0301543626931,DoS
155.3384117510698,197,6,955.9757929268428,298.019848778009,898.1537385009545,0.2592293085703889,999.3013457455174,8.518158620923744,0.0950285911276201,84872.48224319305,1376.9653154969417,DoS
202.42680009813975,181,2,2530.489357261061,106.08737791204484,339.51312173445064,12.528216751301985,790.3385213392023,33.866864894414256,31.14914402113413,4213.367782909912,353.55208559500335,DoS
118.18118171759068,185,4,3873.5591617320943,133.80685841068137,928.9089041247408,75.49472081924667,870.7361091116211,27.66735703888774,30.975976288729623,116255.91293289146,44.896329516794665,DoS
306.4617606763108,203,2,94.41098397973585,292.9059182028307,658.5098836931151,10.277489348029558,341.9442291935828,64.04547898803376,16.558863002473082,17721.9881152754,416.4505410003494,DoS
1895.4878355313576,207,4,8582.859933043319,135.14370166590828,1422.4231919660974,83.74200931375033,679.8792058451472,88.12887894373794,5.488439800264299,2933.018534855757,1241.2990918438218,Brute Force
1744.911047289732,229,2,3256.552138785259,219.10876003268416,493.0040994946391,702.1055026017216,777.4514412429854,4.715003385004982,10.533866695925088,57271.73165730984,521.0553733514262,Brute Force
106.50443878001374,203,3,2542.111382266832,113.94051498774576,1122.354704367109,18.35942108559588,682.817144162349,121.4141440508441,0.2880354102941913,19659.9089423412,347.7845564183307,Brute Force
289.4661800241968,222,5,1759.5969770581146,405.7073049387512,1418.9752707270084,38.54979194538962,685.5669862252604,16.787542023614147,4.828347922156142,75894.6911550374,243.74990536128007,Brute Force
1558.1377400652634,172,5,13208.308053919192,98.95581684126589,1348.1573024890183,248.7805334891989,657.8849618242864,42.9054521758417,45.11895324707434,53558.89734728704,516.5796458549854,Brute Force
138.10870114089585,214,4,2654.9698435250425,12.646960313787462,282.1366692884371,31.65026141937295,324.63150145688786,59.31233618224139,17.933440333301533,116833.37823089508,444.0057774196804,PortScan
380.0179307966518,182,0,929.672726488034,21.483753017666757,4091.095797750872,53.688507106216655,857.6633883948251,87.14507195508254,11.850355516632211,57089.830486322055,523.7218462509859,PortScan
398.8167026536789,186,3,5868.821522120812,60.97164975031214,1423.179329464566,231.28368264731068,548.7034931845106,102.08692222046908,39.61466144107212,26188.794190947807,214.363575435343,Brute Force
145.12139257818413,205,4,3322.4667880636407,101.29845955976629,1214.4408253624306,32.54631203730131,800.7187565781976,187.897788606723,6.912129351575561,14546.2851772607,427.8201893685072,Brute Force
544.1647693761554,175,1,3356.0822172059943,158.92148364337376,1603.8450418881166,104.15513018425736,581.4347502776463,31.37988815339724,8.064336291472603,12025.253436232815,436.7068827566794,Web Attack
1378.274242729767,195,7,1356.0847739550106,306.14072310857085,1604.7367690612607,25.20128487151934,730.8192442604224,37.7692891939196,6.492361337598452,17227.545465809144,1599.1576355673412,DoS
126.91911363486255,218,0,2086.822677370522,186.6926120213432,815.3277154124613,100.00339780981489,561.4719114618224,16.75906532406153,8.193657830222875,33470.44417374688,85.29368068303661,Web Attack
462.0436807143341,224,3,3751.4883528000055,61.093642375936376,905.4168281563042,37.6105150702386,412.1568982086485,45.78415274475413,6.924949439319406,93614.30249519364,355.6801902225559,DoS
1726.8995353743069,215,2,5102.324620985114,57.17311998561732,1346.3522732227734,42.57813697622107,950.8892868188104,18.310146186668103,9.705611107473173,88524.8036788907,116.1510183875302,DoS
184.9546460320807,203,2,746.0266402750982,59.81751673332016,1573.8689826782904,142.17836624529687,666.1964776279259,58.17463737829166,25.77488632667,60354.66593682108,549.6630165441185,Brute Force
614.0658428703894,192,6,6077.6296807564895,438.9951667115147,528.7239229475406,180.109836043954,549.8768146290386,19.98526811851443,39.71616377891127,12765.187379700385,820.1156490640248,PortScan
818.3774528242507,221,3,5259.188640543883,256.90824356701125,2022.8239893426012,51.127183017092456,334.0234860699583,75.32582646951842,1.9304120509363265,75820.74924659963,921.9312624976964,Brute Force
57.93297212670531,196,8,601.7122875885722,142.70320332774125,695.988894248913,73.00918777183489,578.8150776535483,18.957864642442125,1.3002436743117538,56989.24820716551,177.3080538798001,Web Attack
415.5848187225799,201,6,521.4528711285316,31.986492466030263,2217.323407605132,152.16747803993812,447.36410129731854,39.807505597105255,11.254820338707546,27562.941248280444,623.3309894962553,DoS
1019.837947582604,202,7,2789.0503671978213,26.46775290137149,1127.973041288754,89.21644700428479,548.1134641263193,38.01457969282647,16.111452512885876,110967.27673665804,316.2362972651131,Brute Force
1136.714321839738,207,5,694.2230426481922,536.7014686129745,291.1411087116284,54.38820139528188,1104.429731774632,74.82497102657446,15.461286421850089,28975.400430075944,3335.4876352815554,DoS
165.41401566535745,212,6,6265.656338807014,224.3755147099084,696.7766501461152,46.72517991703095,774.7212334118312,59.970894722651146,7.925660686324591,61947.846226016976,83.4513555696273,PortScan
261.8102118035191,193,5,2417.63057549192,304.0467481969641,1396.5190438643451,294.37154605418345,450.2243729016288,23.804993115536348,0.3754046452572723,43728.64819758922,117.585553664685,Brute Force
20.359265519832125,227,2,2869.734500515198,284.12452636042144,1193.398367651417,58.45109927400328,715.0256208148776,4.138899042756548,14.187605768533478,32312.235999763383,3114.545520976076,Brute Force
57.026877519716216,182,7,1012.0253697882924,144.06050452102147,2350.4795412565104,41.03719091967013,716.3420699975494,29.36417376041837,13.783203598372165,267773.4583140217,1341.1996261477468,Web Attack
702.3862171035195,214,6,4851.940172031638,89.10036369646402,213.736533942554,77.95980939543749,773.855316884115,43.28679021525247,4.4233862086749225,81256.40890448485,137.59789156456918,Brute Force
278.32484145707724,193,6,3061.388855008367,202.4689390141112,2663.3080622962766,26.20654968003848,284.37103304177856,98.8519462463168,9.531467887260472,15738.045700800754,280.77432307317474,DoS
497.2846584755833,209,4,174.44948146526937,320.4763871760828,878.4024824792479,103.82427403158268,810.3339512977934,12.692047603349245,3.2498992803247875,67651.90463239705,251.4775502294107,Brute Force
298.1343184403618,172,9,4893.865256590108,360.08137240740507,438.6870524798529,4.057056376228838,697.0401990941601,3.4977102400272573,2.0631943501528056,60522.86591705264,470.3226086842281,Brute Force
905.082688889722,219,6,4407.615136844671,156.7708781922154,1555.6657832753112,86.19705103476268,494.358567114326,20.98355155082933,6.166181981973256,2712.574008235908,1239.4419172975463,DoS
727.160226273574,198,3,455.18929452336897,17.163304082967205,1696.4984617029536,25.02249132191962,703.8462528025145,5.508403739075712,1.0757286271152269,148321.14422024484,14.82287609111541,DoS
690.8880615482384,216,2,272.41572131617744,72.39670844226637,650.3235061687864,502.7365307799316,507.8046177854376,56.24082671939915,16.19930476019699,52254.188567147554,423.1428282712512,DoS
172.61888978889195,197,4,1543.7920356182135,190.19540319577712,1327.3702296933618,34.83131252555513,323.56879591470204,6.287660234004291,8.912177894658896,27809.515715703816,120.16092540040336,PortScan
1110.000026703022,202,4,7190.614564099186,2290.645218253973,542.5696763481822,46.10083869668476,390.2258108430876,9.861865455755096,15.536022030284125,4224.950128423682,1159.32480473023,Web Attack
669.5026629785383,187,5,2288.0534654636126,95.85239324132468,405.3275769735878,32.72661080449302,631.7365951183972,94.38378654212153,3.583376790604642,47641.61644684563,378.3839778196792,Web Attack
1088.8284222312311,190,4,5441.069891353511,84.6704409505026,865.0085468549012,109.26973090267327,593.1671825768841,25.388648231657506,8.117029428502123,89056.98191853125,607.6495400317694,PortScan
283.1820414085104,200,0,3726.203477809309,334.6796124906504,982.7062581535216,23.520862616136597,741.6723233459779,158.17013945063468,6.709630210710818,5059.883547323776,435.0878111638781,PortScan
44.98395813198204,203,5,3305.876882276772,98.25534553377398,798.1859374197475,74.2777769636038,747.1174491265492,76.03440122866353,2.9995982664911924,131613.50294360955,194.1869704212448,DoS
80.49094298907124,193,3,1316.1717746322738,499.3820826850855,655.8388093756417,42.53202263810071,655.7389708470221,1.7057467774754396,8.233164462496859,60483.40886734547,1136.759712629586,Brute Force
808.083546519391,207,2,4615.706475563636,573.9226192657576,2957.211427698764,144.64590114696418,494.4027774837663,71.11608875610801,0.464127437450634,20140.7939366446,344.3448183742078,DoS
316.40472638212594,190,3,135.84881145726246,250.39190918706757,552.1436855860496,17.82740703213802,672.8514928115972,45.75815735899847,21.259863993850686,132710.8242851311,314.7071778089938,Brute Force
1502.8559353207,208,7,3794.289896873981,47.356166072258944,379.7741248354783,99.24777669087624,549.0365982359498,12.028625342249777,24.293099824770295,714.8917168629778,876.3482977889576,Brute Force
193.5372297804628,195,12,1963.408097588314,40.39220430804933,916.1926809334436,37.97921471608249,542.903206520522,158.05959939583823,5.442511556632058,15252.014527936451,583.9757223939941,PortScan
1138.6191515369694,199,8,176.31910110694676,364.82360906758345,433.1603009034866,63.0648760350815,517.7648682294861,16.542860445302406,19.41756795404469,47102.95787215853,1478.6701670845885,PortScan
60.54724444464023,212,3,2133.7472312916984,194.4399930712929,182.22385579327124,92.66445021344605,476.0181207884637,54.76369747289495,10.915126604438765,7749.526857615224,1263.556564450478,Web Attack
894.8560759671733,215,3,855.6945914318359,276.15917129154224,1275.671691985678,237.8097964879041,1095.6096576948337,8.650910054808923,14.799804475656275,51138.388154849104,158.2171158366612,PortScan
200.17752359482836,222,6,3761.472358678953,1016.2477577231444,981.5192472461893,37.82410440995403,775.6764043586478,24.99385395165484,3.112562840554136,10798.222094592003,8.78998243358682,Web Attack
94.90764573236248,205,2,451.5903410796872,287.30879282546266,1312.680520666421,455.0412320935089,444.08759680123626,0.8686348473429142,18.1379487252624,1646.7502177371657,526.7862091765076,Web Attack
37.677059673723925,192,3,8000.546703277822,143.36403014559497,587.0046699842595,31.529239758200067,624.1003131698325,64.58134783020276,5.738815881774443,87653.37274998696,89.97429020382698,Web Attack
62.24838940646881,202,5,1884.0145117466543,146.63621099658167,672.5155663358681,17.845634231510623,623.1890263104802,10.42351605590488,5.694830215318127,178987.37943052867,237.3572676079356,Web Attack
125.7486742150402,186,4,3342.407978775056,227.1705138151734,1033.8155796808098,123.65186813177604,240.61090807596628,63.678545508464005,7.07315911606146,69080.52638965404,718.4279711153009,PortScan
358.03625422865014,206,6,967.717752933226,202.96565965143932,1506.3890996128794,8.635655927149514,495.6701339483655,2.7391456405765977,42.12368730560471,25145.60601295548,286.17190262918456,Web Attack
729.240207391383,205,5,13077.6550725609,67.32018885598502,814.5178418148989,8.237380869845662,719.8777775310134,98.31673448315055,22.66523864972949,74885.96841122983,178.81550639763375,PortScan
396.0392132019364,200,6,1242.9311629358472,174.49268325121778,192.18759295703168,23.35466351655874,950.6354568399272,16.833531739232345,45.702399850661024,26036.36798725717,1048.3263633558083,Web Attack
215.1615162393304,209,3,8561.341367742445,407.2966931884666,369.7402703633816,247.4630651662868,767.6423112463649,22.562935150405306,29.43341256847249,38194.311659291205,358.72067248006795,PortScan
1057.5551470137386,180,6,1838.07970854114,29.416671552380325,2118.745973854925,0.1705405244167794,358.61314040667725,39.06411294221781,11.521996473124394,25811.80890282388,1109.175470300822,Web Attack
271.7783678614634,196,4,404.7244999542328,80.719399208549,2624.126746956026,46.26552825232648,398.3116416111843,5.8410098748183366,3.225968258123588,159395.87395547793,349.7154962262478,Web Attack
285.2332602017672,208,4,293.5667984722512,91.62677791426574,281.3318331819531,139.0359191325912,528.447570459502,52.330478616925504,4.5920536690004825,7833.967180033042,222.9525983358525,DoS
36.41515350560733,204,4,248.78395448732877,140.45177154128746,1733.5598207918024,53.04442838431353,712.666402494264,33.03591379039476,0.0444428058792207,106196.53722835808,45.02582428109139,Brute Force
582.7750911396862,202,5,1821.4774068289885,117.95553668504984,2077.622545771453,6.011409465684863,414.56340437479815,19.859095178747733,0.8431553801943414,18047.582405873218,1055.779041808244,DoS
1048.5581045805754,193,4,3166.712989290117,204.0835310065899,2202.927449731853,287.4601853182978,585.5680086981181,35.60889243566292,4.817776421994392,36708.74417397001,141.20652645551172,DoS
101.1145213178308,176,6,1945.1355313145089,322.8673394519956,1290.2856046162676,61.319058277347,910.8456458256932,64.03387423521418,8.50938363777167,100451.43426544104,663.1625268310237,PortScan
85.4583522437921,222,6,483.4123071644688,70.32901762399248,544.103820353294,20.13662347375308,806.3736739880421,167.66497845211822,0.3756652726549269,69068.67396195915,321.87626554458143,DoS
163.63922980670733,210,6,391.76568833733313,757.029020696121,648.801671105517,343.06596954795856,474.997180452155,56.68398174384861,12.081095702079656,6224.2304165928845,640.6875398980235,Web Attack
16.084332725726757,193,1,8000.875145447064,73.57017560988469,748.2422108010793,72.35301504131692,534.0272171006379,9.25168460601004,2.7349826805406137,4473.13958998597,156.12971842137367,PortScan
235.8768389817023,200,3,1934.3463782366905,84.8472992293474,642.7796814706994,2.643726334701467,438.55540925636114,5.244629871441908,3.827062384613915,59464.53121028274,19.83671966697126,PortScan
86.95271593775657,177,10,1413.898902974419,402.97976413204486,685.8272333737091,121.33569608143324,568.7095966582494,4.10510419134811,3.7988912036934175,7206.63056054139,129.0222587762293,Web Attack
1077.403159400836,197,2,229.01645066657943,241.66585315179515,530.5066754077656,113.97661700560836,707.8572405461616,29.807847650043907,0.6407917539810324,67212.02199538104,573.41734591469,Web Attack
42.13815705505687,220,4,76.75672749479759,140.23211077877974,1675.607836427674,48.1499694050117,819.254544395192,23.15195115343647,29.90899650650826,9678.66553475838,734.7175890365642,Web Attack
509.91372191905646,184,6,1566.032612576833,500.5354211910234,1014.389613091878,53.57320629789383,966.1491463206868,60.80791218111802,34.669277017126625,6650.774037582158,136.31801190755598,PortScan
1020.2322382925068,208,5,4039.2442613188223,143.9391615729724,1638.0674285227765,76.80540123673339,345.0145564249767,132.13916370112878,16.056070588517223,45211.45576584234,1605.086209751597,Brute Force
85.84934485653983,198,4,2086.168865098766,112.05345656207012,2629.964960543824,11.28997960136795,1019.9373865100154,18.898173233744707,2.7401353905925223,41276.24276312393,797.6247453061594,DoS
115.9320192234406,219,3,4344.4747922666,34.22634878745266,802.584330387025,166.24331221710366,236.60130827674823,43.60589765256231,5.789302143589446,21550.456361130196,0.1097803633975356,PortScan
8.423511443009577,185,3,10342.30235515634,176.68195698653096,1711.5612852721376,17.178447801116885,495.7873832685975,41.700277759297,1.9264211325804024,20611.390410271182,63.44093075733296,PortScan
681.6410630859616,193,7,1556.5936029835518,3.3173139282857136,824.0071577586242,30.394032798723305,762.6773960302013,52.74619268959757,10.276087481182913,302991.19700732693,66.8865336840748,Web Attack
727.6679329640689,210,4,2202.5333191532013,212.4731048090672,673.896003841129,18.20807861706885,426.8502764238082,15.14149760217828,10.488143435591684,28294.521374630083,2287.432085211679,Web Attack
15.275248291961988,195,4,1720.7453308632766,42.14331277260269,637.8214621273603,275.22291833104504,533.4308542556421,80.95525714084046,10.102099759751209,15518.200919880685,48.31470653701007,DoS
1703.0864920151987,217,8,703.1626089744566,396.8002317769858,1068.2473572802153,60.2842066392946,647.1579194621743,118.02346023672273,9.369043396593396,11174.891667054226,315.40065935535176,Web Attack
774.9137212674942,181,7,417.1553727745357,85.19574799036505,621.8491673810014,49.980981476592405,648.2215159377764,7.600513785435184,1.29594215537616,84424.50421186848,228.4429624620452,Brute Force
1136.2554973838603,193,3,8209.849161876931,498.2935846917167,869.4496754055358,157.86278101110307,273.3142785843007,24.77832588108937,2.6484205302864345,4446.103916605694,2379.743590174344,Web Attack
661.8100711239728,202,3,6728.378339720974,142.3287205635483,1469.266542843441,187.8047620719638,454.85431043274895,16.29457388267996,6.924989737238833,30933.79716990293,346.4523574828552,Web Attack
12.276696049791628,193,4,2022.8887675197557,210.39548095791565,1348.6998006608826,30.21866429235751,475.0188790006762,48.03195810946682,30.7271062649724,23876.132051102657,967.4032417347954,Brute Force
63.94701757733064,179,4,979.2851245982984,77.50491985591427,1787.2895437292173,42.41954085296313,556.4498086634917,25.716228853108635,5.413675275070728,19766.03578218924,903.1847086166812,DoS
193.08696157232603,217,6,1459.8592895302477,24.83639199910957,1204.5799362469977,8.83272822232455,595.9754351878244,166.04197302524705,9.326521556552862,18797.15088302177,25.973717027110773,Brute Force
332.87532227183647,203,5,2014.3897613374256,157.54883264668865,2187.494396609053,136.39666090850145,401.0890674973013,124.6212212661692,2.9517770950032007,71579.87950352937,452.28899993929537,DoS
350.5304815027995,216,6,1750.163004998191,128.49016949750464,776.1251936120191,84.14067127588059,398.8187695522609,53.12765513110879,0.4240294764797763,244616.746773633,151.7657271233938,PortScan
316.8546040751017,204,6,6197.495292609844,120.525471879444,485.1222423736825,220.03665266755743,755.9394485236706,12.824500079864256,10.117664242114907,20885.884064870825,268.84531759510924,Web Attack
601.5920780267984,196,4,217.2962549563556,121.99497670962418,841.3701722922458,45.425343189434905,721.0939569452872,59.31027635424452,18.17870912396892,47732.39051674076,133.65286314088277,DoS
643.3157717321365,199,5,1248.607117516181,190.29015331009887,1494.753089338873,90.22296961079776,564.7059814239185,42.37508234103242,13.090804704908894,51183.29792156491,407.2341539406317,PortScan
78.86672657692144,213,2,4401.660627344212,191.0068989175359,2164.294548390983,132.31496621407723,432.9408712904825,71.35514949403601,3.576021975457171,59021.9378328066,63.66594488774623,PortScan
246.46077068677832,221,2,261.7647248638325,188.30100581515373,263.781641505222,23.53501093424894,639.1165735334326,157.71276782531095,9.747763724125493,23209.777588763493,824.3597450039638,Brute Force
621.7596340656581,191,6,10667.368654821732,261.8015695338336,1464.6882201033466,123.51331623358,635.4228512991871,20.603144459154883,1.7325744077933511,21862.28815323521,389.0558779151889,Web Attack
707.779975852226,211,3,5415.948376222474,299.8605097550259,397.4365197754056,107.91912873556473,737.9139502584477,48.623985390213065,14.394153647960922,11566.888840830514,365.9433334988176,PortScan
580.9310064433179,207,2,3979.175364763129,11.847459103238805,326.7409352140765,15.104172105895849,253.5920627081257,19.82639980778143,16.643354456195215,20994.68019342589,88.02042056026099,PortScan
1280.027677496996,181,2,1353.8858810288668,538.1533359265063,1789.0571206388756,99.33365310316503,479.9128168525239,9.240850575645212,2.0463798764356684,76472.18848255093,268.0838970962681,PortScan
332.68554065407614,199,6,397.69475630085526,248.62801379469573,1041.594585410573,24.00627770076864,637.8666876804019,3.4720094315428613,0.4997839478051172,52493.038355750265,146.83233794319762,DoS
41.99329992248256,201,4,874.2141749677638,201.0822515043471,885.4259705227669,34.8398264106728,949.1684393021812,5.39301942652314,0.1660312792593986,51466.153200879104,211.39961101149564,Web Attack
1237.1112518432135,210,6,888.4838435451629,270.4085185547176,571.0479404585777,36.48716094799881,669.6499809705259,12.353384893138166,3.593074233735292,64329.56265269803,1662.21953709208,Web Attack
531.1263138347547,210,7,252.54984664378324,135.29042015990066,1686.4740091578803,24.97876265554281,518.8152535007681,53.36946511024875,6.5743096874204,43710.12485818964,54.85108510572292,Brute Force
814.3723711210225,201,4,5339.984430480809,30.76206693666561,364.3774610464232,114.86050163866548,980.082673369684,13.117842059727252,1.6497734334444285,75709.70051406174,646.6579444745709,PortScan
153.28685281811343,187,4,5090.609346013811,43.84382335635542,1026.8810991726375,132.51108242715603,868.1809085367076,12.148721917792454,0.7098841954681476,71775.53851838055,77.63591215834968,PortScan
2331.54306755426,200,6,1112.5995360175705,303.1208419065246,631.8136873388338,204.76661590744703,429.0149578878071,103.17444534636454,4.946851190177551,41161.4256713094,710.3517891294333,DoS
873.8632997019673,177,5,178.18370403223938,102.90271569624036,474.8530655202425,47.29818647649836,682.126983222422,48.755804967386,3.773363785992644,14081.73812790922,343.9017230047527,PortScan
650.0722349716661,217,4,1235.5676231528944,64.17296351267,1405.103459210285,170.59953124945775,309.89779089366243,1.3945936802569625,10.459510570028414,9936.520995499252,536.5890925348953,DoS
212.34117930775724,177,5,1660.22901972054,506.46013993720993,2419.871044474861,134.70516174177288,634.1027928034299,4.261274937855773,20.28308656866664,152243.55438998717,850.4483362427552,DoS
296.513439387486,209,3,1060.5175630556605,435.2323952871898,3374.104965520999,44.08471075030133,805.586327532686,105.37420190387058,5.445846611849631,22498.14204772217,360.7206282598631,Web Attack
534.4347337991571,212,4,7906.936783665549,96.85368418829682,1242.947716980145,169.93926340818203,606.159048849391,15.432955951380087,22.79861481622301,52282.70581918588,1642.3154233019932,PortScan
245.58640156508335,196,3,3.5059200387903227,198.68476333058027,901.0634881842536,61.27354784198855,438.8550213514379,215.99844216169345,22.67315029625669,18926.89670673304,177.61706683336692,DoS
568.5301514309248,172,6,816.4170599399414,6.257383994389628,1754.5597835082726,102.97928149226296,560.8440453679617,60.282773753588174,7.5742072078820915,67755.67535300225,436.6585302931416,Brute Force
305.78784401999394,207,5,5605.940858319714,1.2551228597602464,905.6357598708676,421.3441931520745,559.7423330983985,49.46687860119204,6.027344791925059,60406.06502271543,739.3623061546375,PortScan
692.6195755256673,205,13,1689.329081035662,220.8799953366941,921.0643858150252,1.6827695897742307,677.1403221053367,111.69557426818,7.260531399024467,56226.43029716562,126.96071950232684,PortScan
479.1848330086669,218,5,2233.3754647877863,213.16744369525517,964.9454127186792,81.86517065075944,489.3897581782928,28.730539104913504,1.3495820858001375,22573.69709170105,584.7309118451881,DoS
328.94208733937865,190,4,452.0947488560196,356.09586686050403,702.5776431835312,334.22193180134565,755.9073595892997,42.73241586242194,8.447923815247371,2902.7869266599278,520.8177074857026,DoS
296.1847035445371,187,5,1228.4064827592076,3.1168317275253608,737.4273010683813,78.91305817493091,370.0408648561066,68.70088385290278,0.266622181588339,43416.68822841416,801.2631908301869,Web Attack
294.2008995151997,205,4,15749.27827598736,123.98109811057626,1254.3220496961355,1.500750575870539,715.6026011826117,2.0263805027693387,4.185432634700004,116751.03141241036,697.6199898531157,Brute Force
299.0907149500917,196,2,5692.943225765642,241.55189082090703,308.5917639276109,72.02898639411829,453.0191837740487,35.17842431683558,37.86972314013198,59238.5489906237,142.24776550695464,DoS
810.0168685626409,217,2,5287.672847346599,242.0591113472644,1449.981587137075,325.10731298192286,542.623967497553,21.83790005264132,12.017371104966587,63832.069785614745,308.8211310551086,Brute Force
61.37972534755369,189,6,3270.1371285635114,154.3206226472853,698.7746006837765,186.39049980236425,977.692537824268,131.25540146099496,6.142850645600479,92868.79846629668,0.7179336649864839,Web Attack
1485.2976507655476,196,7,2106.994414345822,130.40730714122134,366.112930611813,42.280313749726126,548.2621034885515,37.68915328265577,0.309386875389894,34818.94994088799,503.360604122072,PortScan
0.050460521470312,206,5,846.4275811056281,72.5971551525252,1259.8096613344803,484.1113446046483,595.5550134026831,8.160938585150047,4.343370665144955,92269.5593192568,1458.4339913429048,DoS
678.3290340993694,188,7,4693.737109168989,132.28635264049618,1663.8542864927078,72.27256166552243,348.85000560508774,21.80152603705097,11.127773485621052,35479.56445830817,326.54847542412097,DoS
1467.706379595533,217,6,2375.52462757704,313.8040386699249,1720.0404722948426,0.0565108850517214,656.1386517144036,13.213873839702368,8.603502062906944,128932.86062402304,541.6497286851443,Brute Force
951.6522465461549,192,3,1983.364018089502,207.1593368348504,2375.461189309762,185.6013150995979,663.4620646949782,16.797673005781334,14.791748942147407,50044.03183579165,381.19229729408687,PortScan
749.8365936036787,181,3,2993.7368348607115,154.20748783430182,3547.201435962299,145.35279858194102,335.0573430028343,150.43573153637766,0.3206008736877109,71348.31069237209,804.5469154325118,PortScan
1087.6527131598775,220,6,3132.535720784035,259.973249835577,1160.7211816298284,49.974560498312144,944.427699138652,75.94637557789795,3.696415014685895,16807.490778947707,645.2084469309998,PortScan
471.8689049278929,215,5,33.798010523615126,110.32181067558088,1184.2734626250965,15.930909253715516,597.04975988291,124.9287893665161,0.1223081573196133,9900.11591376774,546.0695604025922,Brute Force
173.6713757378595,203,7,468.5139847052884,73.81887534736215,1316.8307015432915,116.593582544994,358.29619770680586,414.0881053445728,6.350615085177381,25556.827703293693,873.3122988412613,PortScan
582.0901167898606,199,2,40.4871650056407,64.17665148066666,430.1116916797882,50.31975444313457,839.2113502810596,54.7159516373439,19.57696425991496,105010.81749779353,270.49901166328897,Web Attack
788.2339705387128,209,3,7650.897551379363,286.3898678468736,1026.919307435313,18.816515775333688,655.1498405349697,13.423616761748232,3.658869490795855,16573.255698861423,255.03224894376945,Web Attack
219.159752263292,214,4,200.39448710625683,381.23103651121136,177.1721216967254,14.959955103442308,582.6705598992601,32.268032277782225,19.572099218026697,49671.57807232929,1177.432086052922,PortScan
559.4798294219686,196,3,628.1392470814337,23.62838942276983,891.760901113293,33.60396338040003,628.9431716590109,121.44109528683008,0.4706437194852806,47021.25124997418,1253.8643000136628,Brute Force
1195.722585257939,184,9,150.62762793430144,61.82514569955192,2465.324241245145,160.76396605907345,454.9837827618468,48.78924591296651,4.455635245492189,3796.8432523732913,101.83538079874832,PortScan
232.09954138255756,197,6,2800.3548855520603,18.734863057820533,954.7901453861824,21.67016586389206,709.4459418317807,19.75604320962153,13.37832685018229,124788.1722819035,1600.0046347432217,Brute Force
1017.347409644717,195,6,2552.829270730326,9.089040585740356,923.6040162292404,27.91155969848022,411.9799555743731,27.55871442012266,0.3304969019953644,15890.08132889554,802.6969551782385,DoS
512.118143359891,189,3,174.62316008466715,65.78333081091938,1497.249220037129,25.057487243433872,346.289948252675,9.299489354008992,21.912012910419143,59163.72295204049,127.27410211670544,Web Attack
26.94590901934985,180,6,768.8430047244074,318.76295584252387,864.584555723237,4.722105680031487,546.8278383253169,71.13155875405148,5.326196881855264,84545.49854827733,3006.95098838828,Web Attack
322.52652024489004,213,7,1312.7238451037836,29.833525146514543,890.195155921127,4.486860359471676,468.7580487661561,99.44411817081144,19.93873800758912,127803.34551816432,671.0518871089932,PortScan
183.27580626364045,221,3,5847.891674642036,118.9136390078788,998.0778078349872,16.825042919488464,680.0658631873223,9.699982222634006,4.547474012992694,216802.8430705532,507.44019623652304,PortScan
160.94412962061162,205,4,5450.528649262234,116.80452013227958,2205.6293309772263,24.01754649104035,432.8000686180183,6.2898034031638055,4.4172062094405256,55056.88377829416,403.8198199411239,DoS
1080.5070007460308,199,3,1290.7347690304098,36.928299826991726,1008.2229698371092,87.87143712920131,439.0935672530418,28.326054494456216,7.196596935196482,584.1458627169629,102.24898219027756,PortScan
544.3558127878179,194,4,116.3761751564573,449.3048053102383,4344.733133816019,6.659271709449441,875.119080245572,23.36323507114527,0.1037311845016866,119019.06135531806,94.22810168069358,Web Attack
283.35715436738275,206,8,166.1124063593556,121.75126132455944,962.8613332153636,0.1054736227003228,576.7465441462481,134.38859143454602,0.8699097522679223,13804.724532530332,584.6517646907043,Brute Force
807.5265293488861,205,3,722.5978851217869,2.288278727563517,2806.269770537602,221.28980312728328,611.1829290071779,80.49929877514417,11.18093428678224,35954.746479278474,203.23260772732576,Brute Force
168.34116400312763,213,3,5449.9767732805885,90.77303636007365,1113.139430980698,153.9362978288685,510.26211496419,20.504728970345344,3.513598224962296,30801.93161546558,677.4435287327742,PortScan
592.192676575318,195,6,330.8837785307259,427.8305358998903,1549.0801186469391,40.65358318471289,673.2745845520308,55.30216822898792,8.680209723323182,35786.48676186371,690.2443750565224,Brute Force
139.5363055146231,212,1,3968.482932432628,416.3320508052503,712.4536964491354,403.5487541070971,250.1041449190795,72.64324954787317,13.67736451563757,99746.01545578727,239.4945265448177,PortScan
981.4394297286732,206,8,5778.793582362223,248.7286676433043,1018.123593489408,73.74360538011044,415.507207967178,25.57327963578547,0.5149850595851696,1230.317901222507,211.98280780089823,Web Attack
713.1783176334957,210,2,4352.362947145888,221.47452792447197,177.99351412570942,141.7433210664917,645.6798447600606,90.3204112602532,6.299473087411121,19716.802493678213,423.02534749331056,Brute Force
81.47227422740936,205,7,78.38706364192588,47.92152333187006,1991.723756462877,539.7334285038368,459.585227478536,10.617039855396396,2.687593551001987,13353.744498999398,2509.783568832644,Brute Force
716.9895631633165,194,5,1052.0634498298848,303.27314591685763,835.4591289630667,41.319035763049285,815.9634835851277,10.723783073975238,7.642995667861834,3985.913863870248,49.30627735797661,PortScan
460.2799090000872,201,9,5816.031174486984,745.6198588181248,3562.4024130691014,151.71327857371926,512.3696435743143,54.496148035548586,4.328454814845348,8627.228089368049,938.4230426880998,Brute Force
195.13879258897416,186,6,712.7399651217861,431.62251350265655,1362.2231376994034,77.32836480345135,596.3964719907692,2.4492456182221005,0.8390638778176651,48802.75001564794,377.112793070071,Web Attack
123.75261579903136,211,9,1997.7434153976976,16.126231787714794,374.7710136616394,90.3361651608137,316.5218099253302,66.90173660326457,6.4228596732097545,31004.61751048889,367.3662121218949,DoS
114.72153766466378,189,8,8.384778421238904,347.6847266325191,2044.6453286595747,27.20292066055468,451.2636720834093,20.69488573564544,20.31872174814626,149562.7285452884,584.3941175629819,Web Attack
978.3422777214628,210,6,1865.355974641988,350.82907303567754,1461.6838984899985,8.331503347493339,463.104890200514,0.2502957545313377,9.43302678125771,54840.9139813263,25.816575162300264,Brute Force
238.3660649453922,206,5,4203.950817733064,168.74820110999102,1050.6138710383664,136.60017957821603,252.44683141978615,15.88410127184398,0.2093924742201469,15937.14097640664,775.8402948311975,PortScan
443.3655442547302,210,4,383.7121352403142,5.709695367554766,546.6453338104138,18.856437147342525,765.3876325552171,141.8454400850568,4.839476563517144,3889.4298413842753,480.363708818097,Brute Force
322.79783709408144,201,5,4262.378802906804,15.843069366096405,495.9964254394146,79.06707718439775,512.5500422895891,71.75567595499444,26.5867569635656,223227.60835577612,1230.600770440613,PortScan
142.77872705015352,212,6,1564.2387627991252,133.9648062365131,1656.2207307872466,100.45529073130062,722.0651091968808,14.327033494033486,9.33300776747839,16537.97003659088,646.1993120602455,Web Attack
652.3655534267036,187,10,1017.32955843505,47.70953724913947,1056.8134146300629,430.6989627515094,332.1489316556101,31.645750235882623,26.769482702251352,32790.35135663775,421.6579609187276,PortScan
375.73726399809374,194,4,1124.361269504117,95.53448816093658,1905.33315234056,111.64728415563718,689.9370399346435,48.59780246493831,5.531130277301736,44055.54054552124,212.86387167459893,PortScan
225.7957916264748,204,5,10337.560326756502,153.04058507324692,322.6180629385129,123.25876519777115,571.3766853969194,8.209557359287745,0.8503091746634275,20128.909372209677,844.7918173893955,DoS
667.4926890301232,171,5,1154.8355661810535,130.5994292706702,520.2655541027572,56.18811117042546,767.3491880858469,23.15982619142476,26.37972150652516,71665.22856109972,970.9064610339792,Web Attack
206.1790628259772,205,5,2187.620305065696,110.58344235733163,616.7555798807531,24.51290143591988,465.0038428214831,22.62473349424271,5.892084379805294,25534.996762885352,946.9783439035124,PortScan
65.6403755909618,190,2,1919.1618450420012,434.9726399555519,2711.5538781017326,97.07730195113425,268.5350371707395,33.08203090779022,40.33415241988783,46518.37253019256,1780.6097736353547,Web Attack
334.3806686270657,211,5,10394.172169654374,21.50113099095077,2668.9270453489635,30.468887574510045,393.0205753964534,20.415982377554133,22.20098978319338,38552.90256559207,90.52791497104111,PortScan
108.93700402387618,196,5,2004.490370538667,19.87055207237808,909.5560509699204,135.6633148596799,333.4432838587012,68.57823575574821,7.714971382268192,130407.81171306342,71.22131746341597,DoS
123.90537104445151,211,4,4095.510239213759,110.42020013619268,1297.4819406876477,89.54614446850037,809.481268070786,9.823778809318569,0.1613928975628893,47903.79519813675,1108.3322753777195,PortScan
529.5108036936749,209,6,4170.475351317878,133.5231052719464,1076.913518022454,65.11160586712525,740.4616509288007,33.55725226913448,10.301135467044624,11765.956097183884,137.35906865190907,PortScan
291.8686449051647,221,4,6807.512164107384,567.2498789510781,900.7307869205182,7.508816063843687,633.9701249728283,4.394271683371769,1.264067069402447,5237.244007087575,768.3469663185092,Web Attack
444.7092796895799,210,1,8334.334421494477,116.37637018906456,2434.0406574697045,76.05924857141437,438.5686960272286,62.98419154409749,6.321173757614965,169.1678574975162,430.2059693371428,PortScan
1522.4028644895016,197,3,3411.567705953075,427.8620105249056,710.6492870220901,78.82621886729429,706.2988197297868,67.90497196718107,26.17757899212133,105855.8470285445,26.370639288408167,Brute Force
841.2058467305375,224,5,1898.1769456575923,24.682554268382464,2028.9361754770584,32.351320636921265,768.2475104611333,4.425692800005378,18.92722707631724,116810.82507305007,512.9304432921609,Web Attack
297.874036816833,175,5,172.8920740105012,169.78048270970683,1600.2819465633206,136.9774942950556,688.9116305704928,120.21474565939454,13.08344720896802,18272.795951524437,529.7428318221391,Web Attack
404.748284026975,222,4,2595.76658852987,245.9766442784319,746.6591792658569,104.25262008835828,450.57473747569736,59.87773416829789,0.5479700050990539,45851.77077329182,309.0941049749718,Web Attack
1536.3232435873194,196,4,5763.432986433506,45.32442512035528,1171.835931624378,173.55664000388492,715.5226883011474,5.420145595140475,0.2614766434424639,28629.746546520124,548.7035121382604,DoS
176.05726183994807,230,4,7131.296003964741,83.6947282608022,1537.5007759827022,73.80450613498321,436.4117748989697,157.11820509271308,3.78776190646848,7840.110564302413,657.2756486078823,Brute Force
642.1327039330598,204,8,5195.946579039135,92.05489970771744,225.59071711794405,71.33926914789885,899.4119241910855,39.21974775994724,10.478378978992325,104.24079964678464,890.6864952491433,Brute Force
221.82924630826983,179,5,176.30692102734616,262.1763464892679,1060.3395249790613,278.7786559939353,637.1277499037869,39.44539669103971,8.785183526689996,120739.06057746032,128.75641667370792,Web Attack
147.4983388500097,225,5,6227.714117928596,418.18132821718496,423.7919631686653,249.4996732912533,556.495628872831,55.9970632734124,23.670242490726345,62582.34580803837,2269.683866637352,PortScan
71.14341691967466,209,3,4458.135031411401,35.77321234656428,1635.7829062578933,20.43237683637971,637.1253383812248,74.83867787579916,0.8113975057813466,94799.33874848104,105.6881651077696,Brute Force
302.2567679500782,207,1,141.57606908964445,175.55646415417604,366.5338439272042,5.266285667945281,780.5834421185515,44.8278273454248,11.074641506174224,1258.4196493449454,690.4455261777131,Web Attack
766.8025058737204,200,4,4264.359174317069,87.2593464879105,1022.340763598602,232.67648713112573,709.3244985158028,10.214658254473653,12.00401913832656,53211.69919949176,512.3575982319841,Web Attack
362.8092951392148,198,4,3197.9950169762574,104.47001303287422,364.571831213954,173.18642942380842,658.7389137124826,121.19581419379416,8.981382696129918,6754.763391687674,418.5663335638994,DoS
90.6153917291022,226,6,1260.2242202600414,28.304360868544787,1543.9480096181526,70.09931315201943,806.6689947982114,35.77961261946389,16.16270794229029,84723.870952531,679.2931637361285,Web Attack
678.2438321553833,206,9,1811.9178300783904,39.37849988070469,981.4165893702908,39.90368334999436,400.254509999212,20.620518022270247,4.444052942029828,1885.6821191947504,162.13085766949547,DoS
15.939682369440783,217,2,7674.877246462811,307.3818862679531,1345.678359158706,34.32649711162713,793.7642117063099,179.64895641667414,3.368811391956071,6485.104404702602,601.2118859764942,Brute Force
1242.9984728719598,211,2,536.7080791419678,188.9759224099152,1047.0004963861488,14.685766511512854,604.5349020051387,76.90217195496008,27.042738770393186,20988.07519254921,235.72307904104304,DoS
185.6154400763353,199,6,459.32913274563225,75.54094346863785,1836.096863451768,148.90564335393552,797.5916689282157,104.24768549887642,0.239723786910858,32489.808975748576,118.59010351606628,PortScan
726.9499080293793,209,9,10000.904241734948,794.6780679766279,724.6641011266943,22.839822976866117,740.6411817573705,28.573752313353985,0.7297400137175626,5408.183744208937,481.9476873104359,DoS
616.8479924124447,188,3,5853.500440932367,108.05635942059202,421.02020278654015,245.87243391225164,548.9666804308106,7.578504621513465,29.246223391705374,127112.00434288516,27.21242754598218,Brute Force
1370.9592885595257,214,5,3087.592253089335,45.29358228825795,1578.8316449380925,154.9199861743388,925.3183665812452,5.017079989464211,5.5638713150273205,7024.8459377698,373.630886497981,Brute Force
353.70594029350724,180,4,1563.2972180280678,384.97997915280655,1714.6234615498263,115.80797100654638,402.2998390412433,50.764359145690094,19.482600030136243,97401.6173124505,2037.175253823084,Web Attack
373.8101921410391,231,5,336.3522934334881,162.27454626681032,862.1535453373706,112.10834219872432,551.8948625367382,72.27771745075812,0.9610241017759588,18514.952350356416,1303.4197945007743,Web Attack
1341.2906286894745,211,8,2418.961205657729,31.35698696231446,959.8477637864916,25.98777402217468,452.76601231866425,50.6114765247445,14.68501770690806,111827.97592259324,1020.2273973032133,PortScan
138.22858737528242,186,3,107.39810148617038,2.332880479264256,979.4210522398114,78.97556871883542,269.4491023194629,51.34668390918724,12.653463890654962,84167.27684311401,887.8178786517516,Brute Force
896.9670165392761,201,4,3104.5775879514595,314.31891911697096,1413.8118905097826,37.11990226722879,475.9856314583051,3.057581231636361,23.59601708257781,67405.58461724427,611.9363280160376,Web Attack
1502.1067745373591,191,4,182.866362302619,282.9067820586081,1121.4828401605553,19.613466293624597,826.0771007432761,8.000734238183263,6.516516586712282,6722.426641861673,395.26508665795177,PortScan
438.0961172961749,192,7,5057.585589205629,29.998123566867868,103.10112822246684,17.812358152230168,595.6394427728741,59.08439307389132,5.896506830821729,20368.870305277385,294.38532533865333,Brute Force
534.9230784194376,211,7,3391.5360889530416,66.22303955660419,536.9907381751592,39.90351542874988,781.2046595846325,87.98037005301627,11.760949808098625,6201.978416816404,39.168573130840585,Brute Force
1569.0528356755474,195,6,1363.3078858945032,480.7357359888536,2596.763695174248,119.91641923285476,571.4383372069209,11.297387763033392,15.80400139214908,19404.83234902265,66.1585391696505,Brute Force
1205.8847767124596,193,6,4528.220729484814,11.749301598864903,700.0050856610335,60.67705446057988,661.4239946836344,50.08255879559657,2.181626514790703,14391.104019545792,89.57630457356682,Brute Force
152.34582769205505,194,5,2068.542207772396,236.95364538323992,881.6162888032768,46.46443278537708,518.6282620776665,35.11433170569013,1.939969323853212,65971.14992969997,211.27901539989597,Brute Force
1109.1437473772685,212,3,1479.227056671907,532.2617963874294,131.6118485130734,5.501917385232617,391.7553574852456,133.97542197385008,4.434595687055926,76305.52777137059,397.1104724877246,PortScan
410.8768786878472,179,1,719.9313740849306,112.17860780071187,898.0961874366955,20.42780532154843,923.7880385998378,100.31997781539648,2.0204282919977903,5286.992384018124,565.08823648355,DoS
1352.5444402269184,212,1,4743.297829017831,901.029039293434,3044.320101025389,55.0048563414587,455.728630626517,10.469210820279516,8.139722774143001,126155.45175683266,279.5783816082918,Web Attack
120.18696432499932,197,3,14804.648663548667,75.8195300838155,568.5374856310241,78.5024023468067,722.343126536892,7.866069623273242,1.974432340302276,27068.38597453782,4.051588862468043,DoS
71.86980671061288,203,2,3602.31981368872,34.36849263334108,1027.3280876769186,156.50450037397798,1037.0818301901525,6.57298942181782,8.907555677249864,94071.92372129884,383.9490718385921,Brute Force
321.301792206254,184,3,3653.8263913164446,77.13800319479816,1532.8446379514692,237.88734455663104,651.7262326665607,192.77145050273,2.871260040937954,39680.52232556712,556.7988256892656,DoS
200.6295979461524,188,2,1670.8621965995085,236.88376229441877,2305.347896608239,27.64363619152369,515.1657424748056,49.37880924615941,26.393297674889503,89876.14064251493,36.30129331910045,Brute Force
1228.4811907475223,203,2,2649.533692947696,65.0608394355131,478.0159737212044,126.01232347466622,599.456595231453,28.025083347582104,0.0223952603127294,29736.07721654728,1391.487032048404,PortScan
102.99549694915451,181,4,2088.180810746044,151.11134413208623,1156.0968855641102,313.6038778647808,526.8057996170215,1.462549351929172,23.320748057821504,127276.70140784468,277.9866907920085,DoS
732.3737518958462,183,6,1169.8603248567947,75.57519212940021,956.9050757585624,87.34193851970036,493.9657367279833,0.6708770576688396,8.731418699044113,25067.759066164057,444.6813624902096,Brute Force
99.22654680697588,200,4,279.1938567780872,242.76084621120597,491.5065585472478,43.90929054295737,358.35292380451654,80.82761669948898,9.212000685165624,9286.510742712857,374.77780282812944,DoS
233.7559659148293,220,6,6127.049608939678,769.5830689015494,1375.5891960059937,154.32160364845765,859.2114351096436,53.3538035301083,9.612897308755498,1972.7610716539623,1688.7073602516757,Brute Force
8.328701122617245,200,2,493.28928834101424,21.019203800973006,920.711076725932,104.59250347805096,519.12105788609,34.98246968800446,0.1571133412186658,46053.81753754921,199.99669472306184,Web Attack
989.838347728318,198,3,10786.718598181098,358.31478779782,1000.8089469307284,17.363985846907223,834.0784738609913,8.732430329726762,16.96585204480176,57618.65647447365,795.2715451409892,Web Attack
177.9343545761944,178,5,1024.2203305156297,110.23195879006936,2138.498943700088,11.579465204540888,737.2059008174535,150.66692468799752,0.6437824027518514,78636.63149047214,206.89573428707936,DoS
13.700537588087442,211,3,200.05643091365275,3.905082949083482,484.3206183121625,35.88821781068509,613.9931766700521,151.80210704365174,5.057242221798049,41338.743524289726,373.8116593373454,Web Attack
182.86479939698447,188,4,2850.3301032823565,117.3829896589146,1745.6750118496616,45.62439817353018,566.4165950886488,22.58455057143229,8.911494697880407,7119.421449693641,120.11365952357224,Web Attack
1441.2225885538903,187,7,2751.781475642328,380.88664713448105,3598.560328596031,241.05915787201,610.3891832802059,4.464388508551272,8.992700965432963,14788.811018758182,309.72587002772536,Brute Force
615.5880924792986,185,6,1270.0453926083046,57.798534904649856,351.15574027962515,68.84732140610234,761.7035762101419,24.039534031499205,3.1425833168095507,118595.5081835109,477.6758136466352,Brute Force
664.7715835806952,198,7,231.58334282961755,646.828242466909,893.907744008036,100.16779204405672,756.3963028545325,11.030387753131018,8.237782118990994,38892.43006866883,48.40722168050704,DoS
613.9208033979721,217,7,704.0564688519335,47.7960437985084,2300.353762916015,64.53579989082944,508.2512021103991,14.063985133844126,7.350989528267434,57072.46674564296,400.78650457668175,DoS
292.2996571152486,177,5,3775.310635673221,156.00584397924513,1252.2387069725344,158.82062215865824,481.5243677267519,44.89895074602007,25.75190880281665,64667.20461798042,1935.840837202813,DoS
192.15946036728,193,10,3028.702399943782,52.53368565388878,622.161801193451,33.4648338427354,598.7668080342924,32.72121761881859,4.989591451869982,323275.32874651154,127.8233092707454,PortScan
558.6623289248009,211,5,1161.994325985017,239.66014731012777,837.3774606110892,96.89062713195506,392.97556333771087,2.7203524154088803,5.882434914380968,27962.83991755601,151.55639670123978,Brute Force
25.71951323410367,211,3,807.7765901880139,55.278716745176496,728.1597792660109,3.89028901982932,774.5448280016108,21.980526697964724,11.217831666180132,26717.423889222337,178.09592029626552,PortScan
104.28471384801884,199,5,963.1155192312468,148.97845196688257,372.3387876241789,130.85297459455674,571.2231989818524,50.28371523155048,8.006165821458202,19418.019080444592,8.255889100743593,Web Attack
97.78186963993372,201,4,1397.613829168412,895.8977205353177,1252.2304345206692,11.769567282361072,664.532879087815,26.20385917004635,6.758276475533432,11410.685362337115,119.89584140663436,Brute Force
942.2152060286963,190,6,169.50698566936524,14.931981836000316,1097.5246004132146,24.79384005339417,654.0935330417718,15.947230291574998,15.284688698560911,17766.346303322647,140.69792834893107,PortScan
981.5029377389004,213,4,727.5461838710518,311.7903508327521,1384.911002443483,18.748280251304703,1012.6189274977426,19.86734241695112,15.932601462058924,288.0988839435199,405.9681455825447,Web Attack
763.1281249573356,201,6,51.40238931983263,38.04480557675214,314.8382273800112,76.47324740644551,751.2063954584164,82.60108465318925,10.573130073569333,87257.12086748186,391.3407368322033,Web Attack
316.0803215447538,219,3,1575.0790403411754,541.9862213644127,1188.5334825989985,24.51850277719974,1073.2849709184873,15.549897794765537,1.6727337702593383,62770.16355050682,91.7049231023461,Brute Force
1413.2419993020408,189,4,1223.025100129658,183.3759110103949,419.4809333023217,129.30749958143988,560.9510218143448,31.83074511114727,3.506218195668665,122985.12941043616,630.2969784575413,PortScan
236.9273831819458,223,3,249.5057200447546,590.5997231850419,676.8110378471224,123.84798117511951,524.2429022809209,49.24624471080847,2.5200225881203,15276.96903908324,78.646246713619,Web Attack
1004.496052783761,179,6,777.3472526847928,252.3500827662576,1015.531217282646,5.252079500525351,937.0662499767108,14.968421714081003,9.317549339707684,24590.797014004285,385.4065728679354,DoS
744.9462390906323,210,2,2309.5429057500824,1053.131106007629,593.2434038877501,113.10958177670882,480.8416899913596,0.8988407291649668,8.999256587846137,26053.73551280796,386.10976237481503,DoS
190.7205736141765,213,7,204.77838746220584,289.2917193090745,2842.5629528343115,89.78782470580171,484.0513349137485,56.50477919757889,6.053671440197419,78994.0712059671,296.76298653778656,DoS
65.32736665474617,188,5,4949.645667011205,353.96783768631406,1910.4406822446556,22.24544885328387,136.21652452034903,77.4623997056001,37.22558486840203,7513.241571023281,697.8765599836403,DoS
256.5763905886363,223,5,3409.3829707285986,387.4657636339974,1234.862775836305,25.610190164907472,506.8186215543304,11.423046217128237,7.532851931677773,17382.93906441275,291.02433434622617,PortScan
1285.2946689378225,199,7,1939.9592024214928,179.057745007135,2389.884919765554,236.41949749433232,368.5682688633493,49.8901186164425,15.952316017636946,30731.524214834284,1319.3762493653758,Web Attack
581.4643956986765,185,4,5942.69029593224,251.06412717073684,1137.547535465087,5.519566860139805,314.47084172138005,8.330838803181964,10.207047187164449,184566.3760284881,171.3047357071461,Brute Force
934.9374868381942,214,3,604.8889876052939,23.57691290751761,696.898230617024,17.326782336989176,501.5881775210203,26.700584007349537,12.052102626223384,42154.27984049947,51.031577680179005,DoS
73.04498619091414,183,5,1949.7526497942267,20.43675005334345,842.9420377675976,38.94451338044175,762.5240083063724,46.71649552554465,14.99529927879722,32139.49072680489,1038.6718105880625,DoS
436.9287393994792,209,4,1074.3099224995483,249.57545667836715,1150.695207150247,293.96333598468203,558.1792810436173,8.189873569736914,35.49486032006228,100751.18345789488,2575.7686938302627,DoS
453.1222562391919,198,5,6949.046666336415,368.3313458562095,1130.140289894821,88.25777170942963,637.7767155349064,19.20284970656441,2.3808753828858773,25507.324640805247,251.4293114978615,DoS
421.7786332003864,181,8,2062.049549671154,723.4014477653803,1349.745741649165,95.83302857750112,801.253671541813,42.42424582285776,10.644939484078566,18131.69738610995,96.88578677753432,PortScan
175.41371996896893,200,6,2303.290983919678,329.5084201891568,2284.44678230833,77.43966478791232,657.75531497933,31.410634013570792,0.6379934603113384,14190.360253662471,1358.9618320352906,Web Attack
1137.1283690865027,219,5,2449.8611436330543,299.3650574716068,401.6783957543927,22.580629788575976,645.0271240462166,33.22117124580206,4.928094960063299,79284.26791630541,829.0566725457898,Brute Force
287.88173465414616,198,2,10511.62097464976,643.5963424513559,2051.606103325681,19.30038335836687,928.4191618479916,18.60633003008981,5.278954588387856,49819.75157432782,577.3156622898842,Brute Force
51.09150697237968,205,8,2365.9725206178214,261.96712667367524,413.729124166663,238.8128833920389,732.7617995275618,1.8818540335367144,2.479174232418488,41341.162680829424,590.7954966815281,PortScan
135.95644808536665,196,4,5086.3711874268565,63.18219835595894,1184.569596868415,9.447333422212498,346.1782569880044,19.15015989043575,24.19418433035522,15430.964345966871,787.9189960523855,Web Attack
1.22158216856864,217,3,246.59965950651224,157.53779332750372,738.2340901449103,29.51816164841641,644.7249057121456,45.31915450164953,29.276790665582983,20841.30363453577,32.298323630232986,DoS
163.93973539600856,210,5,3431.277225888928,149.63285700346714,835.806781998594,31.74994889674081,747.5187634889105,174.87223535878664,0.2913691311129538,35104.964854709535,189.38390156061288,DoS
582.0902460001467,185,2,4725.797133358794,317.858811525129,1599.4492487436933,2.61016544699529,568.335428129669,108.24368408903034,3.2040717198598045,11573.971879370016,72.69684334933645,DoS
128.99134571017944,186,5,617.5869484977688,400.4998147969769,787.0193626470311,72.188722884279,551.2705720780793,12.376404255633616,3.648105186872112,2202.529133497584,199.69229796951169,PortScan
403.4771898901386,217,7,9787.435999947813,224.33152955748676,1085.6682292693374,21.20002656036381,470.5534989720211,22.474528899447343,7.244932480504107,88904.36730556353,326.7907573911244,PortScan
105.32193957474104,200,4,1076.541526475474,101.24925609956787,970.1824780400408,61.21130979842009,631.6069974608746,0.2319847589287358,34.14401200569008,2016.416523005368,83.59537487211,DoS
197.2658503530454,203,5,1270.8045134267998,274.4963934869321,1363.240476867656,143.81081284628067,758.2249979976248,32.14632124892286,14.101236754126653,41212.94121921005,403.5963721659596,Brute Force
4.570875575164851,205,6,61.92406509895121,666.7830629679897,455.9631830894792,73.95880968796644,602.5362042720316,210.9459302952426,10.011248152495185,129647.06852044418,335.8340420958464,DoS
822.5602072804104,195,8,2942.4199954422616,111.44069423785696,1278.1242496945133,43.45110085609403,200.678970808058,9.131594551660438,3.92877997439107,42007.69098049967,16.85691371457923,Brute Force
350.65329780219355,209,5,355.8844216607547,53.77680662909381,602.2188730683803,116.18998229950024,353.3599535175854,42.17392131780648,3.310310878321705,24130.39974686328,190.06281172096277,DoS
935.6755728618656,221,3,876.9349907421556,50.193342585001886,620.6104520850039,122.29423822419363,289.8422703125954,148.22527235778395,2.706088440746661,38881.87398546302,416.76041603054176,DoS
20.33126411530923,187,3,306.4247537336872,114.88755181868328,1146.5140387395768,71.65584933790845,734.4770053431303,74.76444639522516,5.933120979142894,30300.723571238737,1445.9458769667187,PortScan
651.111500659623,206,4,4794.747240429437,11.0444121999246,763.0414787656634,60.260328232738814,308.53323245868063,22.48471925329862,12.775525773507898,41798.65290877099,996.9990454391304,Brute Force
217.53546050843477,194,3,4610.745130484541,158.82879379189973,729.6862866438634,5.262480013892338,583.6576272351336,67.3791317623624,0.0416611740500498,18778.813770332283,1601.3005323789523,PortScan
189.79013483013983,185,4,725.6223752789676,128.66354596743875,1724.8861268799524,5.867198338470471,756.876676219608,5.852824773927185,3.810004831706919,6570.959375570182,27.43325573749067,PortScan
526.7246228760158,209,1,265.54598806548734,87.4715161473656,544.627440035216,15.065903600506005,646.7063604162531,150.93589455937294,7.115542308144196,174.82370655181296,33.723227897382486,DoS
302.3973323651993,189,4,3461.4892455478816,76.1860921540257,1378.24003878218,91.77353102125583,564.4560307492409,68.09185995375245,41.19350567742356,8797.99273358365,289.1778215675282,Web Attack
96.56689187864129,194,5,5503.1179280415045,247.66926626247016,312.6625147466851,30.736919759179752,422.5000422582796,148.60010657441646,9.293598854336336,3522.70361057458,310.1394422559536,Brute Force
145.44913043116358,203,3,1372.3055565268448,505.5811587679879,1233.7246377746455,168.5189559943516,701.7262280690043,415.3679494090557,21.37072587430462,1420.6682185691966,206.15308605581572,DoS
292.92497940126174,201,6,3029.7656809103214,7.972429990502472,615.7495398177614,108.23160602760711,430.95162923666817,120.89231601043852,22.149289028475145,53532.172166101496,189.75982051041944,Brute Force
76.03538121008846,207,4,4937.981899889373,89.3968518502405,1233.710189414056,143.64875897647212,426.87872423556325,75.76130926073196,14.45928488309696,28735.696502401854,639.089982454922,DoS
367.9405446417481,206,6,11186.13471513686,154.67090404406483,2075.128068380708,47.03423161818752,415.1505329285162,10.863792111161615,2.5689723851497552,57862.76212270726,508.671109905276,DoS
55.25458960807618,202,2,439.4351033604872,144.29585707199465,1773.1137510405083,65.1659129489298,446.7650268505918,15.3524357446206,23.79550152571932,53980.77538913013,984.748754183282,PortScan
167.83760286570356,219,10,9785.849018959298,52.46475967942714,1221.0363546784845,211.96906484284247,556.7595727888262,78.61294850576861,2.4513099253468744,5168.323277988537,395.3614688610991,Brute Force
381.8263386294221,215,7,270.4496173852868,248.0555553487125,1357.9288195636188,95.71770466840988,381.4429056133317,67.84677176977053,1.39084600605307,142246.7471878681,347.30196789446035,Brute Force
23.75473309024318,204,7,220.69952152338405,282.4153038248166,1252.5828245509213,29.79808179872788,647.3630048682505,5.96967544728599,10.211142231568562,31850.62477184854,89.30700196182647,PortScan
415.0757677782389,181,7,1645.1559438219642,124.53374971820897,849.3291390716176,4.700355212084294,454.9410324846999,62.63087053892404,6.676401863132564,76728.14903257189,1013.5912280630752,Web Attack
396.6249689034604,174,4,10765.803368827615,143.78856371929086,827.71179490891,108.90588226890053,598.8175921614092,99.72048526269374,8.194170897552139,14755.163937038287,220.1019316895953,PortScan
106.39967545038324,198,4,3384.649648674977,160.24277039187723,339.369696107675,450.36819320256535,621.2009466250651,144.18480644011683,9.186756839663955,5163.772569762968,539.3391936916804,Brute Force
434.6244695811921,194,5,4193.842660048497,40.59752146231897,928.288523347798,24.802261345928816,538.6548532049042,46.69276697895511,31.64675586402104,3457.262964416312,334.3638055959537,PortScan
765.6566718382464,229,10,2654.5709325190983,497.2734623632445,746.1425071860713,36.81106654747197,572.9834389580614,47.62225110672766,12.057988982819726,12340.879481558335,275.04375631169523,Web Attack
101.271319533386,208,5,168.17272446640536,166.5724021257057,1759.9517878298072,34.7457867082892,356.1823790807426,0.0753952561195675,1.1721319717550374,166329.3256997975,97.34284629769827,Web Attack
2363.506528452387,202,5,9128.85395889364,16.70797235800188,659.0538111776431,63.46297481405065,804.6551566944247,34.789666692434565,0.8530345358240453,31623.64247671308,29.84427042688003,DoS
424.15100849215634,193,7,1964.9821018264013,96.3203246812526,692.9559668574555,3.0030405641843627,563.7874235041866,55.54604572747896,10.868939704179514,25255.63129641274,563.866394297316,Web Attack
1204.0223753296943,190,3,3770.283110164152,245.3030646104188,1332.4991412156307,5.512912555235521,851.7752590236231,42.16135398140254,9.063916518833947,84739.90828716038,126.14398740397404,Web Attack
8.368805289649451,200,6,730.5542604239411,181.57347064720696,1183.3385711334563,123.27120935489404,667.1184415181106,3.0991190965927857,0.1948672147904667,17632.66213797682,34.08757823467317,Brute Force
534.4486523120645,194,3,2818.1500792547927,164.26989761152964,2153.2894974525007,9.23915503072629,372.2027864043167,4.911929887782023,8.602940956827243,58212.25795973672,887.8964186150208,Brute Force
306.6557032239204,186,4,487.7948656316808,324.37390937548975,956.4268495149972,5.258282914277537,867.1686805741323,28.82790212026947,6.107356651693322,4948.959748177864,256.2519298044435,PortScan
393.6113553654631,187,2,1548.4494745689665,161.48623177347608,894.4046984012658,132.58853237957774,728.1145905716123,69.26318867638781,8.094079288964677,6853.1089715876615,452.0397268331585,Web Attack
49.99366331984847,183,10,1141.7228595754334,10.324860535799075,1721.967966802038,146.01878377351127,641.0019280217272,39.973473041083984,11.15465082579279,54448.63669200344,1.6574408051731289,DoS
763.7314348758747,191,4,7216.154796023427,576.1167164712153,792.8264756974803,303.0677020395149,443.17278867786206,76.16552338258855,16.24364444884489,75969.7066134045,175.02558408452907,PortScan
1967.7093295781551,194,3,438.26573792391525,571.4653938407835,884.2169301448952,104.84573695419526,479.3475296210929,21.474386544301964,19.945554466126037,8368.614173003565,574.5339186888566,Brute Force
605.2254586675062,201,7,2411.550354399372,45.70648872368415,2651.241868760782,77.6293585364883,536.9815662800688,40.94142483082971,1.0118963513200716,50391.022460818494,286.9960345897936,Web Attack
669.5054922506697,196,7,2135.900714057733,110.10631026361315,1345.4439256071305,33.7912958396504,399.45309891027017,94.61607733567924,8.020614270786918,12909.81473289665,1191.5097831635169,Web Attack
394.85059385508254,194,7,833.7089226494985,66.44017822026773,1000.6784875764704,45.52874221555264,356.14150751654336,1.411169216973447,3.830147445527017,22613.505739415006,372.12142136493486,Brute Force
